/*******************************************************************************
 * Size: 20 px
 * Bpp: 4
 * Opts: --no-compress --font inter/extras/ttf/Inter-Regular.ttf --size 20 --bpp 4 --range 0x20-0x7E,0xA0-0xFF,0x2013,0x2019,0x2026 --format lvgl --lv-font-name ui_font_20 -o lvfonts/ui_font_20.c
 ******************************************************************************/

#ifdef LV_LVGL_H_INCLUDE_SIMPLE
#include "lvgl.h"
#else
#include <lvgl.h>
#endif

#ifndef UI_FONT_20
#define UI_FONT_20 1
#endif

#if UI_FONT_20

/*-----------------
 *    BITMAPS
 *----------------*/

/*Store the image of the glyphs*/
static LV_ATTRIBUTE_LARGE_CONST const uint8_t glyph_bitmap[] = {
    /* U+0020 " " */

    /* U+0021 "!" */
    0x1f, 0xd0, 0x1f, 0xd0, 0x1f, 0xd0, 0x1f, 0xd0,
    0x1f, 0xc0, 0xf, 0xc0, 0xf, 0xc0, 0xf, 0xc0,
    0xf, 0xc0, 0xd, 0x90, 0x0, 0x0, 0x8, 0x60,
    0x5f, 0xf1, 0x2e, 0xc0,

    /* U+0022 "\"" */
    0xee, 0x9, 0xf3, 0xee, 0x9, 0xf3, 0xdd, 0x8,
    0xf2, 0xdd, 0x7, 0xf2, 0xcc, 0x7, 0xf1, 0x55,
    0x3, 0x80,

    /* U+0023 "#" */
    0x0, 0x0, 0xe9, 0x0, 0xc, 0xb0, 0x0, 0x0,
    0x1f, 0x50, 0x0, 0xf7, 0x0, 0x0, 0x5, 0xf2,
    0x0, 0x3f, 0x40, 0x0, 0xaf, 0xff, 0xff, 0xff,
    0xff, 0xf3, 0x5, 0x7d, 0xe7, 0x77, 0xcf, 0x77,
    0x0, 0x0, 0xca, 0x0, 0xb, 0xc0, 0x0, 0x0,
    0xf, 0x80, 0x0, 0xda, 0x0, 0x0, 0x1, 0xf6,
    0x0, 0xf, 0x80, 0x0, 0x2, 0x4f, 0x62, 0x23,
    0xf7, 0x21, 0x8, 0xff, 0xff, 0xff, 0xff, 0xff,
    0x50, 0x35, 0xbf, 0x55, 0x5a, 0xf5, 0x51, 0x0,
    0xb, 0xc0, 0x0, 0x9e, 0x0, 0x0, 0x0, 0xe9,
    0x0, 0xc, 0xb0, 0x0, 0x0, 0x1f, 0x60, 0x0,
    0xf8, 0x0, 0x0,

    /* U+0024 "$" */
    0x0, 0x0, 0x2f, 0x0, 0x0, 0x0, 0x0, 0x2,
    0xf0, 0x0, 0x0, 0x0, 0x0, 0x2f, 0x0, 0x0,
    0x0, 0x4, 0xbf, 0xff, 0xc5, 0x0, 0x8, 0xfe,
    0xbf, 0x9e, 0xf9, 0x2, 0xfd, 0x12, 0xf0, 0xc,
    0xf3, 0x6f, 0x60, 0x2f, 0x0, 0x39, 0x45, 0xf9,
    0x2, 0xf0, 0x0, 0x0, 0xd, 0xfb, 0x6f, 0x0,
    0x0, 0x0, 0x1a, 0xff, 0xfb, 0x60, 0x0, 0x0,
    0x1, 0x8f, 0xff, 0xe4, 0x0, 0x0, 0x2, 0xf0,
    0x5e, 0xf3, 0x0, 0x0, 0x2f, 0x0, 0x4f, 0x99,
    0xc1, 0x2, 0xf0, 0x3, 0xfa, 0x8f, 0xa0, 0x2f,
    0x0, 0xbf, 0x61, 0xdf, 0xea, 0xfa, 0xef, 0xb0,
    0x1, 0x8d, 0xff, 0xfc, 0x70, 0x0, 0x0, 0x2,
    0xf0, 0x0, 0x0, 0x0, 0x0, 0x2f, 0x0, 0x0,
    0x0,

    /* U+0025 "%" */
    0x9, 0xef, 0xb2, 0x0, 0x0, 0x6, 0xf3, 0x0,
    0x8f, 0x65, 0xec, 0x0, 0x0, 0x2f, 0x80, 0x0,
    0xbb, 0x0, 0x8f, 0x0, 0x0, 0xcc, 0x0, 0x0,
    0xae, 0x21, 0xcd, 0x0, 0x8, 0xf2, 0x0, 0x0,
    0x2d, 0xff, 0xe4, 0x0, 0x4f, 0x60, 0x0, 0x0,
    0x0, 0x23, 0x0, 0x1, 0xea, 0x0, 0x0, 0x0,
    0x0, 0x0, 0x0, 0xb, 0xe1, 0x0, 0x0, 0x0,
    0x0, 0x0, 0x0, 0x6f, 0x30, 0x3d, 0xfd, 0x40,
    0x0, 0x0, 0x2, 0xf8, 0x0, 0xec, 0x4b, 0xf1,
    0x0, 0x0, 0xc, 0xc0, 0x3, 0xf4, 0x2, 0xf5,
    0x0, 0x0, 0x8f, 0x20, 0x4, 0xf3, 0x1, 0xf6,
    0x0, 0x4, 0xf6, 0x0, 0x3, 0xf4, 0x3, 0xf5,
    0x0, 0x1e, 0xa0, 0x0, 0x0, 0xec, 0x5b, 0xe0,
    0x0, 0xbe, 0x10, 0x0, 0x0, 0x3c, 0xfd, 0x30,

    /* U+0026 "&" */
    0x0, 0x5c, 0xfe, 0xa1, 0x0, 0x0, 0x5, 0xfe,
    0x9a, 0xfd, 0x0, 0x0, 0xb, 0xf2, 0x0, 0xaf,
    0x30, 0x0, 0xb, 0xf0, 0x0, 0x9f, 0x20, 0x0,
    0x5, 0xf5, 0x3, 0xfa, 0x0, 0x0, 0x0, 0xae,
    0x7f, 0x90, 0x0, 0x0, 0x0, 0x8f, 0xf9, 0x0,
    0x0, 0x0, 0xb, 0xf9, 0xdf, 0x40, 0x9, 0x60,
    0x8f, 0x80, 0x1e, 0xf2, 0x1f, 0x90, 0xee, 0x0,
    0x3, 0xfe, 0x7f, 0x60, 0xee, 0x0, 0x0, 0x5f,
    0xff, 0x10, 0xaf, 0x50, 0x0, 0x1d, 0xfb, 0x0,
    0x2e, 0xfb, 0x8a, 0xff, 0xdf, 0x60, 0x1, 0x9e,
    0xfe, 0xb4, 0xd, 0xf3,

    /* U+0027 "'" */
    0xee, 0xee, 0xdd, 0xdd, 0xcc, 0x55,

    /* U+0028 "(" */
    0x0, 0x9f, 0x20, 0x2f, 0xb0, 0x8, 0xf5, 0x0,
    0xdf, 0x0, 0x1f, 0xb0, 0x6, 0xf7, 0x0, 0x9f,
    0x30, 0xb, 0xf0, 0x0, 0xdf, 0x0, 0xd, 0xe0,
    0x0, 0xcf, 0x0, 0xb, 0xf1, 0x0, 0x8f, 0x40,
    0x4, 0xf8, 0x0, 0xe, 0xe0, 0x0, 0x9f, 0x30,
    0x2, 0xfa, 0x0, 0x9, 0xf2,

    /* U+0029 ")" */
    0xd, 0xe0, 0x0, 0x7, 0xf6, 0x0, 0x1, 0xfc,
    0x0, 0x0, 0xaf, 0x10, 0x0, 0x5f, 0x60, 0x0,
    0x1f, 0xa0, 0x0, 0xe, 0xe0, 0x0, 0xc, 0xf0,
    0x0, 0xa, 0xf1, 0x0, 0xa, 0xf2, 0x0, 0xb,
    0xf1, 0x0, 0xd, 0xf0, 0x0, 0xf, 0xc0, 0x0,
    0x4f, 0x90, 0x0, 0x9f, 0x30, 0x0, 0xed, 0x0,
    0x6, 0xf6, 0x0, 0xd, 0xe0, 0x0,

    /* U+002A "*" */
    0x0, 0xa, 0xb0, 0x0, 0x32, 0xa, 0xa0, 0x23,
    0xaf, 0x89, 0xa7, 0xfa, 0x5, 0xdf, 0xfe, 0x60,
    0x3, 0xbf, 0xfc, 0x30, 0x9f, 0xaa, 0xba, 0xf9,
    0x44, 0x9, 0xa0, 0x44, 0x0, 0xa, 0xb0, 0x0,
    0x0, 0x1, 0x10, 0x0,

    /* U+002B "+" */
    0x0, 0x0, 0x16, 0x20, 0x0, 0x0, 0x0, 0x3,
    0xf7, 0x0, 0x0, 0x0, 0x0, 0x3f, 0x70, 0x0,
    0x0, 0x0, 0x3, 0xf7, 0x0, 0x0, 0x8, 0x88,
    0xaf, 0xb8, 0x88, 0x21, 0xff, 0xff, 0xff, 0xff,
    0xf5, 0x0, 0x0, 0x3f, 0x70, 0x0, 0x0, 0x0,
    0x3, 0xf7, 0x0, 0x0, 0x0, 0x0, 0x3f, 0x70,
    0x0, 0x0, 0x0, 0x3, 0xf7, 0x0, 0x0,

    /* U+002C "," */
    0x7, 0x70, 0xf, 0xd0, 0x3f, 0x90, 0x5f, 0x40,
    0x8f, 0x0, 0xab, 0x0,

    /* U+002D "-" */
    0x59, 0x99, 0x99, 0x79, 0xff, 0xff, 0xfc,

    /* U+002E "." */
    0x8, 0x60, 0x6f, 0xf2, 0x2e, 0xc0,

    /* U+002F "/" */
    0x0, 0x0, 0x7, 0x50, 0x0, 0x2, 0xf7, 0x0,
    0x0, 0x6f, 0x30, 0x0, 0xa, 0xf0, 0x0, 0x0,
    0xeb, 0x0, 0x0, 0x3f, 0x60, 0x0, 0x7, 0xf2,
    0x0, 0x0, 0xbe, 0x0, 0x0, 0xf, 0x90, 0x0,
    0x4, 0xf5, 0x0, 0x0, 0x8f, 0x10, 0x0, 0xc,
    0xd0, 0x0, 0x1, 0xf8, 0x0, 0x0, 0x5f, 0x40,
    0x0, 0x9, 0xf0, 0x0, 0x0, 0xeb, 0x0, 0x0,
    0x2f, 0x70, 0x0, 0x6, 0xf3, 0x0, 0x0,

    /* U+0030 "0" */
    0x0, 0x2a, 0xef, 0xd7, 0x0, 0x0, 0x3f, 0xfb,
    0xad, 0xfb, 0x0, 0xd, 0xf4, 0x0, 0xa, 0xf7,
    0x4, 0xf9, 0x0, 0x0, 0x1f, 0xe0, 0x8f, 0x40,
    0x0, 0x0, 0xaf, 0x2b, 0xf1, 0x0, 0x0, 0x7,
    0xf5, 0xcf, 0x0, 0x0, 0x0, 0x6f, 0x6c, 0xf0,
    0x0, 0x0, 0x6, 0xf6, 0xbf, 0x10, 0x0, 0x0,
    0x7f, 0x59, 0xf4, 0x0, 0x0, 0xa, 0xf2, 0x4f,
    0x90, 0x0, 0x1, 0xfe, 0x0, 0xdf, 0x40, 0x0,
    0xaf, 0x70, 0x3, 0xff, 0xba, 0xdf, 0xb0, 0x0,
    0x2, 0xae, 0xfd, 0x70, 0x0,

    /* U+0031 "1" */
    0x0, 0x9, 0xff, 0x60, 0x2d, 0xfe, 0xf6, 0xf,
    0xe5, 0x7f, 0x61, 0xb1, 0x7, 0xf6, 0x0, 0x0,
    0x7f, 0x60, 0x0, 0x7, 0xf6, 0x0, 0x0, 0x7f,
    0x60, 0x0, 0x7, 0xf6, 0x0, 0x0, 0x7f, 0x60,
    0x0, 0x7, 0xf6, 0x0, 0x0, 0x7f, 0x60, 0x0,
    0x7, 0xf6, 0x0, 0x0, 0x7f, 0x60, 0x0, 0x7,
    0xf6,

    /* U+0032 "2" */
    0x0, 0x4b, 0xff, 0xc6, 0x0, 0x7, 0xff, 0xaa,
    0xef, 0x90, 0x1f, 0xd1, 0x0, 0xc, 0xf3, 0x5f,
    0x70, 0x0, 0x5, 0xf7, 0x12, 0x0, 0x0, 0x5,
    0xf7, 0x0, 0x0, 0x0, 0xb, 0xf2, 0x0, 0x0,
    0x0, 0x8f, 0x80, 0x0, 0x0, 0x6, 0xfb, 0x0,
    0x0, 0x0, 0x6f, 0xc0, 0x0, 0x0, 0x6, 0xfc,
    0x0, 0x0, 0x0, 0x6f, 0xc1, 0x0, 0x0, 0x5,
    0xfc, 0x10, 0x0, 0x0, 0x4f, 0xfc, 0xbb, 0xbb,
    0xb8, 0x8f, 0xff, 0xff, 0xff, 0xfc,

    /* U+0033 "3" */
    0x0, 0x5b, 0xef, 0xd8, 0x10, 0x0, 0xaf, 0xeb,
    0xad, 0xfd, 0x10, 0x4f, 0xb1, 0x0, 0x9, 0xf7,
    0x2, 0x52, 0x0, 0x0, 0x3f, 0x90, 0x0, 0x0,
    0x0, 0xa, 0xf5, 0x0, 0x0, 0x29, 0xae, 0xf7,
    0x0, 0x0, 0x3, 0xff, 0xfb, 0x40, 0x0, 0x0,
    0x0, 0x14, 0xdf, 0x60, 0x0, 0x0, 0x0, 0x1,
    0xfe, 0x0, 0x0, 0x0, 0x0, 0xb, 0xf1, 0xaf,
    0x30, 0x0, 0x0, 0xdf, 0x6, 0xfc, 0x10, 0x0,
    0x7f, 0xb0, 0xb, 0xff, 0xba, 0xdf, 0xe1, 0x0,
    0x6, 0xcf, 0xfd, 0x81, 0x0,

    /* U+0034 "4" */
    0x0, 0x0, 0x0, 0xcf, 0xc0, 0x0, 0x0, 0x0,
    0x7f, 0xfc, 0x0, 0x0, 0x0, 0x2f, 0xbf, 0xc0,
    0x0, 0x0, 0xc, 0xe1, 0xfc, 0x0, 0x0, 0x7,
    0xf6, 0xf, 0xc0, 0x0, 0x2, 0xfb, 0x0, 0xfc,
    0x0, 0x0, 0xcf, 0x10, 0xf, 0xc0, 0x0, 0x7f,
    0x60, 0x0, 0xfc, 0x0, 0x3f, 0xb0, 0x0, 0xf,
    0xc0, 0xb, 0xfb, 0xaa, 0xaa, 0xfe, 0xa7, 0xdf,
    0xff, 0xff, 0xff, 0xff, 0xc0, 0x0, 0x0, 0x0,
    0xfc, 0x0, 0x0, 0x0, 0x0, 0xf, 0xc0, 0x0,
    0x0, 0x0, 0x0, 0xfc, 0x0,

    /* U+0035 "5" */
    0xb, 0xff, 0xff, 0xff, 0xf0, 0xd, 0xfa, 0xaa,
    0xaa, 0x90, 0xf, 0xc0, 0x0, 0x0, 0x0, 0x2f,
    0xa0, 0x0, 0x0, 0x0, 0x4f, 0x84, 0x89, 0x50,
    0x0, 0x6f, 0xff, 0xff, 0xfd, 0x20, 0x4a, 0x93,
    0x2, 0x9f, 0xd0, 0x0, 0x0, 0x0, 0xa, 0xf5,
    0x0, 0x0, 0x0, 0x3, 0xf9, 0x0, 0x0, 0x0,
    0x2, 0xfa, 0x8d, 0x20, 0x0, 0x6, 0xf7, 0x6f,
    0xb0, 0x0, 0x2e, 0xf1, 0xb, 0xfe, 0xab, 0xff,
    0x60, 0x0, 0x7d, 0xfe, 0xb3, 0x0,

    /* U+0036 "6" */
    0x0, 0x18, 0xdf, 0xea, 0x20, 0x0, 0x1d, 0xfc,
    0xac, 0xff, 0x30, 0xa, 0xf5, 0x0, 0x4, 0xfc,
    0x2, 0xf9, 0x0, 0x0, 0x4, 0x50, 0x7f, 0x31,
    0x68, 0x72, 0x0, 0xa, 0xf4, 0xef, 0xff, 0xf8,
    0x0, 0xcf, 0xfa, 0x20, 0x4d, 0xf6, 0xc, 0xfb,
    0x0, 0x0, 0x1f, 0xe0, 0xcf, 0x50, 0x0, 0x0,
    0xaf, 0x2a, 0xf4, 0x0, 0x0, 0x9, 0xf2, 0x6f,
    0x80, 0x0, 0x0, 0xdf, 0x0, 0xef, 0x40, 0x0,
    0x9f, 0x90, 0x4, 0xff, 0xca, 0xdf, 0xd1, 0x0,
    0x3, 0xae, 0xfd, 0x80, 0x0,

    /* U+0037 "7" */
    0xf, 0xff, 0xff, 0xff, 0xff, 0x50, 0xbb, 0xbb,
    0xbb, 0xbe, 0xf5, 0x0, 0x0, 0x0, 0x1, 0xfe,
    0x0, 0x0, 0x0, 0x0, 0x8f, 0x60, 0x0, 0x0,
    0x0, 0x1f, 0xd0, 0x0, 0x0, 0x0, 0x9, 0xf5,
    0x0, 0x0, 0x0, 0x2, 0xfd, 0x0, 0x0, 0x0,
    0x0, 0xaf, 0x50, 0x0, 0x0, 0x0, 0x2f, 0xc0,
    0x0, 0x0, 0x0, 0xa, 0xf4, 0x0, 0x0, 0x0,
    0x3, 0xfb, 0x0, 0x0, 0x0, 0x0, 0xbf, 0x30,
    0x0, 0x0, 0x0, 0x4f, 0xb0, 0x0, 0x0, 0x0,
    0xc, 0xf2, 0x0, 0x0, 0x0,

    /* U+0038 "8" */
    0x0, 0x5b, 0xef, 0xd8, 0x0, 0x0, 0x8f, 0xea,
    0x9d, 0xfd, 0x0, 0x1f, 0xd1, 0x0, 0x9, 0xf7,
    0x3, 0xf9, 0x0, 0x0, 0x3f, 0x90, 0xe, 0xd0,
    0x0, 0x9, 0xf5, 0x0, 0x4e, 0xea, 0x9d, 0xf8,
    0x0, 0x2, 0xaf, 0xff, 0xfd, 0x50, 0x1, 0xef,
    0x71, 0x4, 0xdf, 0x50, 0x8f, 0x60, 0x0, 0x1,
    0xfe, 0xc, 0xf1, 0x0, 0x0, 0xb, 0xf2, 0xbf,
    0x20, 0x0, 0x0, 0xdf, 0x16, 0xfb, 0x0, 0x0,
    0x6f, 0xc0, 0xb, 0xfe, 0xaa, 0xdf, 0xe2, 0x0,
    0x6, 0xcf, 0xfd, 0x81, 0x0,

    /* U+0039 "9" */
    0x0, 0x5c, 0xef, 0xc6, 0x0, 0x0, 0x9f, 0xfb,
    0xae, 0xfa, 0x0, 0x5f, 0xc1, 0x0, 0xa, 0xf5,
    0xb, 0xf3, 0x0, 0x0, 0xf, 0xc0, 0xcf, 0x0,
    0x0, 0x0, 0xdf, 0x9, 0xf5, 0x0, 0x0, 0x3f,
    0xf2, 0x3f, 0xf6, 0x10, 0x5e, 0xff, 0x30, 0x5f,
    0xff, 0xff, 0x99, 0xf2, 0x0, 0x16, 0x98, 0x30,
    0xaf, 0x10, 0x0, 0x0, 0x0, 0xe, 0xe0, 0x9f,
    0x50, 0x0, 0x4, 0xf9, 0x3, 0xfd, 0x10, 0x2,
    0xef, 0x20, 0x8, 0xfe, 0xbb, 0xff, 0x50, 0x0,
    0x5, 0xcf, 0xfb, 0x30, 0x0,

    /* U+003A ":" */
    0x8, 0x60, 0x5f, 0xf2, 0x2e, 0xc0, 0x0, 0x0,
    0x0, 0x0, 0x0, 0x0, 0x0, 0x0, 0x0, 0x0,
    0x8, 0x60, 0x6f, 0xf2, 0x2e, 0xc0,

    /* U+003B ";" */
    0xc, 0xe2, 0x1f, 0xf6, 0x5, 0x80, 0x0, 0x0,
    0x0, 0x0, 0x0, 0x0, 0x0, 0x0, 0x0, 0x0,
    0x7, 0x70, 0xf, 0xd0, 0x3f, 0x90, 0x5f, 0x40,
    0x8f, 0x0, 0xab, 0x0,

    /* U+003C "<" */
    0x0, 0x0, 0x0, 0x0, 0x29, 0x0, 0x0, 0x0,
    0x2a, 0xfe, 0x0, 0x0, 0x2a, 0xff, 0xb3, 0x0,
    0x2a, 0xff, 0xa2, 0x0, 0x1a, 0xff, 0x91, 0x0,
    0x0, 0x4f, 0xf6, 0x0, 0x0, 0x0, 0x5, 0xdf,
    0xd6, 0x0, 0x0, 0x0, 0x5, 0xdf, 0xe7, 0x0,
    0x0, 0x0, 0x5, 0xdf, 0xe7, 0x0, 0x0, 0x0,
    0x5, 0xde, 0x0, 0x0, 0x0, 0x0, 0x5,

    /* U+003D "=" */
    0xcf, 0xff, 0xff, 0xff, 0xf0, 0x79, 0x99, 0x99,
    0x99, 0x90, 0x0, 0x0, 0x0, 0x0, 0x0, 0x0,
    0x0, 0x0, 0x0, 0x0, 0x79, 0x99, 0x99, 0x99,
    0x90, 0xcf, 0xff, 0xff, 0xff, 0xf0,

    /* U+003E ">" */
    0x74, 0x0, 0x0, 0x0, 0x0, 0xbf, 0xc4, 0x0,
    0x0, 0x0, 0x19, 0xff, 0xc4, 0x0, 0x0, 0x0,
    0x18, 0xff, 0xc4, 0x0, 0x0, 0x0, 0x7, 0xef,
    0xc3, 0x0, 0x0, 0x0, 0x4e, 0xf8, 0x0, 0x0,
    0x4c, 0xfe, 0x70, 0x0, 0x5d, 0xfe, 0x70, 0x0,
    0x5d, 0xfe, 0x70, 0x0, 0x0, 0xbe, 0x70, 0x0,
    0x0, 0x0, 0x40, 0x0, 0x0, 0x0, 0x0,

    /* U+003F "?" */
    0x0, 0x4b, 0xff, 0xc5, 0x0, 0x6, 0xff, 0xa9,
    0xef, 0x70, 0xe, 0xf2, 0x0, 0x1e, 0xf0, 0x1a,
    0x70, 0x0, 0x9, 0xf3, 0x0, 0x0, 0x0, 0xc,
    0xf1, 0x0, 0x0, 0x0, 0xaf, 0xa0, 0x0, 0x0,
    0x3e, 0xfa, 0x0, 0x0, 0x0, 0xef, 0x50, 0x0,
    0x0, 0x2, 0xfa, 0x0, 0x0, 0x0, 0x2, 0x95,
    0x0, 0x0, 0x0, 0x0, 0x0, 0x0, 0x0, 0x0,
    0x1, 0x84, 0x0, 0x0, 0x0, 0x9, 0xfe, 0x0,
    0x0, 0x0, 0x5, 0xf9, 0x0, 0x0,

    /* U+0040 "@" */
    0x0, 0x0, 0x0, 0x0, 0x10, 0x0, 0x0, 0x0,
    0x0, 0x0, 0x0, 0x28, 0xdf, 0xff, 0xfb, 0x60,
    0x0, 0x0, 0x0, 0x7, 0xff, 0xa7, 0x55, 0x7b,
    0xfd, 0x20, 0x0, 0x0, 0x9f, 0xb1, 0x0, 0x0,
    0x0, 0x3d, 0xf2, 0x0, 0x5, 0xf9, 0x0, 0x0,
    0x0, 0x0, 0x1, 0xed, 0x0, 0xe, 0xd0, 0x0,
    0x0, 0x10, 0x2, 0x10, 0x4f, 0x60, 0x5f, 0x70,
    0x0, 0x9f, 0xff, 0x7f, 0x80, 0xd, 0xc0, 0x9f,
    0x10, 0xb, 0xf8, 0x58, 0xff, 0x80, 0x9, 0xf0,
    0xbf, 0x0, 0x4f, 0x60, 0x0, 0x4f, 0x80, 0x7,
    0xf1, 0xcd, 0x0, 0x8f, 0x0, 0x0, 0xf, 0x80,
    0x6, 0xf1, 0xcd, 0x0, 0x9f, 0x0, 0x0, 0xf,
    0x80, 0x7, 0xf0, 0xbf, 0x0, 0x7f, 0x10, 0x0,
    0x1f, 0x80, 0x9, 0xe0, 0x8f, 0x20, 0x3f, 0x70,
    0x0, 0x7f, 0x90, 0xc, 0xa0, 0x4f, 0x60, 0xa,
    0xf8, 0x69, 0xee, 0xf7, 0x9f, 0x40, 0xe, 0xe0,
    0x0, 0x8e, 0xfc, 0x23, 0xbf, 0xe7, 0x0, 0x5,
    0xfa, 0x0, 0x0, 0x0, 0x0, 0x0, 0x0, 0x0,
    0x0, 0x9f, 0xb2, 0x0, 0x0, 0x0, 0x0, 0x0,
    0x0, 0x0, 0x6, 0xff, 0xc8, 0x76, 0x8b, 0xf3,
    0x0, 0x0, 0x0, 0x0, 0x16, 0xbe, 0xff, 0xeb,
    0x81, 0x0, 0x0,

    /* U+0041 "A" */
    0x0, 0x0, 0x6, 0xff, 0x20, 0x0, 0x0, 0x0,
    0x0, 0xc, 0xef, 0x80, 0x0, 0x0, 0x0, 0x0,
    0x2f, 0x8c, 0xe0, 0x0, 0x0, 0x0, 0x0, 0x8f,
    0x37, 0xf4, 0x0, 0x0, 0x0, 0x0, 0xed, 0x2,
    0xfa, 0x0, 0x0, 0x0, 0x4, 0xf8, 0x0, 0xcf,
    0x10, 0x0, 0x0, 0xa, 0xf2, 0x0, 0x6f, 0x60,
    0x0, 0x0, 0x1f, 0xc0, 0x0, 0x1f, 0xc0, 0x0,
    0x0, 0x6f, 0xd9, 0x99, 0x9e, 0xf3, 0x0, 0x0,
    0xcf, 0xff, 0xff, 0xff, 0xf9, 0x0, 0x2, 0xfb,
    0x0, 0x0, 0x0, 0xee, 0x0, 0x8, 0xf5, 0x0,
    0x0, 0x0, 0x9f, 0x50, 0xe, 0xf0, 0x0, 0x0,
    0x0, 0x3f, 0xb0, 0x4f, 0xa0, 0x0, 0x0, 0x0,
    0xd, 0xf1,

    /* U+0042 "B" */
    0x3f, 0xff, 0xff, 0xfc, 0x60, 0x3, 0xfd, 0xaa,
    0xab, 0xef, 0xa0, 0x3f, 0x90, 0x0, 0x1, 0xdf,
    0x23, 0xf9, 0x0, 0x0, 0x7, 0xf5, 0x3f, 0x90,
    0x0, 0x0, 0x9f, 0x43, 0xf9, 0x0, 0x1, 0x7f,
    0xa0, 0x3f, 0xff, 0xff, 0xff, 0x80, 0x3, 0xfd,
    0x99, 0x99, 0xdf, 0xb0, 0x3f, 0x90, 0x0, 0x0,
    0x8f, 0x83, 0xf9, 0x0, 0x0, 0x0, 0xfd, 0x3f,
    0x90, 0x0, 0x0, 0xe, 0xe3, 0xf9, 0x0, 0x0,
    0x6, 0xfb, 0x3f, 0xda, 0xaa, 0xad, 0xff, 0x33,
    0xff, 0xff, 0xff, 0xd9, 0x20,

    /* U+0043 "C" */
    0x0, 0x3, 0xad, 0xfe, 0xb5, 0x0, 0x0, 0x8,
    0xff, 0xdb, 0xcf, 0xfb, 0x0, 0x7, 0xfd, 0x30,
    0x0, 0x1a, 0xfa, 0x1, 0xfe, 0x10, 0x0, 0x0,
    0xc, 0xf3, 0x6f, 0x70, 0x0, 0x0, 0x0, 0x38,
    0x3a, 0xf2, 0x0, 0x0, 0x0, 0x0, 0x0, 0xcf,
    0x0, 0x0, 0x0, 0x0, 0x0, 0xc, 0xf0, 0x0,
    0x0, 0x0, 0x0, 0x0, 0xaf, 0x20, 0x0, 0x0,
    0x0, 0x0, 0x6, 0xf7, 0x0, 0x0, 0x0, 0x3,
    0x83, 0x1f, 0xe1, 0x0, 0x0, 0x0, 0xcf, 0x30,
    0x7f, 0xd3, 0x0, 0x1, 0xaf, 0xa0, 0x0, 0x8f,
    0xfd, 0xbc, 0xff, 0xb0, 0x0, 0x0, 0x3a, 0xdf,
    0xeb, 0x50, 0x0,

    /* U+0044 "D" */
    0x3f, 0xff, 0xff, 0xeb, 0x60, 0x0, 0x3, 0xfd,
    0xaa, 0xab, 0xff, 0xd2, 0x0, 0x3f, 0x90, 0x0,
    0x0, 0x8f, 0xd0, 0x3, 0xf9, 0x0, 0x0, 0x0,
    0x8f, 0x80, 0x3f, 0x90, 0x0, 0x0, 0x0, 0xfe,
    0x3, 0xf9, 0x0, 0x0, 0x0, 0xb, 0xf1, 0x3f,
    0x90, 0x0, 0x0, 0x0, 0x9f, 0x33, 0xf9, 0x0,
    0x0, 0x0, 0x9, 0xf3, 0x3f, 0x90, 0x0, 0x0,
    0x0, 0xbf, 0x13, 0xf9, 0x0, 0x0, 0x0, 0xf,
    0xd0, 0x3f, 0x90, 0x0, 0x0, 0x8, 0xf8, 0x3,
    0xf9, 0x0, 0x0, 0x8, 0xfd, 0x0, 0x3f, 0xda,
    0xaa, 0xbf, 0xfc, 0x20, 0x3, 0xff, 0xff, 0xfe,
    0xb5, 0x0, 0x0,

    /* U+0045 "E" */
    0x3f, 0xff, 0xff, 0xff, 0xfa, 0x3f, 0xda, 0xaa,
    0xaa, 0xa6, 0x3f, 0x90, 0x0, 0x0, 0x0, 0x3f,
    0x90, 0x0, 0x0, 0x0, 0x3f, 0x90, 0x0, 0x0,
    0x0, 0x3f, 0x90, 0x0, 0x0, 0x0, 0x3f, 0xff,
    0xff, 0xff, 0xf2, 0x3f, 0xda, 0xaa, 0xaa, 0xa1,
    0x3f, 0x90, 0x0, 0x0, 0x0, 0x3f, 0x90, 0x0,
    0x0, 0x0, 0x3f, 0x90, 0x0, 0x0, 0x0, 0x3f,
    0x90, 0x0, 0x0, 0x0, 0x3f, 0xda, 0xaa, 0xaa,
    0xa7, 0x3f, 0xff, 0xff, 0xff, 0xfb,

    /* U+0046 "F" */
    0x3f, 0xff, 0xff, 0xff, 0xf9, 0x3f, 0xda, 0xaa,
    0xaa, 0xa5, 0x3f, 0x90, 0x0, 0x0, 0x0, 0x3f,
    0x90, 0x0, 0x0, 0x0, 0x3f, 0x90, 0x0, 0x0,
    0x0, 0x3f, 0x90, 0x0, 0x0, 0x0, 0x3f, 0xff,
    0xff, 0xff, 0xe0, 0x3f, 0xda, 0xaa, 0xaa, 0x90,
    0x3f, 0x90, 0x0, 0x0, 0x0, 0x3f, 0x90, 0x0,
    0x0, 0x0, 0x3f, 0x90, 0x0, 0x0, 0x0, 0x3f,
    0x90, 0x0, 0x0, 0x0, 0x3f, 0x90, 0x0, 0x0,
    0x0, 0x3f, 0x90, 0x0, 0x0, 0x0,

    /* U+0047 "G" */
    0x0, 0x3, 0xad, 0xfe, 0xb6, 0x0, 0x0, 0x8,
    0xff, 0xdb, 0xdf, 0xfc, 0x10, 0x7, 0xfd, 0x30,
    0x0, 0x1a, 0xfc, 0x1, 0xfe, 0x10, 0x0, 0x0,
    0xb, 0xf5, 0x7f, 0x70, 0x0, 0x0, 0x0, 0x13,
    0x1a, 0xf2, 0x0, 0x0, 0x0, 0x0, 0x0, 0xcf,
    0x0, 0x0, 0x8, 0x99, 0x99, 0x6c, 0xf0, 0x0,
    0x0, 0xef, 0xff, 0xfa, 0xaf, 0x20, 0x0, 0x0,
    0x0, 0x3f, 0x97, 0xf7, 0x0, 0x0, 0x0, 0x6,
    0xf7, 0x1f, 0xe1, 0x0, 0x0, 0x0, 0xdf, 0x20,
    0x7f, 0xd3, 0x0, 0x1, 0xbf, 0xa0, 0x0, 0x8f,
    0xfd, 0xbc, 0xff, 0xb0, 0x0, 0x0, 0x3a, 0xdf,
    0xeb, 0x50, 0x0,

    /* U+0048 "H" */
    0x3f, 0x90, 0x0, 0x0, 0x0, 0xcf, 0x13, 0xf9,
    0x0, 0x0, 0x0, 0xc, 0xf1, 0x3f, 0x90, 0x0,
    0x0, 0x0, 0xcf, 0x13, 0xf9, 0x0, 0x0, 0x0,
    0xc, 0xf1, 0x3f, 0x90, 0x0, 0x0, 0x0, 0xcf,
    0x13, 0xf9, 0x0, 0x0, 0x0, 0xc, 0xf1, 0x3f,
    0xff, 0xff, 0xff, 0xff, 0xff, 0x13, 0xfd, 0xaa,
    0xaa, 0xaa, 0xae, 0xf1, 0x3f, 0x90, 0x0, 0x0,
    0x0, 0xcf, 0x13, 0xf9, 0x0, 0x0, 0x0, 0xc,
    0xf1, 0x3f, 0x90, 0x0, 0x0, 0x0, 0xcf, 0x13,
    0xf9, 0x0, 0x0, 0x0, 0xc, 0xf1, 0x3f, 0x90,
    0x0, 0x0, 0x0, 0xcf, 0x13, 0xf9, 0x0, 0x0,
    0x0, 0xc, 0xf1,

    /* U+0049 "I" */
    0x3f, 0x93, 0xf9, 0x3f, 0x93, 0xf9, 0x3f, 0x93,
    0xf9, 0x3f, 0x93, 0xf9, 0x3f, 0x93, 0xf9, 0x3f,
    0x93, 0xf9, 0x3f, 0x93, 0xf9,

    /* U+004A "J" */
    0x0, 0x0, 0x0, 0x3, 0xfa, 0x0, 0x0, 0x0,
    0x3, 0xfa, 0x0, 0x0, 0x0, 0x3, 0xfa, 0x0,
    0x0, 0x0, 0x3, 0xfa, 0x0, 0x0, 0x0, 0x3,
    0xfa, 0x0, 0x0, 0x0, 0x3, 0xfa, 0x0, 0x0,
    0x0, 0x3, 0xfa, 0x0, 0x0, 0x0, 0x3, 0xfa,
    0x0, 0x0, 0x0, 0x3, 0xfa, 0xe, 0xc0, 0x0,
    0x3, 0xfa, 0xf, 0xe0, 0x0, 0x5, 0xf9, 0xb,
    0xf6, 0x0, 0xb, 0xf5, 0x3, 0xff, 0xca, 0xef,
    0xc0, 0x0, 0x2a, 0xef, 0xd8, 0x0,

    /* U+004B "K" */
    0x3f, 0x90, 0x0, 0x0, 0x2e, 0xf6, 0x3f, 0x90,
    0x0, 0x1, 0xef, 0x60, 0x3f, 0x90, 0x0, 0x1d,
    0xf7, 0x0, 0x3f, 0x90, 0x1, 0xdf, 0x70, 0x0,
    0x3f, 0x90, 0x1d, 0xf8, 0x0, 0x0, 0x3f, 0x90,
    0xcf, 0x80, 0x0, 0x0, 0x3f, 0x9a, 0xff, 0x50,
    0x0, 0x0, 0x3f, 0xff, 0x9f, 0xe2, 0x0, 0x0,
    0x3f, 0xf8, 0x5, 0xfc, 0x0, 0x0, 0x3f, 0xb0,
    0x0, 0xaf, 0x80, 0x0, 0x3f, 0x90, 0x0, 0xd,
    0xf4, 0x0, 0x3f, 0x90, 0x0, 0x3, 0xfe, 0x10,
    0x3f, 0x90, 0x0, 0x0, 0x6f, 0xc0, 0x3f, 0x90,
    0x0, 0x0, 0xa, 0xf8,

    /* U+004C "L" */
    0x3f, 0x90, 0x0, 0x0, 0x0, 0x3f, 0x90, 0x0,
    0x0, 0x0, 0x3f, 0x90, 0x0, 0x0, 0x0, 0x3f,
    0x90, 0x0, 0x0, 0x0, 0x3f, 0x90, 0x0, 0x0,
    0x0, 0x3f, 0x90, 0x0, 0x0, 0x0, 0x3f, 0x90,
    0x0, 0x0, 0x0, 0x3f, 0x90, 0x0, 0x0, 0x0,
    0x3f, 0x90, 0x0, 0x0, 0x0, 0x3f, 0x90, 0x0,
    0x0, 0x0, 0x3f, 0x90, 0x0, 0x0, 0x0, 0x3f,
    0x90, 0x0, 0x0, 0x0, 0x3f, 0xda, 0xaa, 0xaa,
    0xa3, 0x3f, 0xff, 0xff, 0xff, 0xf5,

    /* U+004D "M" */
    0x3f, 0xf9, 0x0, 0x0, 0x0, 0x0, 0x8f, 0xf5,
    0x3f, 0xff, 0x0, 0x0, 0x0, 0x0, 0xef, 0xf5,
    0x3f, 0xdf, 0x60, 0x0, 0x0, 0x5, 0xfc, 0xf5,
    0x3f, 0x8f, 0xd0, 0x0, 0x0, 0xb, 0xf8, 0xf5,
    0x3f, 0x8a, 0xf3, 0x0, 0x0, 0x2f, 0xa8, 0xf5,
    0x3f, 0x84, 0xfa, 0x0, 0x0, 0x8f, 0x48, 0xf5,
    0x3f, 0x80, 0xdf, 0x10, 0x0, 0xee, 0x8, 0xf5,
    0x3f, 0x80, 0x7f, 0x70, 0x5, 0xf7, 0x8, 0xf5,
    0x3f, 0x80, 0x1f, 0xd0, 0xb, 0xf1, 0x8, 0xf5,
    0x3f, 0x80, 0xa, 0xf3, 0x2f, 0xa0, 0x8, 0xf5,
    0x3f, 0x80, 0x3, 0xf9, 0x7f, 0x40, 0x8, 0xf5,
    0x3f, 0x80, 0x0, 0xde, 0xcd, 0x0, 0x8, 0xf5,
    0x3f, 0x80, 0x0, 0x6f, 0xf7, 0x0, 0x8, 0xf5,
    0x3f, 0x80, 0x0, 0xf, 0xf1, 0x0, 0x8, 0xf5,

    /* U+004E "N" */
    0x3f, 0xf4, 0x0, 0x0, 0x0, 0x8f, 0x53, 0xff,
    0xe0, 0x0, 0x0, 0x8, 0xf5, 0x3f, 0xcf, 0x90,
    0x0, 0x0, 0x8f, 0x53, 0xf8, 0xbf, 0x40, 0x0,
    0x8, 0xf5, 0x3f, 0x92, 0xfd, 0x0, 0x0, 0x8f,
    0x53, 0xf9, 0x8, 0xf9, 0x0, 0x8, 0xf5, 0x3f,
    0x90, 0xd, 0xf3, 0x0, 0x8f, 0x53, 0xfa, 0x0,
    0x3f, 0xd0, 0x8, 0xf5, 0x3f, 0xa0, 0x0, 0x8f,
    0x80, 0x8f, 0x53, 0xfa, 0x0, 0x0, 0xdf, 0x38,
    0xf5, 0x3f, 0xa0, 0x0, 0x3, 0xfc, 0x8f, 0x53,
    0xfa, 0x0, 0x0, 0x8, 0xfc, 0xf5, 0x3f, 0xa0,
    0x0, 0x0, 0xd, 0xff, 0x53, 0xfa, 0x0, 0x0,
    0x0, 0x3f, 0xf5,

    /* U+004F "O" */
    0x0, 0x3, 0xad, 0xfe, 0xb5, 0x0, 0x0, 0x0,
    0x8f, 0xfd, 0xbc, 0xff, 0xb1, 0x0, 0x6, 0xfd,
    0x30, 0x0, 0x1b, 0xfb, 0x0, 0x1f, 0xe1, 0x0,
    0x0, 0x0, 0xbf, 0x50, 0x6f, 0x70, 0x0, 0x0,
    0x0, 0x3f, 0xb0, 0xaf, 0x20, 0x0, 0x0, 0x0,
    0xe, 0xf0, 0xcf, 0x0, 0x0, 0x0, 0x0, 0xc,
    0xf0, 0xcf, 0x0, 0x0, 0x0, 0x0, 0xc, 0xf0,
    0xaf, 0x20, 0x0, 0x0, 0x0, 0xd, 0xf0, 0x6f,
    0x70, 0x0, 0x0, 0x0, 0x2f, 0xb0, 0x1f, 0xe1,
    0x0, 0x0, 0x0, 0xbf, 0x50, 0x6, 0xfd, 0x30,
    0x0, 0x1b, 0xfb, 0x0, 0x0, 0x8f, 0xfd, 0xbc,
    0xff, 0xb1, 0x0, 0x0, 0x3, 0xad, 0xfe, 0xb5,
    0x0, 0x0,

    /* U+0050 "P" */
    0x3f, 0xff, 0xff, 0xec, 0x60, 0x3, 0xfd, 0xaa,
    0xab, 0xef, 0xa0, 0x3f, 0x90, 0x0, 0x0, 0xcf,
    0x53, 0xf9, 0x0, 0x0, 0x4, 0xf9, 0x3f, 0x90,
    0x0, 0x0, 0x3f, 0xa3, 0xf9, 0x0, 0x0, 0x7,
    0xf8, 0x3f, 0x90, 0x0, 0x16, 0xff, 0x23, 0xff,
    0xff, 0xff, 0xff, 0x50, 0x3f, 0xda, 0xa9, 0x86,
    0x10, 0x3, 0xf9, 0x0, 0x0, 0x0, 0x0, 0x3f,
    0x90, 0x0, 0x0, 0x0, 0x3, 0xf9, 0x0, 0x0,
    0x0, 0x0, 0x3f, 0x90, 0x0, 0x0, 0x0, 0x3,
    0xf9, 0x0, 0x0, 0x0, 0x0,

    /* U+0051 "Q" */
    0x0, 0x3, 0xad, 0xfe, 0xb5, 0x0, 0x0, 0x0,
    0x8f, 0xfd, 0xbc, 0xff, 0xb1, 0x0, 0x6, 0xfd,
    0x30, 0x0, 0x1b, 0xfb, 0x0, 0x1f, 0xe1, 0x0,
    0x0, 0x0, 0xbf, 0x50, 0x6f, 0x70, 0x0, 0x0,
    0x0, 0x2f, 0xb0, 0xaf, 0x20, 0x0, 0x0, 0x0,
    0xd, 0xf0, 0xcf, 0x0, 0x0, 0x0, 0x0, 0xc,
    0xf0, 0xcf, 0x0, 0x0, 0x0, 0x0, 0xc, 0xf0,
    0xaf, 0x20, 0x0, 0x0, 0x0, 0xd, 0xf0, 0x6f,
    0x70, 0x0, 0x67, 0x10, 0x2f, 0xb0, 0x1f, 0xe1,
    0x0, 0x2f, 0xc0, 0xbf, 0x40, 0x6, 0xfd, 0x30,
    0x5, 0xfe, 0xfb, 0x0, 0x0, 0x8f, 0xfd, 0xbd,
    0xff, 0xc0, 0x0, 0x0, 0x3, 0xad, 0xfe, 0xbc,
    0xf3, 0x0, 0x0, 0x0, 0x0, 0x0, 0x1, 0xde,
    0x10,

    /* U+0052 "R" */
    0x3f, 0xff, 0xff, 0xec, 0x60, 0x0, 0x3f, 0xda,
    0xaa, 0xbf, 0xfa, 0x0, 0x3f, 0x90, 0x0, 0x1,
    0xcf, 0x50, 0x3f, 0x90, 0x0, 0x0, 0x4f, 0x90,
    0x3f, 0x90, 0x0, 0x0, 0x3f, 0xa0, 0x3f, 0x90,
    0x0, 0x0, 0x6f, 0x80, 0x3f, 0x90, 0x0, 0x16,
    0xef, 0x20, 0x3f, 0xff, 0xff, 0xff, 0xf5, 0x0,
    0x3f, 0xda, 0xaa, 0xef, 0x30, 0x0, 0x3f, 0x90,
    0x0, 0x6f, 0xb0, 0x0, 0x3f, 0x90, 0x0, 0xd,
    0xf4, 0x0, 0x3f, 0x90, 0x0, 0x4, 0xfd, 0x0,
    0x3f, 0x90, 0x0, 0x0, 0xbf, 0x60, 0x3f, 0x90,
    0x0, 0x0, 0x2f, 0xe0,

    /* U+0053 "S" */
    0x0, 0x4a, 0xef, 0xeb, 0x40, 0x0, 0x7f, 0xfc,
    0xac, 0xff, 0x80, 0x2f, 0xd2, 0x0, 0x2, 0xdf,
    0x36, 0xf6, 0x0, 0x0, 0x4, 0xa4, 0x5f, 0x80,
    0x0, 0x0, 0x0, 0x0, 0xdf, 0xa3, 0x0, 0x0,
    0x0, 0x1, 0x9f, 0xfe, 0xa5, 0x0, 0x0, 0x0,
    0x15, 0xae, 0xfe, 0x40, 0x0, 0x0, 0x0, 0x4,
    0xdf, 0x30, 0x0, 0x0, 0x0, 0x3, 0xf9, 0xad,
    0x10, 0x0, 0x0, 0x3f, 0xa7, 0xfb, 0x10, 0x0,
    0x2d, 0xf5, 0xc, 0xff, 0xca, 0xcf, 0xfa, 0x0,
    0x6, 0xcf, 0xfe, 0xb5, 0x0,

    /* U+0054 "T" */
    0xf, 0xff, 0xff, 0xff, 0xff, 0xff, 0xa, 0xaa,
    0xac, 0xfc, 0xaa, 0xa9, 0x0, 0x0, 0x7, 0xf6,
    0x0, 0x0, 0x0, 0x0, 0x7, 0xf6, 0x0, 0x0,
    0x0, 0x0, 0x7, 0xf6, 0x0, 0x0, 0x0, 0x0,
    0x7, 0xf6, 0x0, 0x0, 0x0, 0x0, 0x7, 0xf6,
    0x0, 0x0, 0x0, 0x0, 0x7, 0xf6, 0x0, 0x0,
    0x0, 0x0, 0x7, 0xf6, 0x0, 0x0, 0x0, 0x0,
    0x7, 0xf6, 0x0, 0x0, 0x0, 0x0, 0x7, 0xf6,
    0x0, 0x0, 0x0, 0x0, 0x7, 0xf6, 0x0, 0x0,
    0x0, 0x0, 0x7, 0xf6, 0x0, 0x0, 0x0, 0x0,
    0x7, 0xf6, 0x0, 0x0,

    /* U+0055 "U" */
    0x3f, 0x90, 0x0, 0x0, 0x0, 0xbf, 0x23, 0xf9,
    0x0, 0x0, 0x0, 0xb, 0xf2, 0x3f, 0x90, 0x0,
    0x0, 0x0, 0xbf, 0x23, 0xf9, 0x0, 0x0, 0x0,
    0xb, 0xf2, 0x3f, 0x90, 0x0, 0x0, 0x0, 0xbf,
    0x23, 0xf9, 0x0, 0x0, 0x0, 0xb, 0xf2, 0x3f,
    0x90, 0x0, 0x0, 0x0, 0xbf, 0x23, 0xf9, 0x0,
    0x0, 0x0, 0xb, 0xf2, 0x3f, 0x90, 0x0, 0x0,
    0x0, 0xbf, 0x22, 0xfb, 0x0, 0x0, 0x0, 0xd,
    0xf1, 0xf, 0xf1, 0x0, 0x0, 0x2, 0xfe, 0x0,
    0x8f, 0xc2, 0x0, 0x2, 0xdf, 0x70, 0x0, 0xbf,
    0xfc, 0xbd, 0xff, 0x90, 0x0, 0x0, 0x5b, 0xef,
    0xea, 0x40, 0x0,

    /* U+0056 "V" */
    0x4f, 0xa0, 0x0, 0x0, 0x0, 0xd, 0xf1, 0xe,
    0xf0, 0x0, 0x0, 0x0, 0x3f, 0xb0, 0x8, 0xf6,
    0x0, 0x0, 0x0, 0x9f, 0x50, 0x2, 0xfc, 0x0,
    0x0, 0x0, 0xef, 0x0, 0x0, 0xcf, 0x20, 0x0,
    0x4, 0xf9, 0x0, 0x0, 0x6f, 0x70, 0x0, 0xa,
    0xf3, 0x0, 0x0, 0xf, 0xd0, 0x0, 0xf, 0xd0,
    0x0, 0x0, 0xa, 0xf3, 0x0, 0x6f, 0x70, 0x0,
    0x0, 0x3, 0xf9, 0x0, 0xbf, 0x10, 0x0, 0x0,
    0x0, 0xde, 0x1, 0xfb, 0x0, 0x0, 0x0, 0x0,
    0x7f, 0x46, 0xf5, 0x0, 0x0, 0x0, 0x0, 0x1f,
    0x9b, 0xe0, 0x0, 0x0, 0x0, 0x0, 0xb, 0xef,
    0x90, 0x0, 0x0, 0x0, 0x0, 0x5, 0xff, 0x30,
    0x0, 0x0,

    /* U+0057 "W" */
    0x5f, 0x80, 0x0, 0x0, 0x5f, 0xf0, 0x0, 0x0,
    0xd, 0xf1, 0x1f, 0xc0, 0x0, 0x0, 0x9f, 0xf5,
    0x0, 0x0, 0x1f, 0xc0, 0xc, 0xf1, 0x0, 0x0,
    0xec, 0xf9, 0x0, 0x0, 0x6f, 0x70, 0x7, 0xf5,
    0x0, 0x2, 0xf8, 0xdd, 0x0, 0x0, 0xaf, 0x30,
    0x3, 0xf9, 0x0, 0x6, 0xf4, 0x9f, 0x20, 0x0,
    0xee, 0x0, 0x0, 0xee, 0x0, 0xb, 0xf0, 0x5f,
    0x60, 0x3, 0xfa, 0x0, 0x0, 0xaf, 0x20, 0xf,
    0xb0, 0x1f, 0xa0, 0x7, 0xf5, 0x0, 0x0, 0x5f,
    0x60, 0x4f, 0x70, 0xc, 0xe0, 0xb, 0xf1, 0x0,
    0x0, 0x1f, 0xa0, 0x8f, 0x20, 0x7, 0xf3, 0xf,
    0xc0, 0x0, 0x0, 0xc, 0xe0, 0xce, 0x0, 0x3,
    0xf7, 0x3f, 0x70, 0x0, 0x0, 0x8, 0xf3, 0xf9,
    0x0, 0x0, 0xeb, 0x7f, 0x30, 0x0, 0x0, 0x3,
    0xfa, 0xf5, 0x0, 0x0, 0xae, 0xbe, 0x0, 0x0,
    0x0, 0x0, 0xff, 0xf1, 0x0, 0x0, 0x5f, 0xfa,
    0x0, 0x0, 0x0, 0x0, 0xaf, 0xc0, 0x0, 0x0,
    0x1f, 0xf5, 0x0, 0x0,

    /* U+0058 "X" */
    0xc, 0xf6, 0x0, 0x0, 0x0, 0xaf, 0x70, 0x1,
    0xef, 0x20, 0x0, 0x5, 0xfb, 0x0, 0x0, 0x5f,
    0xc0, 0x0, 0x2f, 0xe1, 0x0, 0x0, 0x9, 0xf7,
    0x0, 0xcf, 0x40, 0x0, 0x0, 0x0, 0xdf, 0x27,
    0xf8, 0x0, 0x0, 0x0, 0x0, 0x3f, 0xcf, 0xc0,
    0x0, 0x0, 0x0, 0x0, 0x7, 0xff, 0x20, 0x0,
    0x0, 0x0, 0x0, 0xb, 0xff, 0x70, 0x0, 0x0,
    0x0, 0x0, 0x7f, 0x8d, 0xf2, 0x0, 0x0, 0x0,
    0x3, 0xfd, 0x4, 0xfd, 0x0, 0x0, 0x0, 0xd,
    0xf3, 0x0, 0x8f, 0x90, 0x0, 0x0, 0xaf, 0x70,
    0x0, 0xd, 0xf4, 0x0, 0x5, 0xfb, 0x0, 0x0,
    0x2, 0xfe, 0x10, 0x2f, 0xe1, 0x0, 0x0, 0x0,
    0x6f, 0xb0,

    /* U+0059 "Y" */
    0x2f, 0xe1, 0x0, 0x0, 0x0, 0x6f, 0xb0, 0x8,
    0xf9, 0x0, 0x0, 0x1, 0xef, 0x20, 0x0, 0xdf,
    0x30, 0x0, 0xa, 0xf7, 0x0, 0x0, 0x3f, 0xd0,
    0x0, 0x4f, 0xc0, 0x0, 0x0, 0x9, 0xf8, 0x0,
    0xef, 0x20, 0x0, 0x0, 0x0, 0xef, 0x28, 0xf8,
    0x0, 0x0, 0x0, 0x0, 0x4f, 0xbf, 0xd0, 0x0,
    0x0, 0x0, 0x0, 0xa, 0xff, 0x30, 0x0, 0x0,
    0x0, 0x0, 0x2, 0xfb, 0x0, 0x0, 0x0, 0x0,
    0x0, 0x2, 0xfb, 0x0, 0x0, 0x0, 0x0, 0x0,
    0x2, 0xfb, 0x0, 0x0, 0x0, 0x0, 0x0, 0x2,
    0xfb, 0x0, 0x0, 0x0, 0x0, 0x0, 0x2, 0xfb,
    0x0, 0x0, 0x0, 0x0, 0x0, 0x2, 0xfb, 0x0,
    0x0, 0x0,

    /* U+005A "Z" */
    0xdf, 0xff, 0xff, 0xff, 0xff, 0x57, 0x99, 0x99,
    0x99, 0x9f, 0xf2, 0x0, 0x0, 0x0, 0x7, 0xf7,
    0x0, 0x0, 0x0, 0x3, 0xfc, 0x0, 0x0, 0x0,
    0x0, 0xef, 0x10, 0x0, 0x0, 0x0, 0xaf, 0x50,
    0x0, 0x0, 0x0, 0x5f, 0xa0, 0x0, 0x0, 0x0,
    0x1f, 0xe0, 0x0, 0x0, 0x0, 0xc, 0xf3, 0x0,
    0x0, 0x0, 0x7, 0xf8, 0x0, 0x0, 0x0, 0x3,
    0xfc, 0x0, 0x0, 0x0, 0x0, 0xde, 0x20, 0x0,
    0x0, 0x0, 0x9f, 0xd9, 0x99, 0x99, 0x99, 0x3b,
    0xff, 0xff, 0xff, 0xff, 0xf6,

    /* U+005B "[" */
    0x68, 0x88, 0xc, 0xff, 0xf1, 0xce, 0x0, 0xc,
    0xe0, 0x0, 0xce, 0x0, 0xc, 0xe0, 0x0, 0xce,
    0x0, 0xc, 0xe0, 0x0, 0xce, 0x0, 0xc, 0xe0,
    0x0, 0xce, 0x0, 0xc, 0xe0, 0x0, 0xce, 0x0,
    0xc, 0xe0, 0x0, 0xce, 0x0, 0xc, 0xe0, 0x0,
    0xce, 0x22, 0xc, 0xff, 0xf1, 0x45, 0x55, 0x0,

    /* U+005C "\\" */
    0x38, 0x10, 0x0, 0x4, 0xf5, 0x0, 0x0, 0xf,
    0x90, 0x0, 0x0, 0xbe, 0x0, 0x0, 0x7, 0xf2,
    0x0, 0x0, 0x3f, 0x60, 0x0, 0x0, 0xea, 0x0,
    0x0, 0xa, 0xf0, 0x0, 0x0, 0x6f, 0x30, 0x0,
    0x2, 0xf7, 0x0, 0x0, 0xd, 0xc0, 0x0, 0x0,
    0x9f, 0x0, 0x0, 0x5, 0xf4, 0x0, 0x0, 0x1f,
    0x80, 0x0, 0x0, 0xcd, 0x0, 0x0, 0x8, 0xf1,
    0x0, 0x0, 0x4f, 0x50, 0x0, 0x0, 0xfa,

    /* U+005D "]" */
    0x68, 0x88, 0xc, 0xff, 0xf1, 0x0, 0x9f, 0x10,
    0x9, 0xf1, 0x0, 0x9f, 0x10, 0x9, 0xf1, 0x0,
    0x9f, 0x10, 0x9, 0xf1, 0x0, 0x9f, 0x10, 0x9,
    0xf1, 0x0, 0x9f, 0x10, 0x9, 0xf1, 0x0, 0x9f,
    0x10, 0x9, 0xf1, 0x0, 0x9f, 0x10, 0x9, 0xf1,
    0x12, 0xaf, 0x1c, 0xff, 0xf1, 0x45, 0x55, 0x0,

    /* U+005E "^" */
    0x0, 0x8, 0xfe, 0x0, 0x0, 0x0, 0xfd, 0xf6,
    0x0, 0x0, 0x7f, 0x3c, 0xe0, 0x0, 0xe, 0xb0,
    0x4f, 0x60, 0x7, 0xf3, 0x0, 0xcd, 0x0, 0xec,
    0x0, 0x5, 0xf6,

    /* U+005F "_" */
    0x99, 0x99, 0x99, 0x99, 0x91, 0xff, 0xff, 0xff,
    0xff, 0xf2,

    /* U+0060 "`" */
    0x3d, 0x80, 0xa, 0xf1, 0x1, 0xe8,

    /* U+0061 "a" */
    0x0, 0x29, 0xdf, 0xea, 0x20, 0x2, 0xff, 0xb9,
    0xbf, 0xe1, 0x7, 0xf5, 0x0, 0x6, 0xf7, 0x0,
    0x0, 0x0, 0x1, 0xfa, 0x0, 0x1, 0x46, 0x8c,
    0xfb, 0x1, 0xbf, 0xff, 0xda, 0xfb, 0xd, 0xf8,
    0x20, 0x1, 0xfb, 0x1f, 0xb0, 0x0, 0x2, 0xfb,
    0xf, 0xd0, 0x0, 0xb, 0xfb, 0x9, 0xfd, 0x99,
    0xeb, 0xfb, 0x0, 0x7d, 0xfe, 0x81, 0xfb,

    /* U+0062 "b" */
    0x7f, 0x40, 0x0, 0x0, 0x0, 0x7, 0xf4, 0x0,
    0x0, 0x0, 0x0, 0x7f, 0x40, 0x0, 0x0, 0x0,
    0x7, 0xf4, 0x5d, 0xfe, 0x80, 0x0, 0x7f, 0x9f,
    0xb9, 0xdf, 0xd0, 0x7, 0xff, 0x40, 0x0, 0x8f,
    0x90, 0x7f, 0xa0, 0x0, 0x0, 0xee, 0x7, 0xf6,
    0x0, 0x0, 0xa, 0xf2, 0x7f, 0x40, 0x0, 0x0,
    0x9f, 0x37, 0xf6, 0x0, 0x0, 0xa, 0xf2, 0x7f,
    0xa0, 0x0, 0x0, 0xee, 0x7, 0xff, 0x40, 0x0,
    0x9f, 0x80, 0x7f, 0x8f, 0xb9, 0xdf, 0xd0, 0x7,
    0xf4, 0x5d, 0xfe, 0x91, 0x0,

    /* U+0063 "c" */
    0x0, 0x5c, 0xfe, 0xc5, 0x0, 0x8, 0xfe, 0xaa,
    0xef, 0x80, 0x4f, 0xc0, 0x0, 0x1c, 0xf2, 0xaf,
    0x30, 0x0, 0x2, 0x30, 0xee, 0x0, 0x0, 0x0,
    0x0, 0xfd, 0x0, 0x0, 0x0, 0x0, 0xee, 0x0,
    0x0, 0x0, 0x0, 0xaf, 0x30, 0x0, 0x2, 0x40,
    0x4f, 0xc0, 0x0, 0xc, 0xf2, 0x8, 0xfe, 0xaa,
    0xef, 0x80, 0x0, 0x5c, 0xfe, 0xc5, 0x0,

    /* U+0064 "d" */
    0x0, 0x0, 0x0, 0x0, 0xfb, 0x0, 0x0, 0x0,
    0x0, 0xfb, 0x0, 0x0, 0x0, 0x0, 0xfb, 0x0,
    0x6d, 0xfe, 0x80, 0xfb, 0xa, 0xfe, 0xaa, 0xf9,
    0xfb, 0x5f, 0xc0, 0x0, 0x1e, 0xfb, 0xbf, 0x20,
    0x0, 0x6, 0xfb, 0xee, 0x0, 0x0, 0x2, 0xfb,
    0xfd, 0x0, 0x0, 0x1, 0xfb, 0xee, 0x0, 0x0,
    0x2, 0xfb, 0xbf, 0x20, 0x0, 0x7, 0xfb, 0x5f,
    0xc0, 0x0, 0x1e, 0xfb, 0xa, 0xfe, 0x9a, 0xf8,
    0xfb, 0x0, 0x6d, 0xfe, 0x80, 0xfb,

    /* U+0065 "e" */
    0x0, 0x5c, 0xff, 0xb4, 0x0, 0x8, 0xfe, 0x9a,
    0xff, 0x50, 0x4f, 0xc0, 0x0, 0x2e, 0xf1, 0xaf,
    0x20, 0x0, 0x7, 0xf6, 0xee, 0x22, 0x22, 0x25,
    0xf9, 0xff, 0xff, 0xff, 0xff, 0xfa, 0xee, 0x55,
    0x55, 0x55, 0x53, 0xaf, 0x10, 0x0, 0x0, 0x0,
    0x4f, 0xb0, 0x0, 0x9, 0xe3, 0x8, 0xfe, 0xa9,
    0xdf, 0xc0, 0x0, 0x5b, 0xef, 0xd7, 0x0,

    /* U+0066 "f" */
    0x0, 0x8, 0xdf, 0xd0, 0x0, 0x8f, 0xda, 0x70,
    0x0, 0xaf, 0x20, 0x0, 0xcf, 0xff, 0xff, 0xa0,
    0x68, 0xdf, 0x88, 0x50, 0x0, 0xaf, 0x10, 0x0,
    0x0, 0xaf, 0x10, 0x0, 0x0, 0xaf, 0x10, 0x0,
    0x0, 0xaf, 0x10, 0x0, 0x0, 0xaf, 0x10, 0x0,
    0x0, 0xaf, 0x10, 0x0, 0x0, 0xaf, 0x10, 0x0,
    0x0, 0xaf, 0x10, 0x0, 0x0, 0xaf, 0x10, 0x0,

    /* U+0067 "g" */
    0x0, 0x6d, 0xfe, 0x80, 0xfb, 0x9, 0xfe, 0xaa,
    0xf9, 0xfb, 0x4f, 0xc0, 0x0, 0x1e, 0xfb, 0xaf,
    0x30, 0x0, 0x6, 0xfb, 0xee, 0x0, 0x0, 0x2,
    0xfb, 0xfd, 0x0, 0x0, 0x0, 0xfb, 0xee, 0x0,
    0x0, 0x2, 0xfb, 0xbf, 0x20, 0x0, 0x5, 0xfb,
    0x5f, 0xb0, 0x0, 0x1d, 0xfb, 0xb, 0xfe, 0x9a,
    0xe9, 0xfb, 0x0, 0x7d, 0xfe, 0x80, 0xfb, 0x0,
    0x0, 0x0, 0x1, 0xfa, 0x2a, 0x50, 0x0, 0x8,
    0xf7, 0x1e, 0xfc, 0x89, 0xdf, 0xc0, 0x1, 0x8d,
    0xff, 0xd8, 0x0,

    /* U+0068 "h" */
    0x7f, 0x40, 0x0, 0x0, 0x0, 0x7f, 0x40, 0x0,
    0x0, 0x0, 0x7f, 0x40, 0x0, 0x0, 0x0, 0x7f,
    0x45, 0xdf, 0xe8, 0x0, 0x7f, 0xaf, 0xaa, 0xff,
    0x90, 0x7f, 0xe1, 0x0, 0x1f, 0xf1, 0x7f, 0x70,
    0x0, 0x9, 0xf3, 0x7f, 0x50, 0x0, 0x7, 0xf4,
    0x7f, 0x40, 0x0, 0x7, 0xf4, 0x7f, 0x40, 0x0,
    0x7, 0xf4, 0x7f, 0x40, 0x0, 0x7, 0xf4, 0x7f,
    0x40, 0x0, 0x7, 0xf4, 0x7f, 0x40, 0x0, 0x7,
    0xf4, 0x7f, 0x40, 0x0, 0x7, 0xf4,

    /* U+0069 "i" */
    0x7f, 0x5a, 0xf8, 0x4, 0x7, 0xf4, 0x7f, 0x47,
    0xf4, 0x7f, 0x47, 0xf4, 0x7f, 0x47, 0xf4, 0x7f,
    0x47, 0xf4, 0x7f, 0x47, 0xf4,

    /* U+006A "j" */
    0x0, 0x7f, 0x50, 0xa, 0xf8, 0x0, 0x4, 0x0,
    0x7, 0xf4, 0x0, 0x7f, 0x40, 0x7, 0xf4, 0x0,
    0x7f, 0x40, 0x7, 0xf4, 0x0, 0x7f, 0x40, 0x7,
    0xf4, 0x0, 0x7f, 0x40, 0x7, 0xf4, 0x0, 0x7f,
    0x40, 0x7, 0xf4, 0x0, 0x7f, 0x40, 0xa, 0xf2,
    0x2b, 0xfd, 0x4, 0xeb, 0x20,

    /* U+006B "k" */
    0x7f, 0x40, 0x0, 0x0, 0x0, 0x7f, 0x40, 0x0,
    0x0, 0x0, 0x7f, 0x40, 0x0, 0x0, 0x0, 0x7f,
    0x40, 0x0, 0x5f, 0xc1, 0x7f, 0x40, 0x4, 0xfd,
    0x10, 0x7f, 0x40, 0x4f, 0xd1, 0x0, 0x7f, 0x43,
    0xfd, 0x10, 0x0, 0x7f, 0x8f, 0xf2, 0x0, 0x0,
    0x7f, 0xff, 0xf6, 0x0, 0x0, 0x7f, 0xb2, 0xef,
    0x30, 0x0, 0x7f, 0x40, 0x4f, 0xe1, 0x0, 0x7f,
    0x40, 0x7, 0xfb, 0x0, 0x7f, 0x40, 0x0, 0xbf,
    0x80, 0x7f, 0x40, 0x0, 0x1d, 0xf5,

    /* U+006C "l" */
    0x7f, 0x47, 0xf4, 0x7f, 0x47, 0xf4, 0x7f, 0x47,
    0xf4, 0x7f, 0x47, 0xf4, 0x7f, 0x47, 0xf4, 0x7f,
    0x47, 0xf4, 0x7f, 0x47, 0xf4,

    /* U+006D "m" */
    0x7f, 0x47, 0xdf, 0xb2, 0x7, 0xdf, 0xd6, 0x7,
    0xfb, 0xc7, 0x9f, 0xd8, 0xd7, 0x7d, 0xf6, 0x7f,
    0xb0, 0x0, 0x6f, 0xe1, 0x0, 0x1f, 0xd7, 0xf6,
    0x0, 0x2, 0xfb, 0x0, 0x0, 0xdf, 0x7f, 0x40,
    0x0, 0x2f, 0xa0, 0x0, 0xc, 0xf7, 0xf4, 0x0,
    0x2, 0xfa, 0x0, 0x0, 0xcf, 0x7f, 0x40, 0x0,
    0x2f, 0xa0, 0x0, 0xc, 0xf7, 0xf4, 0x0, 0x2,
    0xfa, 0x0, 0x0, 0xcf, 0x7f, 0x40, 0x0, 0x2f,
    0xa0, 0x0, 0xc, 0xf7, 0xf4, 0x0, 0x2, 0xfa,
    0x0, 0x0, 0xcf, 0x7f, 0x40, 0x0, 0x2f, 0xa0,
    0x0, 0xc, 0xf0,

    /* U+006E "n" */
    0x7f, 0x36, 0xdf, 0xe8, 0x0, 0x7f, 0xae, 0x88,
    0xdf, 0x90, 0x7f, 0xd0, 0x0, 0xe, 0xf1, 0x7f,
    0x70, 0x0, 0x9, 0xf3, 0x7f, 0x40, 0x0, 0x7,
    0xf4, 0x7f, 0x40, 0x0, 0x7, 0xf4, 0x7f, 0x40,
    0x0, 0x7, 0xf4, 0x7f, 0x40, 0x0, 0x7, 0xf4,
    0x7f, 0x40, 0x0, 0x7, 0xf4, 0x7f, 0x40, 0x0,
    0x7, 0xf4, 0x7f, 0x40, 0x0, 0x7, 0xf4,

    /* U+006F "o" */
    0x0, 0x5c, 0xfe, 0xc5, 0x0, 0x8, 0xfe, 0xaa,
    0xef, 0x80, 0x4f, 0xc0, 0x0, 0xc, 0xf4, 0xaf,
    0x30, 0x0, 0x3, 0xfa, 0xee, 0x0, 0x0, 0x0,
    0xee, 0xfd, 0x0, 0x0, 0x0, 0xdf, 0xee, 0x0,
    0x0, 0x0, 0xee, 0xaf, 0x30, 0x0, 0x3, 0xfa,
    0x4f, 0xc0, 0x0, 0xc, 0xf4, 0x8, 0xfe, 0xaa,
    0xef, 0x80, 0x0, 0x5c, 0xff, 0xc5, 0x0,

    /* U+0070 "p" */
    0x7f, 0x46, 0xdf, 0xe8, 0x0, 0x7, 0xfa, 0xf9,
    0x7b, 0xfd, 0x0, 0x7f, 0xf2, 0x0, 0x7, 0xf9,
    0x7, 0xf9, 0x0, 0x0, 0xe, 0xe0, 0x7f, 0x60,
    0x0, 0x0, 0xaf, 0x27, 0xf4, 0x0, 0x0, 0x9,
    0xf3, 0x7f, 0x60, 0x0, 0x0, 0xaf, 0x27, 0xfb,
    0x0, 0x0, 0xe, 0xe0, 0x7f, 0xf4, 0x0, 0x9,
    0xf8, 0x7, 0xf9, 0xfb, 0x9d, 0xfd, 0x0, 0x7f,
    0x45, 0xdf, 0xe9, 0x10, 0x7, 0xf4, 0x0, 0x0,
    0x0, 0x0, 0x7f, 0x40, 0x0, 0x0, 0x0, 0x7,
    0xf4, 0x0, 0x0, 0x0, 0x0, 0x7f, 0x40, 0x0,
    0x0, 0x0, 0x0,

    /* U+0071 "q" */
    0x0, 0x6d, 0xfe, 0x80, 0xfb, 0xa, 0xfe, 0xaa,
    0xf9, 0xfb, 0x5f, 0xc0, 0x0, 0x1e, 0xfb, 0xbf,
    0x20, 0x0, 0x6, 0xfb, 0xee, 0x0, 0x0, 0x2,
    0xfb, 0xfd, 0x0, 0x0, 0x1, 0xfb, 0xee, 0x0,
    0x0, 0x2, 0xfb, 0xbf, 0x20, 0x0, 0x7, 0xfb,
    0x5f, 0xc0, 0x0, 0x1e, 0xfb, 0xa, 0xfe, 0x9a,
    0xf9, 0xfb, 0x0, 0x6d, 0xfe, 0x80, 0xfb, 0x0,
    0x0, 0x0, 0x0, 0xfb, 0x0, 0x0, 0x0, 0x0,
    0xfb, 0x0, 0x0, 0x0, 0x0, 0xfb, 0x0, 0x0,
    0x0, 0x0, 0xfb,

    /* U+0072 "r" */
    0x7f, 0x48, 0xef, 0x17, 0xfc, 0xe9, 0x80, 0x7f,
    0xd1, 0x0, 0x7, 0xf6, 0x0, 0x0, 0x7f, 0x40,
    0x0, 0x7, 0xf4, 0x0, 0x0, 0x7f, 0x40, 0x0,
    0x7, 0xf4, 0x0, 0x0, 0x7f, 0x40, 0x0, 0x7,
    0xf4, 0x0, 0x0, 0x7f, 0x40, 0x0, 0x0,

    /* U+0073 "s" */
    0x2, 0x9e, 0xfd, 0x80, 0x1, 0xef, 0xa8, 0xbf,
    0xb0, 0x8f, 0x60, 0x0, 0x8c, 0x28, 0xf5, 0x0,
    0x0, 0x0, 0x3f, 0xf9, 0x51, 0x0, 0x0, 0x3b,
    0xff, 0xfc, 0x40, 0x0, 0x0, 0x48, 0xff, 0x30,
    0x10, 0x0, 0x6, 0xf8, 0xbf, 0x20, 0x0, 0x8f,
    0x64, 0xff, 0xa9, 0xcf, 0xd0, 0x4, 0xbe, 0xfd,
    0x81, 0x0,

    /* U+0074 "t" */
    0x1, 0x84, 0x0, 0x0, 0x2f, 0x90, 0x0, 0x2,
    0xf9, 0x0, 0xc, 0xff, 0xff, 0xd0, 0x69, 0xfc,
    0x86, 0x0, 0x2f, 0x90, 0x0, 0x2, 0xf9, 0x0,
    0x0, 0x2f, 0x90, 0x0, 0x2, 0xf9, 0x0, 0x0,
    0x2f, 0x90, 0x0, 0x2, 0xf9, 0x0, 0x0, 0x1f,
    0xa0, 0x0, 0x0, 0xdf, 0xa8, 0x0, 0x2, 0xbf,
    0xe0,

    /* U+0075 "u" */
    0x7f, 0x40, 0x0, 0x7, 0xf4, 0x7f, 0x40, 0x0,
    0x7, 0xf4, 0x7f, 0x40, 0x0, 0x7, 0xf4, 0x7f,
    0x40, 0x0, 0x7, 0xf4, 0x7f, 0x40, 0x0, 0x7,
    0xf4, 0x7f, 0x40, 0x0, 0x7, 0xf4, 0x7f, 0x40,
    0x0, 0x8, 0xf4, 0x6f, 0x60, 0x0, 0xa, 0xf4,
    0x3f, 0xd0, 0x0, 0x3f, 0xf4, 0xc, 0xfe, 0xab,
    0xf9, 0xf4, 0x1, 0x9e, 0xfc, 0x46, 0xf4,

    /* U+0076 "v" */
    0x4f, 0xa0, 0x0, 0x0, 0x6f, 0x80, 0xef, 0x0,
    0x0, 0xb, 0xf2, 0x8, 0xf5, 0x0, 0x1, 0xfc,
    0x0, 0x2f, 0xb0, 0x0, 0x7f, 0x60, 0x0, 0xcf,
    0x10, 0xc, 0xf0, 0x0, 0x6, 0xf6, 0x2, 0xfa,
    0x0, 0x0, 0xf, 0xc0, 0x8f, 0x40, 0x0, 0x0,
    0xaf, 0x1d, 0xd0, 0x0, 0x0, 0x3, 0xf8, 0xf7,
    0x0, 0x0, 0x0, 0xd, 0xff, 0x10, 0x0, 0x0,
    0x0, 0x7f, 0xb0, 0x0, 0x0,

    /* U+0077 "w" */
    0x2f, 0xa0, 0x0, 0xd, 0xf4, 0x0, 0x5, 0xf8,
    0xd, 0xf0, 0x0, 0x2f, 0xf8, 0x0, 0x9, 0xf3,
    0x8, 0xf3, 0x0, 0x6f, 0xcd, 0x0, 0xe, 0xe0,
    0x4, 0xf8, 0x0, 0xbd, 0x7f, 0x10, 0x2f, 0xa0,
    0x0, 0xfc, 0x0, 0xf8, 0x3f, 0x50, 0x6f, 0x50,
    0x0, 0xaf, 0x13, 0xf4, 0xe, 0x90, 0xbf, 0x0,
    0x0, 0x5f, 0x57, 0xf0, 0xa, 0xd0, 0xfb, 0x0,
    0x0, 0x1f, 0x8b, 0xb0, 0x6, 0xf4, 0xf6, 0x0,
    0x0, 0xc, 0xcf, 0x70, 0x1, 0xfb, 0xf2, 0x0,
    0x0, 0x7, 0xff, 0x20, 0x0, 0xcf, 0xd0, 0x0,
    0x0, 0x2, 0xfe, 0x0, 0x0, 0x8f, 0x80, 0x0,

    /* U+0078 "x" */
    0xc, 0xf3, 0x0, 0x3, 0xfc, 0x0, 0x2f, 0xd0,
    0x0, 0xdf, 0x20, 0x0, 0x7f, 0x70, 0x8f, 0x60,
    0x0, 0x0, 0xcf, 0x3f, 0xc0, 0x0, 0x0, 0x2,
    0xff, 0xf2, 0x0, 0x0, 0x0, 0xb, 0xf9, 0x0,
    0x0, 0x0, 0x4, 0xfd, 0xf3, 0x0, 0x0, 0x1,
    0xed, 0x1e, 0xd0, 0x0, 0x0, 0xaf, 0x40, 0x6f,
    0x80, 0x0, 0x5f, 0xa0, 0x0, 0xbf, 0x40, 0x1e,
    0xe1, 0x0, 0x1, 0xfe, 0x0,

    /* U+0079 "y" */
    0x4f, 0xa0, 0x0, 0x0, 0x6f, 0x80, 0xef, 0x0,
    0x0, 0xc, 0xf2, 0x8, 0xf5, 0x0, 0x1, 0xfc,
    0x0, 0x2f, 0xb0, 0x0, 0x7f, 0x50, 0x0, 0xcf,
    0x10, 0xd, 0xf0, 0x0, 0x5, 0xf7, 0x3, 0xf9,
    0x0, 0x0, 0xf, 0xc0, 0x9f, 0x30, 0x0, 0x0,
    0x9f, 0x1e, 0xd0, 0x0, 0x0, 0x3, 0xf9, 0xf7,
    0x0, 0x0, 0x0, 0xd, 0xff, 0x10, 0x0, 0x0,
    0x0, 0x7f, 0xa0, 0x0, 0x0, 0x0, 0x7, 0xf4,
    0x0, 0x0, 0x0, 0x0, 0xee, 0x0, 0x0, 0x0,
    0x39, 0xdf, 0x50, 0x0, 0x0, 0x7, 0xfd, 0x60,
    0x0, 0x0, 0x0,

    /* U+007A "z" */
    0x9f, 0xff, 0xff, 0xff, 0xa6, 0xbb, 0xbb, 0xbe,
    0xf7, 0x0, 0x0, 0x4, 0xfc, 0x0, 0x0, 0x1,
    0xee, 0x10, 0x0, 0x0, 0xcf, 0x40, 0x0, 0x0,
    0x8f, 0x80, 0x0, 0x0, 0x5f, 0xc0, 0x0, 0x0,
    0x2f, 0xe1, 0x0, 0x0, 0xc, 0xf4, 0x0, 0x0,
    0x9, 0xfe, 0xaa, 0xaa, 0xa8, 0xcf, 0xff, 0xff,
    0xff, 0xd0,

    /* U+007B "{" */
    0x0, 0x3, 0xbf, 0x50, 0x0, 0xef, 0x92, 0x0,
    0x5f, 0x60, 0x0, 0x7, 0xf3, 0x0, 0x0, 0x7f,
    0x20, 0x0, 0x7, 0xf2, 0x0, 0x0, 0x8f, 0x20,
    0x0, 0xc, 0xf0, 0x0, 0x7f, 0xd5, 0x0, 0x9,
    0xfb, 0x30, 0x0, 0x2, 0xee, 0x0, 0x0, 0x8,
    0xf2, 0x0, 0x0, 0x7f, 0x20, 0x0, 0x7, 0xf2,
    0x0, 0x0, 0x7f, 0x20, 0x0, 0x6, 0xf4, 0x0,
    0x0, 0x2f, 0xd4, 0x0, 0x0, 0x7f, 0xf5, 0x0,
    0x0, 0x14, 0x10,

    /* U+007C "|" */
    0x7f, 0x17, 0xf1, 0x7f, 0x17, 0xf1, 0x7f, 0x17,
    0xf1, 0x7f, 0x17, 0xf1, 0x7f, 0x17, 0xf1, 0x7f,
    0x17, 0xf1, 0x7f, 0x17, 0xf1, 0x7f, 0x17, 0xf1,
    0x7f, 0x17, 0xf1, 0x7f, 0x17, 0xf1, 0x7f, 0x17,
    0xf1, 0x7f, 0x17, 0xf1,

    /* U+007D "}" */
    0xcd, 0x80, 0x0, 0x6, 0xcf, 0x70, 0x0, 0x0,
    0xdd, 0x0, 0x0, 0xa, 0xf0, 0x0, 0x0, 0xaf,
    0x0, 0x0, 0xa, 0xf0, 0x0, 0x0, 0x9f, 0x0,
    0x0, 0x7, 0xf5, 0x0, 0x0, 0x1b, 0xfd, 0x10,
    0x0, 0x7e, 0xf2, 0x0, 0x6f, 0x91, 0x0, 0x9,
    0xf1, 0x0, 0x0, 0xaf, 0x0, 0x0, 0xa, 0xf0,
    0x0, 0x0, 0xaf, 0x0, 0x0, 0xc, 0xe0, 0x0,
    0x27, 0xfa, 0x0, 0xc, 0xfd, 0x10, 0x0, 0x32,
    0x0, 0x0, 0x0,

    /* U+007E "~" */
    0x0, 0x69, 0x60, 0x0, 0x3, 0x10, 0xcf, 0xff,
    0xd2, 0x2, 0xf8, 0x3f, 0x90, 0x6f, 0xfa, 0xdf,
    0x33, 0xa2, 0x0, 0x2b, 0xfe, 0x60,

    /* U+00A0 " " */

    /* U+00A1 "¡" */
    0x2e, 0xc0, 0x6f, 0xf1, 0x8, 0x60, 0x0, 0x0,
    0x0, 0x0, 0xf, 0xc0, 0xf, 0xc0, 0xf, 0xc0,
    0xf, 0xc0, 0xf, 0xd0, 0xf, 0xd0, 0x1f, 0xd0,
    0x1f, 0xd0, 0x1f, 0xd0, 0x1d, 0xb0,

    /* U+00A2 "¢" */
    0x0, 0x0, 0xb7, 0x0, 0x0, 0x0, 0x3, 0xca,
    0x20, 0x0, 0x1, 0xcf, 0xff, 0xfc, 0x10, 0xd,
    0xf7, 0xc8, 0x7f, 0xd0, 0x7f, 0x70, 0xb7, 0x7,
    0xb2, 0xcf, 0x0, 0xb7, 0x0, 0x0, 0xfd, 0x0,
    0xb7, 0x0, 0x0, 0xfd, 0x0, 0xb7, 0x0, 0x0,
    0xcf, 0x0, 0xb7, 0x0, 0x0, 0x8f, 0x70, 0xb7,
    0x7, 0xc3, 0xe, 0xf7, 0xc8, 0x7f, 0xd0, 0x2,
    0xcf, 0xff, 0xfc, 0x10, 0x0, 0x3, 0xda, 0x30,
    0x0, 0x0, 0x0, 0xb7, 0x0, 0x0,

    /* U+00A3 "£" */
    0x0, 0x7, 0xdf, 0xeb, 0x30, 0x0, 0xb, 0xfe,
    0xab, 0xff, 0x40, 0x4, 0xfb, 0x0, 0x2, 0xfd,
    0x0, 0x7f, 0x40, 0x0, 0x5, 0x50, 0x8, 0xf3,
    0x0, 0x0, 0x0, 0x2, 0x8f, 0x52, 0x22, 0x20,
    0x0, 0xef, 0xff, 0xff, 0xff, 0x0, 0x4, 0x9f,
    0x85, 0x55, 0x50, 0x0, 0x6, 0xf5, 0x0, 0x0,
    0x0, 0x0, 0x5f, 0x60, 0x0, 0x0, 0x0, 0x5,
    0xf6, 0x0, 0x0, 0x1, 0x0, 0x8e, 0x20, 0x0,
    0x9, 0xf1, 0xaf, 0xca, 0xaa, 0xaa, 0xee, 0xe,
    0xff, 0xff, 0xff, 0xfd, 0x40,

    /* U+00A4 "¤" */
    0x0, 0x0, 0x0, 0x0, 0x0, 0x0, 0x5, 0xe2,
    0x4b, 0xef, 0xd7, 0x8, 0xc0, 0x5f, 0xff, 0xea,
    0x9c, 0xfe, 0xfc, 0x0, 0xaf, 0xa0, 0x0, 0x5,
    0xff, 0x10, 0x1f, 0xb0, 0x0, 0x0, 0x5, 0xf7,
    0x6, 0xf4, 0x0, 0x0, 0x0, 0xd, 0xd0, 0x9f,
    0x0, 0x0, 0x0, 0x0, 0xaf, 0x9, 0xf0, 0x0,
    0x0, 0x0, 0xa, 0xf0, 0x6f, 0x40, 0x0, 0x0,
    0x0, 0xdd, 0x1, 0xfc, 0x0, 0x0, 0x0, 0x5f,
    0x70, 0xb, 0xfa, 0x0, 0x0, 0x5f, 0xf3, 0x8,
    0xfe, 0xfe, 0xa9, 0xcf, 0xef, 0xe1, 0x2a, 0x4,
    0xbe, 0xfd, 0x80, 0x59, 0x0,

    /* U+00A5 "¥" */
    0x7f, 0x90, 0x0, 0x0, 0x9f, 0x70, 0xef, 0x10,
    0x0, 0x1f, 0xe0, 0x6, 0xf8, 0x0, 0x8, 0xf6,
    0x0, 0xd, 0xf1, 0x1, 0xfd, 0x0, 0x0, 0x5f,
    0x70, 0x7f, 0x60, 0x0, 0x0, 0xde, 0x1e, 0xd0,
    0x0, 0x0, 0x16, 0xfd, 0xf6, 0x10, 0x0, 0x9f,
    0xff, 0xff, 0xff, 0x90, 0x2, 0x44, 0x9f, 0x94,
    0x42, 0x0, 0x1, 0x17, 0xf7, 0x11, 0x0, 0x9,
    0xff, 0xff, 0xff, 0xf9, 0x0, 0x24, 0x49, 0xf9,
    0x44, 0x20, 0x0, 0x0, 0x6f, 0x60, 0x0, 0x0,
    0x0, 0x6, 0xf6, 0x0, 0x0,

    /* U+00A6 "¦" */
    0x2f, 0x82, 0xf8, 0x2f, 0x82, 0xf8, 0x2f, 0x82,
    0xf8, 0x19, 0x50, 0x0, 0x0, 0x0, 0x0, 0x1a,
    0x52, 0xf8, 0x2f, 0x82, 0xf8, 0x2f, 0x82, 0xf8,
    0x2f, 0x80,

    /* U+00A7 "§" */
    0x0, 0x6d, 0xfe, 0x91, 0x0, 0x6, 0xfd, 0x89,
    0xfc, 0x0, 0xc, 0xe0, 0x0, 0x7f, 0x40, 0xc,
    0xe0, 0x0, 0x4, 0x0, 0x5, 0xfa, 0x0, 0x0,
    0x0, 0x4, 0x9a, 0xe6, 0x0, 0x0, 0x5d, 0x0,
    0x2b, 0xc2, 0x0, 0xcd, 0x0, 0x0, 0x5f, 0x40,
    0xbf, 0x60, 0x0, 0x8, 0xe0, 0x4f, 0xfb, 0x20,
    0x7, 0xf2, 0x5, 0xff, 0xf9, 0x6e, 0xe0, 0x0,
    0x1a, 0xff, 0xfd, 0x40, 0x0, 0x0, 0x3c, 0xf5,
    0x0, 0x0, 0x0, 0x0, 0xcf, 0x10, 0x2b, 0x50,
    0x0, 0x7f, 0x40, 0xf, 0xe3, 0x2, 0xdf, 0x10,
    0x4, 0xff, 0xff, 0xf6, 0x0, 0x0, 0x15, 0x75,
    0x10, 0x0,

    /* U+00A8 "¨" */
    0x2, 0x10, 0x2, 0x20, 0x3f, 0xe0, 0x1f, 0xf0,
    0x1e, 0xb0, 0xd, 0xc0,

    /* U+00A9 "©" */
    0x0, 0x0, 0x17, 0xce, 0xfd, 0x92, 0x0, 0x0,
    0x0, 0x5, 0xff, 0xec, 0xbd, 0xff, 0x90, 0x0,
    0x0, 0x6f, 0xe5, 0x0, 0x0, 0x3c, 0xfa, 0x0,
    0x3, 0xfd, 0x10, 0x38, 0x96, 0x0, 0xaf, 0x70,
    0xb, 0xf3, 0x9, 0xff, 0xff, 0xe2, 0xe, 0xf0,
    0x1f, 0xb0, 0x7f, 0xb2, 0x6, 0xfc, 0x7, 0xf5,
    0x4f, 0x70, 0xdd, 0x0, 0x0, 0x69, 0x12, 0xf8,
    0x5f, 0x50, 0xfa, 0x0, 0x0, 0x0, 0x1, 0xf9,
    0x4f, 0x70, 0xdd, 0x0, 0x0, 0x79, 0x2, 0xf8,
    0x1f, 0xb0, 0x7f, 0xb2, 0x6, 0xfa, 0x7, 0xf5,
    0xb, 0xf3, 0xa, 0xff, 0xff, 0xd1, 0xe, 0xf0,
    0x3, 0xfd, 0x10, 0x49, 0x96, 0x0, 0xaf, 0x70,
    0x0, 0x6f, 0xe5, 0x0, 0x0, 0x3c, 0xfa, 0x0,
    0x0, 0x5, 0xff, 0xeb, 0xbd, 0xff, 0x90, 0x0,
    0x0, 0x0, 0x17, 0xcf, 0xfd, 0x92, 0x0, 0x0,

    /* U+00AA "ª" */
    0x0, 0x8d, 0xfd, 0x80, 0xc, 0xf8, 0x59, 0xf9,
    0x2, 0x30, 0x0, 0xdd, 0x0, 0x58, 0xac, 0xfe,
    0xd, 0xe9, 0x64, 0xce, 0x4f, 0x60, 0x0, 0xee,
    0x2f, 0xc6, 0x6c, 0xfe, 0x5, 0xdf, 0xe6, 0xbe,

    /* U+00AB "«" */
    0x0, 0x0, 0x8f, 0x70, 0x9f, 0x70, 0x0, 0x6f,
    0xa0, 0x6f, 0x90, 0x0, 0x4f, 0xc0, 0x4f, 0xb0,
    0x0, 0x2e, 0xe1, 0x3f, 0xd1, 0x0, 0xc, 0xf4,
    0xd, 0xf3, 0x0, 0x0, 0x4f, 0xc0, 0x4f, 0xc0,
    0x0, 0x0, 0x6f, 0xa0, 0x6f, 0xa0, 0x0, 0x0,
    0x8f, 0x80, 0x9f, 0x70, 0x0, 0x0, 0xaf, 0x50,
    0xbf, 0x50, 0x0, 0x0, 0x22, 0x0, 0x22,

    /* U+00AC "¬" */
    0x78, 0x88, 0x88, 0x88, 0x3d, 0xff, 0xff, 0xff,
    0xf5, 0x0, 0x0, 0x0, 0x4f, 0x50, 0x0, 0x0,
    0x4, 0xf5, 0x0, 0x0, 0x0, 0x28, 0x20,

    /* U+00AE "®" */
    0x0, 0x0, 0x0, 0x0, 0x0, 0x0, 0x0, 0x0,
    0x2a, 0xef, 0xfc, 0x40, 0x0, 0x0, 0x4f, 0xd7,
    0x46, 0xbf, 0x80, 0x0, 0x1f, 0xa0, 0x0, 0x0,
    0x6f, 0x60, 0x9, 0xe0, 0x5e, 0xdd, 0x40, 0x9e,
    0x0, 0xe8, 0x5, 0xd0, 0x7d, 0x3, 0xf3, 0xf,
    0x60, 0x5d, 0x7, 0xd0, 0x1f, 0x50, 0xe7, 0x5,
    0xfd, 0xf5, 0x2, 0xf3, 0xa, 0xd0, 0x5d, 0xb,
    0x90, 0x8f, 0x0, 0x3f, 0x82, 0x60, 0x17, 0x4f,
    0x80, 0x0, 0x6f, 0xb4, 0x23, 0x8f, 0xb0, 0x0,
    0x0, 0x4d, 0xff, 0xfe, 0x70, 0x0, 0x0, 0x0,
    0x2, 0x43, 0x0, 0x0, 0x0,

    /* U+00AF "¯" */
    0x11, 0x11, 0x10, 0xef, 0xff, 0xf7, 0x44, 0x44,
    0x42,

    /* U+00B0 "°" */
    0x0, 0x1, 0x0, 0x0, 0x5e, 0xff, 0x70, 0x4f,
    0xb5, 0xaf, 0x5a, 0xe0, 0x0, 0xcc, 0xad, 0x0,
    0xb, 0xc5, 0xf8, 0x27, 0xf7, 0x8, 0xff, 0xfa,
    0x0, 0x1, 0x42, 0x0,

    /* U+00B1 "±" */
    0x0, 0x3, 0xf7, 0x0, 0x0, 0x0, 0x3, 0xf7,
    0x0, 0x0, 0x0, 0x3, 0xf7, 0x0, 0x0, 0xff,
    0xff, 0xff, 0xff, 0xf3, 0x9a, 0xab, 0xfc, 0xaa,
    0xa2, 0x0, 0x3, 0xf7, 0x0, 0x0, 0x0, 0x3,
    0xf7, 0x0, 0x0, 0x0, 0x1, 0x52, 0x0, 0x0,
    0x9a, 0xaa, 0xaa, 0xaa, 0xa2, 0xff, 0xff, 0xff,
    0xff, 0xf3,

    /* U+00B2 "²" */
    0x9, 0xef, 0xd5, 0xa, 0xf7, 0x5b, 0xf4, 0x65,
    0x0, 0x2f, 0x70, 0x0, 0xb, 0xf2, 0x0, 0x2c,
    0xf4, 0x0, 0x4e, 0xd2, 0x0, 0x7f, 0xe6, 0x66,
    0x4d, 0xff, 0xff, 0xfc,

    /* U+00B3 "³" */
    0x8, 0xef, 0xe8, 0x0, 0x9f, 0x86, 0x9f, 0x70,
    0x11, 0x0, 0x4f, 0x70, 0x0, 0x7f, 0xf9, 0x0,
    0x0, 0x13, 0x7f, 0x90, 0x65, 0x0, 0xd, 0xf0,
    0xbf, 0x96, 0xaf, 0xb0, 0x9, 0xef, 0xd8, 0x0,

    /* U+00B4 "´" */
    0x3, 0xfa, 0xa, 0xe1, 0x2f, 0x60,

    /* U+00B5 "µ" */
    0x7f, 0x40, 0x0, 0x7, 0xf4, 0x7, 0xf4, 0x0,
    0x0, 0x7f, 0x40, 0x7f, 0x40, 0x0, 0x7, 0xf4,
    0x7, 0xf4, 0x0, 0x0, 0x7f, 0x40, 0x7f, 0x40,
    0x0, 0x7, 0xf4, 0x7, 0xf4, 0x0, 0x0, 0x7f,
    0x40, 0x7f, 0x40, 0x0, 0x7, 0xf4, 0x7, 0xf6,
    0x0, 0x0, 0x9f, 0x40, 0x7f, 0xc0, 0x0, 0xe,
    0xf4, 0x7, 0xfe, 0xc7, 0x7d, 0xcf, 0xb4, 0x7f,
    0x5a, 0xfe, 0x80, 0x8e, 0x97, 0xf4, 0x0, 0x0,
    0x0, 0x0, 0x7f, 0x40, 0x0, 0x0, 0x0, 0x7,
    0xf4, 0x0, 0x0, 0x0, 0x0, 0x7f, 0x40, 0x0,
    0x0, 0x0, 0x0,

    /* U+00B6 "¶" */
    0x0, 0x7d, 0xff, 0xff, 0xf4, 0xc, 0xff, 0xfe,
    0x9d, 0xf4, 0x8f, 0xff, 0xfb, 0x8, 0xf4, 0xcf,
    0xff, 0xfb, 0x8, 0xf4, 0xef, 0xff, 0xfb, 0x8,
    0xf4, 0xcf, 0xff, 0xfb, 0x8, 0xf4, 0x6f, 0xff,
    0xfb, 0x8, 0xf4, 0xa, 0xff, 0xfb, 0x8, 0xf4,
    0x0, 0x5a, 0xc9, 0x8, 0xf4, 0x0, 0x0, 0x0,
    0x8, 0xf4, 0x0, 0x0, 0x0, 0x8, 0xf4, 0x0,
    0x0, 0x0, 0x8, 0xf4, 0x0, 0x0, 0x0, 0x8,
    0xf4, 0x0, 0x0, 0x0, 0x8, 0xf4,

    /* U+00B7 "·" */
    0x8, 0x60, 0x6f, 0xf2, 0x2e, 0xc0,

    /* U+00B8 "¸" */
    0x3, 0x0, 0xf, 0x10, 0x1f, 0xd6, 0x0, 0x8e,
    0x7e, 0xf8, 0x1, 0x0,

    /* U+00B9 "¹" */
    0x2, 0xbf, 0xe0, 0xfc, 0xee, 0x6, 0xd, 0xe0,
    0x0, 0xde, 0x0, 0xd, 0xe0, 0x0, 0xde, 0x0,
    0xd, 0xe0, 0x0, 0xde,

    /* U+00BA "º" */
    0x0, 0x5c, 0xfe, 0xa2, 0x0, 0x6f, 0xc7, 0x8e,
    0xe2, 0xe, 0xd0, 0x0, 0x3f, 0x92, 0xf8, 0x0,
    0x0, 0xdd, 0x2f, 0x80, 0x0, 0xd, 0xd0, 0xed,
    0x0, 0x3, 0xf9, 0x6, 0xfc, 0x78, 0xfe, 0x20,
    0x5, 0xcf, 0xea, 0x20,

    /* U+00BB "»" */
    0xc, 0xf3, 0xc, 0xf3, 0x0, 0x0, 0x1e, 0xe2,
    0x1e, 0xe2, 0x0, 0x0, 0x2f, 0xd1, 0x3f, 0xd0,
    0x0, 0x0, 0x4f, 0xc0, 0x5f, 0xb0, 0x0, 0x0,
    0x9f, 0x70, 0x9f, 0x70, 0x0, 0x3f, 0xd1, 0x3f,
    0xd0, 0x0, 0x1e, 0xe2, 0x1e, 0xe2, 0x0, 0xc,
    0xf3, 0xc, 0xf3, 0x0, 0xa, 0xf5, 0xa, 0xf5,
    0x0, 0x0, 0x22, 0x0, 0x22, 0x0, 0x0,

    /* U+00BC "¼" */
    0x5, 0xff, 0x40, 0x0, 0x0, 0x8, 0xf2, 0x0,
    0x3f, 0xaf, 0x40, 0x0, 0x0, 0x3f, 0x70, 0x0,
    0x23, 0x4f, 0x40, 0x0, 0x0, 0xdb, 0x0, 0x0,
    0x0, 0x4f, 0x40, 0x0, 0x9, 0xe1, 0x0, 0x0,
    0x0, 0x4f, 0x40, 0x0, 0x5f, 0x50, 0x0, 0x0,
    0x0, 0x4f, 0x40, 0x1, 0xea, 0x0, 0x0, 0x0,
    0x0, 0x4f, 0x40, 0xb, 0xe0, 0x0, 0x56, 0x10,
    0x0, 0x4e, 0x40, 0x6f, 0x30, 0x4, 0xff, 0x30,
    0x0, 0x0, 0x2, 0xf8, 0x0, 0xd, 0xdf, 0x30,
    0x0, 0x0, 0xc, 0xc0, 0x0, 0x6f, 0x5f, 0x30,
    0x0, 0x0, 0x8f, 0x20, 0x1, 0xe7, 0x4f, 0x30,
    0x0, 0x3, 0xf6, 0x0, 0x9, 0xe1, 0x4f, 0x40,
    0x0, 0xe, 0xb0, 0x0, 0xe, 0xff, 0xff, 0xf3,
    0x0, 0xae, 0x10, 0x0, 0x3, 0x33, 0x7f, 0x60,
    0x0, 0x32, 0x0, 0x0, 0x0, 0x0, 0x13, 0x0,

    /* U+00BD "½" */
    0x1, 0x99, 0x20, 0x0, 0x0, 0x3, 0x92, 0x0,
    0x2e, 0xef, 0x40, 0x0, 0x0, 0xd, 0xb0, 0x0,
    0x49, 0x5f, 0x40, 0x0, 0x0, 0x9f, 0x20, 0x0,
    0x0, 0x4f, 0x40, 0x0, 0x4, 0xf6, 0x0, 0x0,
    0x0, 0x4f, 0x40, 0x0, 0xd, 0xb0, 0x0, 0x0,
    0x0, 0x4f, 0x40, 0x0, 0x9f, 0x10, 0x0, 0x0,
    0x0, 0x4f, 0x40, 0x4, 0xf6, 0x0, 0x0, 0x0,
    0x0, 0x4f, 0x40, 0xe, 0xb0, 0x8, 0xff, 0xc2,
    0x0, 0x14, 0x10, 0x9f, 0x10, 0x4f, 0x95, 0xeb,
    0x0, 0x0, 0x4, 0xf6, 0x0, 0x13, 0x0, 0xad,
    0x0, 0x0, 0xe, 0xb0, 0x0, 0x0, 0x3, 0xf7,
    0x0, 0x0, 0xae, 0x10, 0x0, 0x0, 0x1e, 0xc0,
    0x0, 0x4, 0xf5, 0x0, 0x0, 0x0, 0xce, 0x10,
    0x0, 0x1e, 0xa0, 0x0, 0x0, 0xb, 0xf4, 0x11,
    0x0, 0xae, 0x10, 0x0, 0x0, 0x5f, 0xff, 0xff,
    0x0, 0x42, 0x0, 0x0, 0x0, 0x14, 0x44, 0x44,

    /* U+00BE "¾" */
    0x0, 0x0, 0x0, 0x0, 0x0, 0x0, 0x0, 0x0,
    0x0, 0x1b, 0xff, 0xa0, 0x0, 0x0, 0x1, 0xeb,
    0x0, 0x9, 0xc5, 0x6f, 0x60, 0x0, 0x0, 0xae,
    0x10, 0x0, 0x0, 0x4, 0xf6, 0x0, 0x0, 0x5f,
    0x40, 0x0, 0x0, 0xf, 0xfb, 0x0, 0x0, 0x1e,
    0x90, 0x0, 0x0, 0x0, 0x36, 0xf8, 0x0, 0xb,
    0xd0, 0x0, 0x0, 0x0, 0x0, 0xc, 0xd0, 0x7,
    0xf3, 0x0, 0x0, 0x0, 0xba, 0x23, 0xfa, 0x2,
    0xf8, 0x0, 0x1, 0x0, 0x5, 0xff, 0xfd, 0x10,
    0xdc, 0x0, 0x7, 0xfd, 0x0, 0x0, 0x32, 0x0,
    0x8f, 0x20, 0x2, 0xfe, 0xd0, 0x0, 0x0, 0x0,
    0x4f, 0x60, 0x0, 0xbb, 0xad, 0x0, 0x0, 0x0,
    0x1e, 0xb0, 0x0, 0x5f, 0x2a, 0xd0, 0x0, 0x0,
    0xa, 0xe1, 0x0, 0x1e, 0x91, 0xad, 0x0, 0x0,
    0x5, 0xf4, 0x0, 0x4, 0xff, 0xff, 0xfc, 0x0,
    0x1, 0xe9, 0x0, 0x0, 0x13, 0x33, 0xcd, 0x20,
    0x0, 0x13, 0x0, 0x0, 0x0, 0x0, 0x2, 0x30,

    /* U+00BF "¿" */
    0x0, 0x5, 0xf8, 0x0, 0x0, 0x0, 0xaf, 0xd0,
    0x0, 0x0, 0x2, 0x83, 0x0, 0x0, 0x0, 0x0,
    0x0, 0x0, 0x0, 0x1, 0x63, 0x0, 0x0, 0x0,
    0x5f, 0x60, 0x0, 0x0, 0xc, 0xf4, 0x0, 0x0,
    0x1c, 0xfc, 0x0, 0x0, 0x2e, 0xfa, 0x0, 0x0,
    0xa, 0xf8, 0x0, 0x0, 0x0, 0xee, 0x0, 0x0,
    0x0, 0xf, 0xd0, 0x0, 0x7, 0xe5, 0xbf, 0x40,
    0x1, 0xdf, 0x23, 0xff, 0xa9, 0xef, 0x80, 0x3,
    0xbe, 0xfc, 0x60, 0x0,

    /* U+00C0 "À" */
    0x0, 0x0, 0x5d, 0x60, 0x0, 0x0, 0x0, 0x0,
    0x0, 0xc, 0xe0, 0x0, 0x0, 0x0, 0x0, 0x0,
    0x2, 0xf6, 0x0, 0x0, 0x0, 0x0, 0x0, 0x0,
    0x0, 0x0, 0x0, 0x0, 0x0, 0x0, 0x0, 0x0,
    0x0, 0x0, 0x0, 0x0, 0x0, 0x6, 0xff, 0x20,
    0x0, 0x0, 0x0, 0x0, 0xc, 0xef, 0x80, 0x0,
    0x0, 0x0, 0x0, 0x2f, 0x8c, 0xe0, 0x0, 0x0,
    0x0, 0x0, 0x8f, 0x37, 0xf4, 0x0, 0x0, 0x0,
    0x0, 0xed, 0x2, 0xfa, 0x0, 0x0, 0x0, 0x4,
    0xf8, 0x0, 0xcf, 0x10, 0x0, 0x0, 0xa, 0xf2,
    0x0, 0x6f, 0x60, 0x0, 0x0, 0x1f, 0xc0, 0x0,
    0x1f, 0xc0, 0x0, 0x0, 0x6f, 0xd9, 0x99, 0x9e,
    0xf3, 0x0, 0x0, 0xcf, 0xff, 0xff, 0xff, 0xf9,
    0x0, 0x2, 0xfb, 0x0, 0x0, 0x0, 0xee, 0x0,
    0x8, 0xf5, 0x0, 0x0, 0x0, 0x9f, 0x50, 0xe,
    0xf0, 0x0, 0x0, 0x0, 0x3f, 0xb0, 0x4f, 0xa0,
    0x0, 0x0, 0x0, 0xd, 0xf1,

    /* U+00C1 "Á" */
    0x0, 0x0, 0x0, 0x5, 0x82, 0x0, 0x0, 0x0,
    0x0, 0x0, 0x1f, 0xb0, 0x0, 0x0, 0x0, 0x0,
    0x0, 0x9d, 0x10, 0x0, 0x0, 0x0, 0x0, 0x0,
    0x0, 0x0, 0x0, 0x0, 0x0, 0x0, 0x0, 0x0,
    0x0, 0x0, 0x0, 0x0, 0x0, 0x6, 0xff, 0x20,
    0x0, 0x0, 0x0, 0x0, 0xc, 0xef, 0x80, 0x0,
    0x0, 0x0, 0x0, 0x2f, 0x8c, 0xe0, 0x0, 0x0,
    0x0, 0x0, 0x8f, 0x37, 0xf4, 0x0, 0x0, 0x0,
    0x0, 0xed, 0x2, 0xfa, 0x0, 0x0, 0x0, 0x4,
    0xf8, 0x0, 0xcf, 0x10, 0x0, 0x0, 0xa, 0xf2,
    0x0, 0x6f, 0x60, 0x0, 0x0, 0x1f, 0xc0, 0x0,
    0x1f, 0xc0, 0x0, 0x0, 0x6f, 0xd9, 0x99, 0x9e,
    0xf3, 0x0, 0x0, 0xcf, 0xff, 0xff, 0xff, 0xf9,
    0x0, 0x2, 0xfb, 0x0, 0x0, 0x0, 0xee, 0x0,
    0x8, 0xf5, 0x0, 0x0, 0x0, 0x9f, 0x50, 0xe,
    0xf0, 0x0, 0x0, 0x0, 0x3f, 0xb0, 0x4f, 0xa0,
    0x0, 0x0, 0x0, 0xd, 0xf1,

    /* U+00C2 "Â" */
    0x0, 0x0, 0x1, 0x77, 0x0, 0x0, 0x0, 0x0,
    0x0, 0x1d, 0xce, 0xa0, 0x0, 0x0, 0x0, 0x0,
    0xcd, 0x13, 0xf9, 0x0, 0x0, 0x0, 0x0, 0x0,
    0x0, 0x0, 0x0, 0x0, 0x0, 0x0, 0x0, 0x0,
    0x0, 0x0, 0x0, 0x0, 0x0, 0x6, 0xff, 0x20,
    0x0, 0x0, 0x0, 0x0, 0xc, 0xef, 0x80, 0x0,
    0x0, 0x0, 0x0, 0x2f, 0x8c, 0xe0, 0x0, 0x0,
    0x0, 0x0, 0x8f, 0x37, 0xf4, 0x0, 0x0, 0x0,
    0x0, 0xed, 0x2, 0xfa, 0x0, 0x0, 0x0, 0x4,
    0xf8, 0x0, 0xcf, 0x10, 0x0, 0x0, 0xa, 0xf2,
    0x0, 0x6f, 0x60, 0x0, 0x0, 0x1f, 0xc0, 0x0,
    0x1f, 0xc0, 0x0, 0x0, 0x6f, 0xd9, 0x99, 0x9e,
    0xf3, 0x0, 0x0, 0xcf, 0xff, 0xff, 0xff, 0xf9,
    0x0, 0x2, 0xfb, 0x0, 0x0, 0x0, 0xee, 0x0,
    0x8, 0xf5, 0x0, 0x0, 0x0, 0x9f, 0x50, 0xe,
    0xf0, 0x0, 0x0, 0x0, 0x3f, 0xb0, 0x4f, 0xa0,
    0x0, 0x0, 0x0, 0xd, 0xf1,

    /* U+00C3 "Ã" */
    0x0, 0x0, 0x0, 0x0, 0x0, 0x0, 0x0, 0x0,
    0x0, 0x9f, 0xff, 0xf8, 0x0, 0x0, 0x0, 0x0,
    0x33, 0x33, 0x20, 0x0, 0x0, 0x0, 0x0, 0x0,
    0x0, 0x0, 0x0, 0x0, 0x0, 0x0, 0x0, 0x0,
    0x0, 0x0, 0x0, 0x0, 0x0, 0x6, 0xff, 0x20,
    0x0, 0x0, 0x0, 0x0, 0xc, 0xef, 0x80, 0x0,
    0x0, 0x0, 0x0, 0x2f, 0x8c, 0xe0, 0x0, 0x0,
    0x0, 0x0, 0x8f, 0x37, 0xf4, 0x0, 0x0, 0x0,
    0x0, 0xed, 0x2, 0xfa, 0x0, 0x0, 0x0, 0x4,
    0xf8, 0x0, 0xcf, 0x10, 0x0, 0x0, 0xa, 0xf2,
    0x0, 0x6f, 0x60, 0x0, 0x0, 0x1f, 0xc0, 0x0,
    0x1f, 0xc0, 0x0, 0x0, 0x6f, 0xd9, 0x99, 0x9e,
    0xf3, 0x0, 0x0, 0xcf, 0xff, 0xff, 0xff, 0xf9,
    0x0, 0x2, 0xfb, 0x0, 0x0, 0x0, 0xee, 0x0,
    0x8, 0xf5, 0x0, 0x0, 0x0, 0x9f, 0x50, 0xe,
    0xf0, 0x0, 0x0, 0x0, 0x3f, 0xb0, 0x4f, 0xa0,
    0x0, 0x0, 0x0, 0xd, 0xf1,

    /* U+00C4 "Ä" */
    0x0, 0x0, 0x31, 0x0, 0x22, 0x0, 0x0, 0x0,
    0x3, 0xfe, 0x1, 0xff, 0x0, 0x0, 0x0, 0x1,
    0xeb, 0x0, 0xdc, 0x0, 0x0, 0x0, 0x0, 0x0,
    0x0, 0x0, 0x0, 0x0, 0x0, 0x0, 0x0, 0x0,
    0x0, 0x0, 0x0, 0x0, 0x0, 0x6, 0xff, 0x20,
    0x0, 0x0, 0x0, 0x0, 0xc, 0xef, 0x80, 0x0,
    0x0, 0x0, 0x0, 0x2f, 0x8c, 0xe0, 0x0, 0x0,
    0x0, 0x0, 0x8f, 0x37, 0xf4, 0x0, 0x0, 0x0,
    0x0, 0xed, 0x2, 0xfa, 0x0, 0x0, 0x0, 0x4,
    0xf8, 0x0, 0xcf, 0x10, 0x0, 0x0, 0xa, 0xf2,
    0x0, 0x6f, 0x60, 0x0, 0x0, 0x1f, 0xc0, 0x0,
    0x1f, 0xc0, 0x0, 0x0, 0x6f, 0xd9, 0x99, 0x9e,
    0xf3, 0x0, 0x0, 0xcf, 0xff, 0xff, 0xff, 0xf9,
    0x0, 0x2, 0xfb, 0x0, 0x0, 0x0, 0xee, 0x0,
    0x8, 0xf5, 0x0, 0x0, 0x0, 0x9f, 0x50, 0xe,
    0xf0, 0x0, 0x0, 0x0, 0x3f, 0xb0, 0x4f, 0xa0,
    0x0, 0x0, 0x0, 0xd, 0xf1,

    /* U+00C5 "Å" */
    0x0, 0x0, 0x0, 0x0, 0x0, 0x0, 0x0, 0x0,
    0x0, 0x8, 0xfe, 0x50, 0x0, 0x0, 0x0, 0x0,
    0x6f, 0x57, 0xf3, 0x0, 0x0, 0x0, 0x0, 0xab,
    0x0, 0xe6, 0x0, 0x0, 0x0, 0x0, 0x7e, 0x24,
    0xf4, 0x0, 0x0, 0x0, 0x0, 0xb, 0xff, 0x80,
    0x0, 0x0, 0x0, 0x0, 0x0, 0x21, 0x0, 0x0,
    0x0, 0x0, 0x0, 0x6, 0xff, 0x20, 0x0, 0x0,
    0x0, 0x0, 0xc, 0xef, 0x80, 0x0, 0x0, 0x0,
    0x0, 0x2f, 0x8c, 0xe0, 0x0, 0x0, 0x0, 0x0,
    0x8f, 0x37, 0xf4, 0x0, 0x0, 0x0, 0x0, 0xed,
    0x2, 0xfa, 0x0, 0x0, 0x0, 0x4, 0xf8, 0x0,
    0xcf, 0x10, 0x0, 0x0, 0xa, 0xf2, 0x0, 0x6f,
    0x60, 0x0, 0x0, 0x1f, 0xc0, 0x0, 0x1f, 0xc0,
    0x0, 0x0, 0x6f, 0xd9, 0x99, 0x9e, 0xf3, 0x0,
    0x0, 0xcf, 0xff, 0xff, 0xff, 0xf9, 0x0, 0x2,
    0xfb, 0x0, 0x0, 0x0, 0xee, 0x0, 0x8, 0xf5,
    0x0, 0x0, 0x0, 0x9f, 0x50, 0xe, 0xf0, 0x0,
    0x0, 0x0, 0x3f, 0xb0, 0x4f, 0xa0, 0x0, 0x0,
    0x0, 0xd, 0xf1,

    /* U+00C6 "Æ" */
    0x0, 0x0, 0x0, 0xc, 0xff, 0xff, 0xff, 0xff,
    0xff, 0x70, 0x0, 0x0, 0x3, 0xfa, 0x7f, 0xca,
    0xaa, 0xaa, 0xa4, 0x0, 0x0, 0x0, 0xcf, 0x25,
    0xf7, 0x0, 0x0, 0x0, 0x0, 0x0, 0x0, 0x3f,
    0xa0, 0x5f, 0x70, 0x0, 0x0, 0x0, 0x0, 0x0,
    0xb, 0xf2, 0x5, 0xf7, 0x0, 0x0, 0x0, 0x0,
    0x0, 0x3, 0xfa, 0x0, 0x5f, 0x70, 0x0, 0x0,
    0x0, 0x0, 0x0, 0xbf, 0x20, 0x5, 0xff, 0xff,
    0xff, 0xff, 0x0, 0x0, 0x3f, 0xa0, 0x0, 0x5f,
    0xca, 0xaa, 0xaa, 0xa0, 0x0, 0xb, 0xfa, 0x88,
    0x8a, 0xf7, 0x0, 0x0, 0x0, 0x0, 0x3, 0xff,
    0xff, 0xff, 0xff, 0x70, 0x0, 0x0, 0x0, 0x0,
    0xbf, 0x30, 0x0, 0x5, 0xf7, 0x0, 0x0, 0x0,
    0x0, 0x3f, 0xb0, 0x0, 0x0, 0x5f, 0x70, 0x0,
    0x0, 0x0, 0xb, 0xf4, 0x0, 0x0, 0x5, 0xfc,
    0xaa, 0xaa, 0xaa, 0x53, 0xfc, 0x0, 0x0, 0x0,
    0x5f, 0xff, 0xff, 0xff, 0xf9,

    /* U+00C7 "Ç" */
    0x0, 0x3, 0xad, 0xfe, 0xb5, 0x0, 0x0, 0x8,
    0xff, 0xdb, 0xcf, 0xfb, 0x0, 0x7, 0xfd, 0x30,
    0x0, 0x1a, 0xfa, 0x1, 0xfe, 0x10, 0x0, 0x0,
    0xc, 0xf3, 0x6f, 0x70, 0x0, 0x0, 0x0, 0x38,
    0x3a, 0xf2, 0x0, 0x0, 0x0, 0x0, 0x0, 0xcf,
    0x0, 0x0, 0x0, 0x0, 0x0, 0xc, 0xf0, 0x0,
    0x0, 0x0, 0x0, 0x0, 0xaf, 0x20, 0x0, 0x0,
    0x0, 0x0, 0x6, 0xf7, 0x0, 0x0, 0x0, 0x3,
    0x83, 0x1f, 0xe1, 0x0, 0x0, 0x0, 0xcf, 0x30,
    0x7f, 0xd3, 0x0, 0x1, 0xaf, 0xa0, 0x0, 0x8f,
    0xfd, 0xbc, 0xff, 0xb0, 0x0, 0x0, 0x3a, 0xdf,
    0xfb, 0x50, 0x0, 0x0, 0x0, 0x0, 0xe4, 0x0,
    0x0, 0x0, 0x0, 0x0, 0xb, 0xeb, 0x0, 0x0,
    0x0, 0x0, 0x0, 0x7, 0xe0, 0x0, 0x0, 0x0,
    0x0, 0x7f, 0xe6, 0x0, 0x0,

    /* U+00C8 "È" */
    0x0, 0x1c, 0xb0, 0x0, 0x0, 0x0, 0x7, 0xf4,
    0x0, 0x0, 0x0, 0x0, 0xcc, 0x0, 0x0, 0x0,
    0x0, 0x0, 0x0, 0x0, 0x0, 0x0, 0x0, 0x0,
    0x0, 0x3f, 0xff, 0xff, 0xff, 0xfa, 0x3f, 0xda,
    0xaa, 0xaa, 0xa6, 0x3f, 0x90, 0x0, 0x0, 0x0,
    0x3f, 0x90, 0x0, 0x0, 0x0, 0x3f, 0x90, 0x0,
    0x0, 0x0, 0x3f, 0x90, 0x0, 0x0, 0x0, 0x3f,
    0xff, 0xff, 0xff, 0xf2, 0x3f, 0xda, 0xaa, 0xaa,
    0xa1, 0x3f, 0x90, 0x0, 0x0, 0x0, 0x3f, 0x90,
    0x0, 0x0, 0x0, 0x3f, 0x90, 0x0, 0x0, 0x0,
    0x3f, 0x90, 0x0, 0x0, 0x0, 0x3f, 0xda, 0xaa,
    0xaa, 0xa7, 0x3f, 0xff, 0xff, 0xff, 0xfb,

    /* U+00C9 "É" */
    0x0, 0x0, 0x2, 0x84, 0x0, 0x0, 0x0, 0xb,
    0xe1, 0x0, 0x0, 0x0, 0x4f, 0x40, 0x0, 0x0,
    0x0, 0x0, 0x0, 0x0, 0x0, 0x0, 0x0, 0x0,
    0x0, 0x3f, 0xff, 0xff, 0xff, 0xfa, 0x3f, 0xda,
    0xaa, 0xaa, 0xa6, 0x3f, 0x90, 0x0, 0x0, 0x0,
    0x3f, 0x90, 0x0, 0x0, 0x0, 0x3f, 0x90, 0x0,
    0x0, 0x0, 0x3f, 0x90, 0x0, 0x0, 0x0, 0x3f,
    0xff, 0xff, 0xff, 0xf2, 0x3f, 0xda, 0xaa, 0xaa,
    0xa1, 0x3f, 0x90, 0x0, 0x0, 0x0, 0x3f, 0x90,
    0x0, 0x0, 0x0, 0x3f, 0x90, 0x0, 0x0, 0x0,
    0x3f, 0x90, 0x0, 0x0, 0x0, 0x3f, 0xda, 0xaa,
    0xaa, 0xa7, 0x3f, 0xff, 0xff, 0xff, 0xfb,

    /* U+00CA "Ê" */
    0x0, 0x0, 0x68, 0x20, 0x0, 0x0, 0x8, 0xfb,
    0xe1, 0x0, 0x0, 0x7f, 0x40, 0xcd, 0x10, 0x0,
    0x0, 0x0, 0x0, 0x0, 0x0, 0x0, 0x0, 0x0,
    0x0, 0x3f, 0xff, 0xff, 0xff, 0xfa, 0x3f, 0xda,
    0xaa, 0xaa, 0xa6, 0x3f, 0x90, 0x0, 0x0, 0x0,
    0x3f, 0x90, 0x0, 0x0, 0x0, 0x3f, 0x90, 0x0,
    0x0, 0x0, 0x3f, 0x90, 0x0, 0x0, 0x0, 0x3f,
    0xff, 0xff, 0xff, 0xf2, 0x3f, 0xda, 0xaa, 0xaa,
    0xa1, 0x3f, 0x90, 0x0, 0x0, 0x0, 0x3f, 0x90,
    0x0, 0x0, 0x0, 0x3f, 0x90, 0x0, 0x0, 0x0,
    0x3f, 0x90, 0x0, 0x0, 0x0, 0x3f, 0xda, 0xaa,
    0xaa, 0xa7, 0x3f, 0xff, 0xff, 0xff, 0xfb,

    /* U+00CB "Ë" */
    0x0, 0x13, 0x0, 0x13, 0x0, 0x0, 0xdf, 0x30,
    0xbf, 0x50, 0x0, 0xae, 0x20, 0x8e, 0x30, 0x0,
    0x0, 0x0, 0x0, 0x0, 0x0, 0x0, 0x0, 0x0,
    0x0, 0x3f, 0xff, 0xff, 0xff, 0xfa, 0x3f, 0xda,
    0xaa, 0xaa, 0xa6, 0x3f, 0x90, 0x0, 0x0, 0x0,
    0x3f, 0x90, 0x0, 0x0, 0x0, 0x3f, 0x90, 0x0,
    0x0, 0x0, 0x3f, 0x90, 0x0, 0x0, 0x0, 0x3f,
    0xff, 0xff, 0xff, 0xf2, 0x3f, 0xda, 0xaa, 0xaa,
    0xa1, 0x3f, 0x90, 0x0, 0x0, 0x0, 0x3f, 0x90,
    0x0, 0x0, 0x0, 0x3f, 0x90, 0x0, 0x0, 0x0,
    0x3f, 0x90, 0x0, 0x0, 0x0, 0x3f, 0xda, 0xaa,
    0xaa, 0xa7, 0x3f, 0xff, 0xff, 0xff, 0xfb,

    /* U+00CC "Ì" */
    0x8d, 0x30, 0x1e, 0xb0, 0x5, 0xf3, 0x0, 0x0,
    0x0, 0x0, 0x3, 0xf9, 0x3, 0xf9, 0x3, 0xf9,
    0x3, 0xf9, 0x3, 0xf9, 0x3, 0xf9, 0x3, 0xf9,
    0x3, 0xf9, 0x3, 0xf9, 0x3, 0xf9, 0x3, 0xf9,
    0x3, 0xf9, 0x3, 0xf9, 0x3, 0xf9,

    /* U+00CD "Í" */
    0x0, 0x67, 0x0, 0x4f, 0x70, 0xc, 0xb0, 0x0,
    0x0, 0x0, 0x0, 0x0, 0x3, 0xf9, 0x0, 0x3f,
    0x90, 0x3, 0xf9, 0x0, 0x3f, 0x90, 0x3, 0xf9,
    0x0, 0x3f, 0x90, 0x3, 0xf9, 0x0, 0x3f, 0x90,
    0x3, 0xf9, 0x0, 0x3f, 0x90, 0x3, 0xf9, 0x0,
    0x3f, 0x90, 0x3, 0xf9, 0x0, 0x3f, 0x90, 0x0,

    /* U+00CE "Î" */
    0x0, 0x38, 0x50, 0x0, 0x2e, 0xbf, 0x70, 0x2e,
    0xb0, 0x5f, 0x50, 0x0, 0x0, 0x0, 0x0, 0x0,
    0x0, 0x0, 0x3, 0xf9, 0x0, 0x0, 0x3f, 0x90,
    0x0, 0x3, 0xf9, 0x0, 0x0, 0x3f, 0x90, 0x0,
    0x3, 0xf9, 0x0, 0x0, 0x3f, 0x90, 0x0, 0x3,
    0xf9, 0x0, 0x0, 0x3f, 0x90, 0x0, 0x3, 0xf9,
    0x0, 0x0, 0x3f, 0x90, 0x0, 0x3, 0xf9, 0x0,
    0x0, 0x3f, 0x90, 0x0, 0x3, 0xf9, 0x0, 0x0,
    0x3f, 0x90, 0x0,

    /* U+00CF "Ï" */
    0x3, 0x0, 0x3, 0x16, 0xfa, 0x4, 0xfc, 0x4f,
    0x70, 0x2e, 0x90, 0x0, 0x0, 0x0, 0x0, 0x0,
    0x0, 0x0, 0x3, 0xf9, 0x0, 0x0, 0x3f, 0x90,
    0x0, 0x3, 0xf9, 0x0, 0x0, 0x3f, 0x90, 0x0,
    0x3, 0xf9, 0x0, 0x0, 0x3f, 0x90, 0x0, 0x3,
    0xf9, 0x0, 0x0, 0x3f, 0x90, 0x0, 0x3, 0xf9,
    0x0, 0x0, 0x3f, 0x90, 0x0, 0x3, 0xf9, 0x0,
    0x0, 0x3f, 0x90, 0x0, 0x3, 0xf9, 0x0, 0x0,
    0x3f, 0x90, 0x0,

    /* U+00D0 "Ð" */
    0x0, 0xff, 0xff, 0xfe, 0xc7, 0x10, 0x0, 0x0,
    0xff, 0xaa, 0xab, 0xef, 0xe4, 0x0, 0x0, 0xfe,
    0x0, 0x0, 0x5, 0xff, 0x20, 0x0, 0xfe, 0x0,
    0x0, 0x0, 0x4f, 0xc0, 0x0, 0xfe, 0x0, 0x0,
    0x0, 0xb, 0xf2, 0x0, 0xfe, 0x0, 0x0, 0x0,
    0x7, 0xf5, 0xcf, 0xff, 0xff, 0xfc, 0x0, 0x5,
    0xf7, 0x68, 0xff, 0x88, 0x86, 0x0, 0x5, 0xf7,
    0x0, 0xfe, 0x0, 0x0, 0x0, 0x7, 0xf5, 0x0,
    0xfe, 0x0, 0x0, 0x0, 0xb, 0xf2, 0x0, 0xfe,
    0x0, 0x0, 0x0, 0x4f, 0xc0, 0x0, 0xfe, 0x0,
    0x0, 0x5, 0xff, 0x20, 0x0, 0xff, 0xaa, 0xab,
    0xef, 0xe4, 0x0, 0x0, 0xff, 0xff, 0xfe, 0xc7,
    0x10, 0x0,

    /* U+00D1 "Ñ" */
    0x0, 0x0, 0x0, 0x0, 0x0, 0x0, 0x0, 0x0,
    0x1d, 0xff, 0xff, 0x30, 0x0, 0x0, 0x0, 0x33,
    0x33, 0x10, 0x0, 0x0, 0x0, 0x0, 0x0, 0x0,
    0x0, 0x0, 0x0, 0x0, 0x0, 0x0, 0x0, 0x0,
    0x3, 0xff, 0x40, 0x0, 0x0, 0x8, 0xf5, 0x3f,
    0xfe, 0x0, 0x0, 0x0, 0x8f, 0x53, 0xfc, 0xf9,
    0x0, 0x0, 0x8, 0xf5, 0x3f, 0x8b, 0xf4, 0x0,
    0x0, 0x8f, 0x53, 0xf9, 0x2f, 0xd0, 0x0, 0x8,
    0xf5, 0x3f, 0x90, 0x8f, 0x90, 0x0, 0x8f, 0x53,
    0xf9, 0x0, 0xdf, 0x30, 0x8, 0xf5, 0x3f, 0xa0,
    0x3, 0xfd, 0x0, 0x8f, 0x53, 0xfa, 0x0, 0x8,
    0xf8, 0x8, 0xf5, 0x3f, 0xa0, 0x0, 0xd, 0xf3,
    0x8f, 0x53, 0xfa, 0x0, 0x0, 0x3f, 0xc8, 0xf5,
    0x3f, 0xa0, 0x0, 0x0, 0x8f, 0xcf, 0x53, 0xfa,
    0x0, 0x0, 0x0, 0xdf, 0xf5, 0x3f, 0xa0, 0x0,
    0x0, 0x3, 0xff, 0x50,

    /* U+00D2 "Ò" */
    0x0, 0x0, 0x9f, 0x40, 0x0, 0x0, 0x0, 0x0,
    0x0, 0xe, 0xc0, 0x0, 0x0, 0x0, 0x0, 0x0,
    0x4, 0xd2, 0x0, 0x0, 0x0, 0x0, 0x0, 0x0,
    0x0, 0x0, 0x0, 0x0, 0x0, 0x0, 0x0, 0x0,
    0x0, 0x0, 0x0, 0x0, 0x3, 0xad, 0xfe, 0xb5,
    0x0, 0x0, 0x0, 0x8f, 0xfd, 0xbc, 0xff, 0xb1,
    0x0, 0x6, 0xfd, 0x30, 0x0, 0x1b, 0xfb, 0x0,
    0x1f, 0xe1, 0x0, 0x0, 0x0, 0xbf, 0x50, 0x6f,
    0x70, 0x0, 0x0, 0x0, 0x3f, 0xb0, 0xaf, 0x20,
    0x0, 0x0, 0x0, 0xe, 0xf0, 0xcf, 0x0, 0x0,
    0x0, 0x0, 0xc, 0xf0, 0xcf, 0x0, 0x0, 0x0,
    0x0, 0xc, 0xf0, 0xaf, 0x20, 0x0, 0x0, 0x0,
    0xd, 0xf0, 0x6f, 0x70, 0x0, 0x0, 0x0, 0x2f,
    0xb0, 0x1f, 0xe1, 0x0, 0x0, 0x0, 0xbf, 0x50,
    0x6, 0xfd, 0x30, 0x0, 0x1b, 0xfb, 0x0, 0x0,
    0x8f, 0xfd, 0xbc, 0xff, 0xb1, 0x0, 0x0, 0x3,
    0xad, 0xfe, 0xb5, 0x0, 0x0,

    /* U+00D3 "Ó" */
    0x0, 0x0, 0x0, 0xe, 0xd0, 0x0, 0x0, 0x0,
    0x0, 0x0, 0x6f, 0x40, 0x0, 0x0, 0x0, 0x0,
    0x0, 0xda, 0x0, 0x0, 0x0, 0x0, 0x0, 0x0,
    0x0, 0x0, 0x0, 0x0, 0x0, 0x0, 0x0, 0x0,
    0x0, 0x0, 0x0, 0x0, 0x3, 0xad, 0xfe, 0xb5,
    0x0, 0x0, 0x0, 0x8f, 0xfd, 0xbc, 0xff, 0xb1,
    0x0, 0x6, 0xfd, 0x30, 0x0, 0x1b, 0xfb, 0x0,
    0x1f, 0xe1, 0x0, 0x0, 0x0, 0xbf, 0x50, 0x6f,
    0x70, 0x0, 0x0, 0x0, 0x3f, 0xb0, 0xaf, 0x20,
    0x0, 0x0, 0x0, 0xe, 0xf0, 0xcf, 0x0, 0x0,
    0x0, 0x0, 0xc, 0xf0, 0xcf, 0x0, 0x0, 0x0,
    0x0, 0xc, 0xf0, 0xaf, 0x20, 0x0, 0x0, 0x0,
    0xd, 0xf0, 0x6f, 0x70, 0x0, 0x0, 0x0, 0x2f,
    0xb0, 0x1f, 0xe1, 0x0, 0x0, 0x0, 0xbf, 0x50,
    0x6, 0xfd, 0x30, 0x0, 0x1b, 0xfb, 0x0, 0x0,
    0x8f, 0xfd, 0xbc, 0xff, 0xb1, 0x0, 0x0, 0x3,
    0xad, 0xfe, 0xb5, 0x0, 0x0,

    /* U+00D4 "Ô" */
    0x0, 0x0, 0xa, 0xfd, 0x10, 0x0, 0x0, 0x0,
    0x0, 0x9f, 0x3c, 0xc0, 0x0, 0x0, 0x0, 0x2,
    0x83, 0x1, 0x74, 0x0, 0x0, 0x0, 0x0, 0x0,
    0x0, 0x0, 0x0, 0x0, 0x0, 0x0, 0x0, 0x0,
    0x0, 0x0, 0x0, 0x0, 0x3, 0xad, 0xfe, 0xb5,
    0x0, 0x0, 0x0, 0x8f, 0xfd, 0xbc, 0xff, 0xb1,
    0x0, 0x6, 0xfd, 0x30, 0x0, 0x1b, 0xfb, 0x0,
    0x1f, 0xe1, 0x0, 0x0, 0x0, 0xbf, 0x50, 0x6f,
    0x70, 0x0, 0x0, 0x0, 0x3f, 0xb0, 0xaf, 0x20,
    0x0, 0x0, 0x0, 0xe, 0xf0, 0xcf, 0x0, 0x0,
    0x0, 0x0, 0xc, 0xf0, 0xcf, 0x0, 0x0, 0x0,
    0x0, 0xc, 0xf0, 0xaf, 0x20, 0x0, 0x0, 0x0,
    0xd, 0xf0, 0x6f, 0x70, 0x0, 0x0, 0x0, 0x2f,
    0xb0, 0x1f, 0xe1, 0x0, 0x0, 0x0, 0xbf, 0x50,
    0x6, 0xfd, 0x30, 0x0, 0x1b, 0xfb, 0x0, 0x0,
    0x8f, 0xfd, 0xbc, 0xff, 0xb1, 0x0, 0x0, 0x3,
    0xad, 0xfe, 0xb5, 0x0, 0x0,

    /* U+00D5 "Õ" */
    0x0, 0x0, 0x0, 0x0, 0x0, 0x0, 0x0, 0x0,
    0x0, 0x9f, 0xa2, 0xd6, 0x0, 0x0, 0x0, 0x1,
    0xf6, 0xaf, 0xe1, 0x0, 0x0, 0x0, 0x0, 0x30,
    0x1, 0x10, 0x0, 0x0, 0x0, 0x0, 0x0, 0x0,
    0x0, 0x0, 0x0, 0x0, 0x0, 0x0, 0x0, 0x0,
    0x0, 0x0, 0x0, 0x3, 0xad, 0xfe, 0xb5, 0x0,
    0x0, 0x0, 0x8f, 0xfd, 0xbc, 0xff, 0xb1, 0x0,
    0x6, 0xfd, 0x30, 0x0, 0x1b, 0xfb, 0x0, 0x1f,
    0xe1, 0x0, 0x0, 0x0, 0xbf, 0x50, 0x6f, 0x70,
    0x0, 0x0, 0x0, 0x3f, 0xb0, 0xaf, 0x20, 0x0,
    0x0, 0x0, 0xe, 0xf0, 0xcf, 0x0, 0x0, 0x0,
    0x0, 0xc, 0xf0, 0xcf, 0x0, 0x0, 0x0, 0x0,
    0xc, 0xf0, 0xaf, 0x20, 0x0, 0x0, 0x0, 0xd,
    0xf0, 0x6f, 0x70, 0x0, 0x0, 0x0, 0x2f, 0xb0,
    0x1f, 0xe1, 0x0, 0x0, 0x0, 0xbf, 0x50, 0x6,
    0xfd, 0x30, 0x0, 0x1b, 0xfb, 0x0, 0x0, 0x8f,
    0xfd, 0xbc, 0xff, 0xb1, 0x0, 0x0, 0x3, 0xad,
    0xfe, 0xb5, 0x0, 0x0,

    /* U+00D6 "Ö" */
    0x0, 0x4, 0xf7, 0x3, 0xe9, 0x0, 0x0, 0x0,
    0x7, 0xfa, 0x5, 0xfc, 0x0, 0x0, 0x0, 0x0,
    0x30, 0x0, 0x31, 0x0, 0x0, 0x0, 0x0, 0x0,
    0x0, 0x0, 0x0, 0x0, 0x0, 0x0, 0x0, 0x0,
    0x0, 0x0, 0x0, 0x0, 0x3, 0xad, 0xfe, 0xb5,
    0x0, 0x0, 0x0, 0x8f, 0xfd, 0xbc, 0xff, 0xb1,
    0x0, 0x6, 0xfd, 0x30, 0x0, 0x1b, 0xfb, 0x0,
    0x1f, 0xe1, 0x0, 0x0, 0x0, 0xbf, 0x50, 0x6f,
    0x70, 0x0, 0x0, 0x0, 0x3f, 0xb0, 0xaf, 0x20,
    0x0, 0x0, 0x0, 0xe, 0xf0, 0xcf, 0x0, 0x0,
    0x0, 0x0, 0xc, 0xf0, 0xcf, 0x0, 0x0, 0x0,
    0x0, 0xc, 0xf0, 0xaf, 0x20, 0x0, 0x0, 0x0,
    0xd, 0xf0, 0x6f, 0x70, 0x0, 0x0, 0x0, 0x2f,
    0xb0, 0x1f, 0xe1, 0x0, 0x0, 0x0, 0xbf, 0x50,
    0x6, 0xfd, 0x30, 0x0, 0x1b, 0xfb, 0x0, 0x0,
    0x8f, 0xfd, 0xbc, 0xff, 0xb1, 0x0, 0x0, 0x3,
    0xad, 0xfe, 0xb5, 0x0, 0x0,

    /* U+00D7 "×" */
    0x0, 0x0, 0x0, 0x0, 0x0, 0x8d, 0x10, 0x0,
    0xa, 0xc0, 0x5f, 0xd1, 0x0, 0xaf, 0xa0, 0x5,
    0xfd, 0x1a, 0xf9, 0x0, 0x0, 0x5f, 0xff, 0x90,
    0x0, 0x0, 0xc, 0xff, 0x10, 0x0, 0x0, 0xaf,
    0xbf, 0xd1, 0x0, 0xa, 0xf9, 0x5, 0xfd, 0x10,
    0x9f, 0x90, 0x0, 0x5f, 0xd0, 0x48, 0x0, 0x0,
    0x5, 0x70,

    /* U+00D8 "Ø" */
    0x0, 0x0, 0x0, 0x0, 0x0, 0x1, 0x0, 0x0,
    0x3, 0xad, 0xfe, 0xb5, 0x7e, 0x20, 0x0, 0x8f,
    0xfd, 0xbc, 0xff, 0xfc, 0x0, 0x6, 0xfd, 0x30,
    0x0, 0x3f, 0xfc, 0x0, 0x1f, 0xe1, 0x0, 0x0,
    0xbf, 0xff, 0x50, 0x6f, 0x70, 0x0, 0x7, 0xf7,
    0x3f, 0xb0, 0xaf, 0x20, 0x0, 0x3f, 0xb0, 0xe,
    0xf0, 0xcf, 0x0, 0x1, 0xde, 0x10, 0xc, 0xf0,
    0xcf, 0x0, 0xa, 0xf4, 0x0, 0xc, 0xf0, 0xaf,
    0x20, 0x6f, 0x70, 0x0, 0xd, 0xf0, 0x6f, 0x73,
    0xfb, 0x0, 0x0, 0x2f, 0xb0, 0x1f, 0xff, 0xe1,
    0x0, 0x0, 0xbf, 0x50, 0x6, 0xff, 0x80, 0x0,
    0x1b, 0xfb, 0x0, 0x6, 0xff, 0xfd, 0xbc, 0xff,
    0xb1, 0x0, 0xb, 0xc3, 0xad, 0xfe, 0xb5, 0x0,
    0x0, 0x0, 0x0, 0x0, 0x0, 0x0, 0x0, 0x0,

    /* U+00D9 "Ù" */
    0x0, 0x0, 0xcf, 0x10, 0x0, 0x0, 0x0, 0x0,
    0x2, 0xf8, 0x0, 0x0, 0x0, 0x0, 0x0, 0x6,
    0xc0, 0x0, 0x0, 0x0, 0x0, 0x0, 0x0, 0x0,
    0x0, 0x0, 0x0, 0x0, 0x0, 0x0, 0x0, 0x0,
    0x3, 0xf9, 0x0, 0x0, 0x0, 0xb, 0xf2, 0x3f,
    0x90, 0x0, 0x0, 0x0, 0xbf, 0x23, 0xf9, 0x0,
    0x0, 0x0, 0xb, 0xf2, 0x3f, 0x90, 0x0, 0x0,
    0x0, 0xbf, 0x23, 0xf9, 0x0, 0x0, 0x0, 0xb,
    0xf2, 0x3f, 0x90, 0x0, 0x0, 0x0, 0xbf, 0x23,
    0xf9, 0x0, 0x0, 0x0, 0xb, 0xf2, 0x3f, 0x90,
    0x0, 0x0, 0x0, 0xbf, 0x23, 0xf9, 0x0, 0x0,
    0x0, 0xb, 0xf2, 0x2f, 0xb0, 0x0, 0x0, 0x0,
    0xdf, 0x10, 0xff, 0x10, 0x0, 0x0, 0x2f, 0xe0,
    0x8, 0xfc, 0x20, 0x0, 0x2d, 0xf7, 0x0, 0xb,
    0xff, 0xcb, 0xdf, 0xf9, 0x0, 0x0, 0x5, 0xbe,
    0xfe, 0xa4, 0x0, 0x0,

    /* U+00DA "Ú" */
    0x0, 0x0, 0x0, 0x2f, 0xb0, 0x0, 0x0, 0x0,
    0x0, 0xa, 0xf1, 0x0, 0x0, 0x0, 0x0, 0x1,
    0xf6, 0x0, 0x0, 0x0, 0x0, 0x0, 0x0, 0x0,
    0x0, 0x0, 0x0, 0x0, 0x0, 0x0, 0x0, 0x0,
    0x3, 0xf9, 0x0, 0x0, 0x0, 0xb, 0xf2, 0x3f,
    0x90, 0x0, 0x0, 0x0, 0xbf, 0x23, 0xf9, 0x0,
    0x0, 0x0, 0xb, 0xf2, 0x3f, 0x90, 0x0, 0x0,
    0x0, 0xbf, 0x23, 0xf9, 0x0, 0x0, 0x0, 0xb,
    0xf2, 0x3f, 0x90, 0x0, 0x0, 0x0, 0xbf, 0x23,
    0xf9, 0x0, 0x0, 0x0, 0xb, 0xf2, 0x3f, 0x90,
    0x0, 0x0, 0x0, 0xbf, 0x23, 0xf9, 0x0, 0x0,
    0x0, 0xb, 0xf2, 0x2f, 0xb0, 0x0, 0x0, 0x0,
    0xdf, 0x10, 0xff, 0x10, 0x0, 0x0, 0x2f, 0xe0,
    0x8, 0xfc, 0x20, 0x0, 0x2d, 0xf7, 0x0, 0xb,
    0xff, 0xcb, 0xdf, 0xf9, 0x0, 0x0, 0x5, 0xbe,
    0xfe, 0xa4, 0x0, 0x0,

    /* U+00DB "Û" */
    0x0, 0x0, 0xc, 0xfb, 0x0, 0x0, 0x0, 0x0,
    0xc, 0xd3, 0xea, 0x0, 0x0, 0x0, 0x4, 0x82,
    0x3, 0x82, 0x0, 0x0, 0x0, 0x0, 0x0, 0x0,
    0x0, 0x0, 0x0, 0x0, 0x0, 0x0, 0x0, 0x0,
    0x3, 0xf9, 0x0, 0x0, 0x0, 0xb, 0xf2, 0x3f,
    0x90, 0x0, 0x0, 0x0, 0xbf, 0x23, 0xf9, 0x0,
    0x0, 0x0, 0xb, 0xf2, 0x3f, 0x90, 0x0, 0x0,
    0x0, 0xbf, 0x23, 0xf9, 0x0, 0x0, 0x0, 0xb,
    0xf2, 0x3f, 0x90, 0x0, 0x0, 0x0, 0xbf, 0x23,
    0xf9, 0x0, 0x0, 0x0, 0xb, 0xf2, 0x3f, 0x90,
    0x0, 0x0, 0x0, 0xbf, 0x23, 0xf9, 0x0, 0x0,
    0x0, 0xb, 0xf2, 0x2f, 0xb0, 0x0, 0x0, 0x0,
    0xdf, 0x10, 0xff, 0x10, 0x0, 0x0, 0x2f, 0xe0,
    0x8, 0xfc, 0x20, 0x0, 0x2d, 0xf7, 0x0, 0xb,
    0xff, 0xcb, 0xdf, 0xf9, 0x0, 0x0, 0x5, 0xbe,
    0xfe, 0xa4, 0x0, 0x0,

    /* U+00DC "Ü" */
    0x0, 0x7, 0xf4, 0x5, 0xf6, 0x0, 0x0, 0x0,
    0xaf, 0x60, 0x8f, 0x80, 0x0, 0x0, 0x0, 0x30,
    0x0, 0x30, 0x0, 0x0, 0x0, 0x0, 0x0, 0x0,
    0x0, 0x0, 0x0, 0x0, 0x0, 0x0, 0x0, 0x0,
    0x3, 0xf9, 0x0, 0x0, 0x0, 0xb, 0xf2, 0x3f,
    0x90, 0x0, 0x0, 0x0, 0xbf, 0x23, 0xf9, 0x0,
    0x0, 0x0, 0xb, 0xf2, 0x3f, 0x90, 0x0, 0x0,
    0x0, 0xbf, 0x23, 0xf9, 0x0, 0x0, 0x0, 0xb,
    0xf2, 0x3f, 0x90, 0x0, 0x0, 0x0, 0xbf, 0x23,
    0xf9, 0x0, 0x0, 0x0, 0xb, 0xf2, 0x3f, 0x90,
    0x0, 0x0, 0x0, 0xbf, 0x23, 0xf9, 0x0, 0x0,
    0x0, 0xb, 0xf2, 0x2f, 0xb0, 0x0, 0x0, 0x0,
    0xdf, 0x10, 0xff, 0x10, 0x0, 0x0, 0x2f, 0xe0,
    0x8, 0xfc, 0x20, 0x0, 0x2d, 0xf7, 0x0, 0xb,
    0xff, 0xcb, 0xdf, 0xf9, 0x0, 0x0, 0x5, 0xbe,
    0xfe, 0xa4, 0x0, 0x0,

    /* U+00DD "Ý" */
    0x0, 0x0, 0x0, 0x5, 0x71, 0x0, 0x0, 0x0,
    0x0, 0x0, 0x2f, 0x90, 0x0, 0x0, 0x0, 0x0,
    0x0, 0xbc, 0x0, 0x0, 0x0, 0x0, 0x0, 0x0,
    0x0, 0x0, 0x0, 0x0, 0x0, 0x0, 0x0, 0x0,
    0x0, 0x0, 0x0, 0x2f, 0xe1, 0x0, 0x0, 0x0,
    0x6f, 0xb0, 0x8, 0xf9, 0x0, 0x0, 0x1, 0xef,
    0x20, 0x0, 0xdf, 0x30, 0x0, 0xa, 0xf7, 0x0,
    0x0, 0x3f, 0xd0, 0x0, 0x4f, 0xc0, 0x0, 0x0,
    0x9, 0xf8, 0x0, 0xef, 0x20, 0x0, 0x0, 0x0,
    0xef, 0x28, 0xf8, 0x0, 0x0, 0x0, 0x0, 0x4f,
    0xbf, 0xd0, 0x0, 0x0, 0x0, 0x0, 0xa, 0xff,
    0x30, 0x0, 0x0, 0x0, 0x0, 0x2, 0xfb, 0x0,
    0x0, 0x0, 0x0, 0x0, 0x2, 0xfb, 0x0, 0x0,
    0x0, 0x0, 0x0, 0x2, 0xfb, 0x0, 0x0, 0x0,
    0x0, 0x0, 0x2, 0xfb, 0x0, 0x0, 0x0, 0x0,
    0x0, 0x2, 0xfb, 0x0, 0x0, 0x0, 0x0, 0x0,
    0x2, 0xfb, 0x0, 0x0, 0x0,

    /* U+00DE "Þ" */
    0x5f, 0x80, 0x0, 0x0, 0x0, 0x5, 0xf8, 0x0,
    0x0, 0x0, 0x0, 0x5f, 0xc9, 0x99, 0x72, 0x0,
    0x5, 0xff, 0xff, 0xff, 0xf9, 0x0, 0x5f, 0x80,
    0x0, 0x3b, 0xf7, 0x5, 0xf8, 0x0, 0x0, 0xe,
    0xe0, 0x5f, 0x80, 0x0, 0x0, 0xbf, 0x15, 0xf8,
    0x0, 0x0, 0xc, 0xf0, 0x5f, 0x80, 0x0, 0x5,
    0xfb, 0x5, 0xfc, 0x99, 0xac, 0xfe, 0x20, 0x5f,
    0xff, 0xff, 0xd9, 0x10, 0x5, 0xf8, 0x0, 0x0,
    0x0, 0x0, 0x5f, 0x80, 0x0, 0x0, 0x0, 0x5,
    0xf8, 0x0, 0x0, 0x0, 0x0,

    /* U+00DF "ß" */
    0x0, 0x5c, 0xff, 0xc6, 0x0, 0x0, 0x7f, 0xfb,
    0xae, 0xf9, 0x0, 0xf, 0xe2, 0x0, 0x1d, 0xf2,
    0x3, 0xf9, 0x0, 0x0, 0x8f, 0x40, 0x3f, 0x80,
    0x0, 0x9, 0xf2, 0x3, 0xf8, 0x0, 0x6, 0xf8,
    0x0, 0x3f, 0x80, 0xaf, 0xf8, 0x0, 0x3, 0xf8,
    0x6, 0xac, 0xfd, 0x20, 0x3f, 0x80, 0x0, 0x4,
    0xfc, 0x3, 0xf8, 0x0, 0x0, 0xb, 0xf1, 0x3f,
    0x80, 0x0, 0x0, 0xaf, 0x23, 0xf8, 0x0, 0x0,
    0x2f, 0xe0, 0x3f, 0x80, 0x6a, 0xbf, 0xf5, 0x3,
    0xf8, 0xb, 0xff, 0xb4, 0x0,

    /* U+00E0 "à" */
    0x0, 0xc, 0xf1, 0x0, 0x0, 0x0, 0x2, 0xf8,
    0x0, 0x0, 0x0, 0x0, 0x7c, 0x0, 0x0, 0x0,
    0x0, 0x0, 0x0, 0x0, 0x0, 0x29, 0xdf, 0xea,
    0x20, 0x2, 0xff, 0xb9, 0xbf, 0xe1, 0x7, 0xf5,
    0x0, 0x6, 0xf7, 0x0, 0x0, 0x0, 0x1, 0xfa,
    0x0, 0x1, 0x46, 0x8c, 0xfb, 0x1, 0xbf, 0xff,
    0xda, 0xfb, 0xd, 0xf8, 0x20, 0x1, 0xfb, 0x1f,
    0xb0, 0x0, 0x2, 0xfb, 0xf, 0xd0, 0x0, 0xb,
    0xfb, 0x9, 0xfd, 0x99, 0xeb, 0xfb, 0x0, 0x7d,
    0xfe, 0x81, 0xfb,

    /* U+00E1 "á" */
    0x0, 0x0, 0x0, 0x76, 0x0, 0x0, 0x0, 0x6,
    0xf6, 0x0, 0x0, 0x0, 0xd, 0xb0, 0x0, 0x0,
    0x0, 0x18, 0x20, 0x0, 0x0, 0x0, 0x0, 0x0,
    0x0, 0x0, 0x29, 0xdf, 0xea, 0x20, 0x2, 0xff,
    0xb9, 0xbf, 0xe1, 0x7, 0xf5, 0x0, 0x6, 0xf7,
    0x0, 0x0, 0x0, 0x1, 0xfa, 0x0, 0x1, 0x46,
    0x8c, 0xfb, 0x1, 0xbf, 0xff, 0xda, 0xfb, 0xd,
    0xf8, 0x20, 0x1, 0xfb, 0x1f, 0xb0, 0x0, 0x2,
    0xfb, 0xf, 0xd0, 0x0, 0xb, 0xfb, 0x9, 0xfd,
    0x99, 0xeb, 0xfb, 0x0, 0x7d, 0xfe, 0x81, 0xfb,

    /* U+00E2 "â" */
    0x0, 0x0, 0x48, 0x30, 0x0, 0x0, 0x3, 0xfe,
    0xe1, 0x0, 0x0, 0x1e, 0xc0, 0xdc, 0x0, 0x0,
    0x48, 0x10, 0x28, 0x30, 0x0, 0x0, 0x0, 0x0,
    0x0, 0x0, 0x29, 0xdf, 0xea, 0x20, 0x2, 0xff,
    0xb9, 0xbf, 0xe1, 0x7, 0xf5, 0x0, 0x6, 0xf7,
    0x0, 0x0, 0x0, 0x1, 0xfa, 0x0, 0x1, 0x46,
    0x8c, 0xfb, 0x1, 0xbf, 0xff, 0xda, 0xfb, 0xd,
    0xf8, 0x20, 0x1, 0xfb, 0x1f, 0xb0, 0x0, 0x2,
    0xfb, 0xf, 0xd0, 0x0, 0xb, 0xfb, 0x9, 0xfd,
    0x99, 0xeb, 0xfb, 0x0, 0x7d, 0xfe, 0x81, 0xfb,

    /* U+00E3 "ã" */
    0x0, 0x2d, 0xff, 0xff, 0x20, 0x0, 0x13, 0x43,
    0x31, 0x0, 0x0, 0x0, 0x0, 0x0, 0x0, 0x0,
    0x29, 0xdf, 0xea, 0x20, 0x2, 0xff, 0xb9, 0xbf,
    0xe1, 0x7, 0xf5, 0x0, 0x6, 0xf7, 0x0, 0x0,
    0x0, 0x1, 0xfa, 0x0, 0x1, 0x46, 0x8c, 0xfb,
    0x1, 0xbf, 0xff, 0xda, 0xfb, 0xd, 0xf8, 0x20,
    0x1, 0xfb, 0x1f, 0xb0, 0x0, 0x2, 0xfb, 0xf,
    0xd0, 0x0, 0xb, 0xfb, 0x9, 0xfd, 0x99, 0xeb,
    0xfb, 0x0, 0x7d, 0xfe, 0x81, 0xfb,

    /* U+00E4 "ä" */
    0x0, 0x7f, 0x40, 0x5f, 0x50, 0x0, 0xaf, 0x60,
    0x8f, 0x80, 0x0, 0x3, 0x0, 0x3, 0x0, 0x0,
    0x29, 0xdf, 0xea, 0x20, 0x2, 0xff, 0xb9, 0xbf,
    0xe1, 0x7, 0xf5, 0x0, 0x6, 0xf7, 0x0, 0x0,
    0x0, 0x1, 0xfa, 0x0, 0x1, 0x46, 0x8c, 0xfb,
    0x1, 0xbf, 0xff, 0xda, 0xfb, 0xd, 0xf8, 0x20,
    0x1, 0xfb, 0x1f, 0xb0, 0x0, 0x2, 0xfb, 0xf,
    0xd0, 0x0, 0xb, 0xfb, 0x9, 0xfd, 0x99, 0xeb,
    0xfb, 0x0, 0x7d, 0xfe, 0x81, 0xfb,

    /* U+00E5 "å" */
    0x0, 0x0, 0x0, 0x0, 0x0, 0x0, 0x1, 0xcf,
    0xb1, 0x0, 0x0, 0xd, 0xb4, 0xcb, 0x0, 0x0,
    0x1f, 0x40, 0x5f, 0x0, 0x0, 0xe, 0x91, 0xad,
    0x0, 0x0, 0x3, 0xff, 0xe2, 0x0, 0x0, 0x0,
    0x2, 0x0, 0x0, 0x0, 0x29, 0xdf, 0xea, 0x20,
    0x2, 0xff, 0xb9, 0xbf, 0xe1, 0x7, 0xf5, 0x0,
    0x6, 0xf7, 0x0, 0x0, 0x0, 0x1, 0xfa, 0x0,
    0x1, 0x46, 0x8c, 0xfb, 0x1, 0xbf, 0xff, 0xda,
    0xfb, 0xd, 0xf8, 0x20, 0x1, 0xfb, 0x1f, 0xb0,
    0x0, 0x2, 0xfb, 0xf, 0xd0, 0x0, 0xb, 0xfb,
    0x9, 0xfd, 0x99, 0xeb, 0xfb, 0x0, 0x7d, 0xfe,
    0x81, 0xfb,

    /* U+00E6 "æ" */
    0x0, 0x19, 0xdf, 0xe9, 0x10, 0x7d, 0xfe, 0x91,
    0x0, 0x2, 0xef, 0xc9, 0xbf, 0xda, 0xfc, 0x9b,
    0xfe, 0x20, 0x8, 0xf6, 0x0, 0x7, 0xff, 0x80,
    0x0, 0x5f, 0xb0, 0x0, 0x10, 0x0, 0x2, 0xfd,
    0x0, 0x0, 0xb, 0xf1, 0x0, 0x0, 0x2, 0x23,
    0xf9, 0x22, 0x22, 0x29, 0xf4, 0x0, 0x7d, 0xff,
    0xff, 0xff, 0xff, 0xff, 0xff, 0xf5, 0xb, 0xfc,
    0x75, 0x56, 0xfb, 0x55, 0x55, 0x55, 0x51, 0x1f,
    0xc0, 0x0, 0x2, 0xfc, 0x0, 0x0, 0x0, 0x0,
    0xf, 0xd0, 0x0, 0xa, 0xff, 0x60, 0x0, 0x1d,
    0xc0, 0x9, 0xfd, 0x9a, 0xef, 0x5c, 0xfd, 0xaa,
    0xef, 0x70, 0x0, 0x7d, 0xfe, 0xa2, 0x0, 0x8d,
    0xfe, 0xb4, 0x0,

    /* U+00E7 "ç" */
    0x0, 0x5c, 0xfe, 0xc5, 0x0, 0x8, 0xfe, 0xaa,
    0xef, 0x80, 0x4f, 0xc0, 0x0, 0x1c, 0xf2, 0xaf,
    0x30, 0x0, 0x2, 0x30, 0xee, 0x0, 0x0, 0x0,
    0x0, 0xfd, 0x0, 0x0, 0x0, 0x0, 0xee, 0x0,
    0x0, 0x0, 0x0, 0xaf, 0x30, 0x0, 0x2, 0x40,
    0x4f, 0xc0, 0x0, 0xc, 0xf2, 0x8, 0xfe, 0xaa,
    0xef, 0x80, 0x0, 0x5c, 0xff, 0xc5, 0x0, 0x0,
    0x0, 0x9a, 0x20, 0x0, 0x0, 0x0, 0x7b, 0xf2,
    0x0, 0x0, 0x0, 0x2, 0xf4, 0x0, 0x0, 0x1,
    0xff, 0xa0, 0x0,

    /* U+00E8 "è" */
    0x0, 0x5f, 0x80, 0x0, 0x0, 0x0, 0xb, 0xf0,
    0x0, 0x0, 0x0, 0x1, 0xd5, 0x0, 0x0, 0x0,
    0x0, 0x0, 0x0, 0x0, 0x0, 0x5c, 0xff, 0xb4,
    0x0, 0x8, 0xfe, 0x9a, 0xff, 0x50, 0x4f, 0xc0,
    0x0, 0x2e, 0xf1, 0xaf, 0x20, 0x0, 0x7, 0xf6,
    0xee, 0x22, 0x22, 0x25, 0xf9, 0xff, 0xff, 0xff,
    0xff, 0xfa, 0xee, 0x55, 0x55, 0x55, 0x53, 0xaf,
    0x10, 0x0, 0x0, 0x0, 0x4f, 0xb0, 0x0, 0x9,
    0xe3, 0x8, 0xfe, 0xa9, 0xdf, 0xc0, 0x0, 0x5b,
    0xef, 0xd7, 0x0,

    /* U+00E9 "é" */
    0x0, 0x0, 0x5, 0x82, 0x0, 0x0, 0x0, 0xe,
    0xc0, 0x0, 0x0, 0x0, 0x6f, 0x30, 0x0, 0x0,
    0x0, 0x65, 0x0, 0x0, 0x0, 0x0, 0x0, 0x0,
    0x0, 0x0, 0x5c, 0xff, 0xb4, 0x0, 0x8, 0xfe,
    0x9a, 0xff, 0x50, 0x4f, 0xc0, 0x0, 0x2e, 0xf1,
    0xaf, 0x20, 0x0, 0x7, 0xf6, 0xee, 0x22, 0x22,
    0x25, 0xf9, 0xff, 0xff, 0xff, 0xff, 0xfa, 0xee,
    0x55, 0x55, 0x55, 0x53, 0xaf, 0x10, 0x0, 0x0,
    0x0, 0x4f, 0xb0, 0x0, 0x9, 0xe3, 0x8, 0xfe,
    0xa9, 0xdf, 0xc0, 0x0, 0x5b, 0xef, 0xd7, 0x0,

    /* U+00EA "ê" */
    0x0, 0x1, 0x77, 0x0, 0x0, 0x0, 0xb, 0xef,
    0x70, 0x0, 0x0, 0x8f, 0x37, 0xf4, 0x0, 0x1,
    0x75, 0x0, 0x76, 0x0, 0x0, 0x0, 0x0, 0x0,
    0x0, 0x0, 0x5c, 0xff, 0xb4, 0x0, 0x8, 0xfe,
    0x9a, 0xff, 0x50, 0x4f, 0xc0, 0x0, 0x2e, 0xf1,
    0xaf, 0x20, 0x0, 0x7, 0xf6, 0xee, 0x22, 0x22,
    0x25, 0xf9, 0xff, 0xff, 0xff, 0xff, 0xfa, 0xee,
    0x55, 0x55, 0x55, 0x53, 0xaf, 0x10, 0x0, 0x0,
    0x0, 0x4f, 0xb0, 0x0, 0x9, 0xe3, 0x8, 0xfe,
    0xa9, 0xdf, 0xc0, 0x0, 0x5b, 0xef, 0xd7, 0x0,

    /* U+00EB "ë" */
    0x1, 0xea, 0x0, 0xdc, 0x0, 0x3, 0xfd, 0x1,
    0xff, 0x0, 0x0, 0x31, 0x0, 0x22, 0x0, 0x0,
    0x5c, 0xff, 0xb4, 0x0, 0x8, 0xfe, 0x9a, 0xff,
    0x50, 0x4f, 0xc0, 0x0, 0x2e, 0xf1, 0xaf, 0x20,
    0x0, 0x7, 0xf6, 0xee, 0x22, 0x22, 0x25, 0xf9,
    0xff, 0xff, 0xff, 0xff, 0xfa, 0xee, 0x55, 0x55,
    0x55, 0x53, 0xaf, 0x10, 0x0, 0x0, 0x0, 0x4f,
    0xb0, 0x0, 0x9, 0xe3, 0x8, 0xfe, 0xa9, 0xdf,
    0xc0, 0x0, 0x5b, 0xef, 0xd7, 0x0,

    /* U+00EC "ì" */
    0xc, 0xf1, 0x0, 0x2f, 0x80, 0x0, 0x7c, 0x0,
    0x0, 0x0, 0x0, 0x7f, 0x40, 0x7, 0xf4, 0x0,
    0x7f, 0x40, 0x7, 0xf4, 0x0, 0x7f, 0x40, 0x7,
    0xf4, 0x0, 0x7f, 0x40, 0x7, 0xf4, 0x0, 0x7f,
    0x40, 0x7, 0xf4, 0x0, 0x7f, 0x40,

    /* U+00ED "í" */
    0x3, 0xf9, 0xc, 0xd0, 0x18, 0x20, 0x0, 0x0,
    0x7f, 0x40, 0x7f, 0x40, 0x7f, 0x40, 0x7f, 0x40,
    0x7f, 0x40, 0x7f, 0x40, 0x7f, 0x40, 0x7f, 0x40,
    0x7f, 0x40, 0x7f, 0x40, 0x7f, 0x40,

    /* U+00EE "î" */
    0x1, 0xdf, 0xb0, 0x0, 0xcd, 0x3e, 0xa0, 0x48,
    0x20, 0x38, 0x20, 0x0, 0x0, 0x0, 0x0, 0x7f,
    0x40, 0x0, 0x7, 0xf4, 0x0, 0x0, 0x7f, 0x40,
    0x0, 0x7, 0xf4, 0x0, 0x0, 0x7f, 0x40, 0x0,
    0x7, 0xf4, 0x0, 0x0, 0x7f, 0x40, 0x0, 0x7,
    0xf4, 0x0, 0x0, 0x7f, 0x40, 0x0, 0x7, 0xf4,
    0x0, 0x0, 0x7f, 0x40, 0x0,

    /* U+00EF "ï" */
    0x7f, 0x40, 0x6f, 0x5a, 0xf6, 0x8, 0xf8, 0x3,
    0x0, 0x3, 0x0, 0x7, 0xf4, 0x0, 0x0, 0x7f,
    0x40, 0x0, 0x7, 0xf4, 0x0, 0x0, 0x7f, 0x40,
    0x0, 0x7, 0xf4, 0x0, 0x0, 0x7f, 0x40, 0x0,
    0x7, 0xf4, 0x0, 0x0, 0x7f, 0x40, 0x0, 0x7,
    0xf4, 0x0, 0x0, 0x7f, 0x40, 0x0, 0x7, 0xf4,
    0x0,

    /* U+00F0 "ð" */
    0x0, 0x0, 0x0, 0x0, 0x0, 0x0, 0x8e, 0x50,
    0x18, 0x10, 0x0, 0x1a, 0xfc, 0xfc, 0x20, 0x0,
    0x29, 0xff, 0xc0, 0x0, 0x0, 0xbb, 0x35, 0xf8,
    0x0, 0x0, 0x0, 0x10, 0x8f, 0x20, 0x0, 0x9f,
    0xfe, 0x6d, 0xb0, 0xc, 0xfa, 0x56, 0xdd, 0xf1,
    0x7f, 0x80, 0x0, 0xd, 0xf6, 0xcf, 0x0, 0x0,
    0x5, 0xf8, 0xfd, 0x0, 0x0, 0x2, 0xf9, 0xed,
    0x0, 0x0, 0x2, 0xf8, 0xcf, 0x10, 0x0, 0x5,
    0xf5, 0x5f, 0xa0, 0x0, 0x1d, 0xe0, 0xa, 0xfd,
    0x9a, 0xff, 0x50, 0x0, 0x6c, 0xfe, 0xb3, 0x0,

    /* U+00F1 "ñ" */
    0x0, 0x8f, 0xff, 0xf8, 0x0, 0x0, 0x33, 0x33,
    0x20, 0x0, 0x0, 0x0, 0x0, 0x0, 0x0, 0x7f,
    0x36, 0xdf, 0xe8, 0x0, 0x7f, 0xae, 0x88, 0xdf,
    0x90, 0x7f, 0xd0, 0x0, 0xe, 0xf1, 0x7f, 0x70,
    0x0, 0x9, 0xf3, 0x7f, 0x40, 0x0, 0x7, 0xf4,
    0x7f, 0x40, 0x0, 0x7, 0xf4, 0x7f, 0x40, 0x0,
    0x7, 0xf4, 0x7f, 0x40, 0x0, 0x7, 0xf4, 0x7f,
    0x40, 0x0, 0x7, 0xf4, 0x7f, 0x40, 0x0, 0x7,
    0xf4, 0x7f, 0x40, 0x0, 0x7, 0xf4,

    /* U+00F2 "ò" */
    0x0, 0x4f, 0x90, 0x0, 0x0, 0x0, 0x9, 0xf1,
    0x0, 0x0, 0x0, 0x0, 0xc7, 0x0, 0x0, 0x0,
    0x0, 0x0, 0x0, 0x0, 0x0, 0x5c, 0xfe, 0xc5,
    0x0, 0x8, 0xfe, 0xaa, 0xef, 0x80, 0x4f, 0xc0,
    0x0, 0xc, 0xf4, 0xaf, 0x30, 0x0, 0x3, 0xfa,
    0xee, 0x0, 0x0, 0x0, 0xee, 0xfd, 0x0, 0x0,
    0x0, 0xdf, 0xee, 0x0, 0x0, 0x0, 0xee, 0xaf,
    0x30, 0x0, 0x3, 0xfa, 0x4f, 0xc0, 0x0, 0xc,
    0xf4, 0x8, 0xfe, 0xaa, 0xef, 0x80, 0x0, 0x5c,
    0xff, 0xc5, 0x0,

    /* U+00F3 "ó" */
    0x0, 0x0, 0x4, 0x83, 0x0, 0x0, 0x0, 0xd,
    0xd0, 0x0, 0x0, 0x0, 0x5f, 0x40, 0x0, 0x0,
    0x0, 0x56, 0x0, 0x0, 0x0, 0x0, 0x0, 0x0,
    0x0, 0x0, 0x5c, 0xfe, 0xc5, 0x0, 0x8, 0xfe,
    0xaa, 0xef, 0x80, 0x4f, 0xc0, 0x0, 0xc, 0xf4,
    0xaf, 0x30, 0x0, 0x3, 0xfa, 0xee, 0x0, 0x0,
    0x0, 0xee, 0xfd, 0x0, 0x0, 0x0, 0xdf, 0xee,
    0x0, 0x0, 0x0, 0xee, 0xaf, 0x30, 0x0, 0x3,
    0xfa, 0x4f, 0xc0, 0x0, 0xc, 0xf4, 0x8, 0xfe,
    0xaa, 0xef, 0x80, 0x0, 0x5c, 0xff, 0xc5, 0x0,

    /* U+00F4 "ô" */
    0x0, 0x0, 0x77, 0x0, 0x0, 0x0, 0xa, 0xef,
    0x90, 0x0, 0x0, 0x6f, 0x55, 0xf5, 0x0, 0x0,
    0x76, 0x0, 0x67, 0x0, 0x0, 0x0, 0x0, 0x0,
    0x0, 0x0, 0x5c, 0xfe, 0xc5, 0x0, 0x8, 0xfe,
    0xaa, 0xef, 0x80, 0x4f, 0xc0, 0x0, 0xc, 0xf4,
    0xaf, 0x30, 0x0, 0x3, 0xfa, 0xee, 0x0, 0x0,
    0x0, 0xee, 0xfd, 0x0, 0x0, 0x0, 0xdf, 0xee,
    0x0, 0x0, 0x0, 0xee, 0xaf, 0x30, 0x0, 0x3,
    0xfa, 0x4f, 0xc0, 0x0, 0xc, 0xf4, 0x8, 0xfe,
    0xaa, 0xef, 0x80, 0x0, 0x5c, 0xff, 0xc5, 0x0,

    /* U+00F5 "õ" */
    0x0, 0x7f, 0xff, 0xfa, 0x0, 0x0, 0x33, 0x33,
    0x30, 0x0, 0x0, 0x0, 0x0, 0x0, 0x0, 0x0,
    0x5c, 0xfe, 0xc5, 0x0, 0x8, 0xfe, 0xaa, 0xef,
    0x80, 0x4f, 0xc0, 0x0, 0xc, 0xf4, 0xaf, 0x30,
    0x0, 0x3, 0xfa, 0xee, 0x0, 0x0, 0x0, 0xee,
    0xfd, 0x0, 0x0, 0x0, 0xdf, 0xee, 0x0, 0x0,
    0x0, 0xee, 0xaf, 0x30, 0x0, 0x3, 0xfa, 0x4f,
    0xc0, 0x0, 0xc, 0xf4, 0x8, 0xfe, 0xaa, 0xef,
    0x80, 0x0, 0x5c, 0xff, 0xc5, 0x0,

    /* U+00F6 "ö" */
    0x0, 0xdc, 0x0, 0xcd, 0x0, 0x1, 0xff, 0x0,
    0xff, 0x10, 0x0, 0x22, 0x0, 0x22, 0x0, 0x0,
    0x5c, 0xfe, 0xc5, 0x0, 0x8, 0xfe, 0xaa, 0xef,
    0x80, 0x4f, 0xc0, 0x0, 0xc, 0xf4, 0xaf, 0x30,
    0x0, 0x3, 0xfa, 0xee, 0x0, 0x0, 0x0, 0xee,
    0xfd, 0x0, 0x0, 0x0, 0xdf, 0xee, 0x0, 0x0,
    0x0, 0xee, 0xaf, 0x30, 0x0, 0x3, 0xfa, 0x4f,
    0xc0, 0x0, 0xc, 0xf4, 0x8, 0xfe, 0xaa, 0xef,
    0x80, 0x0, 0x5c, 0xff, 0xc5, 0x0,

    /* U+00F7 "÷" */
    0x0, 0x5, 0xf8, 0x0, 0x0, 0x0, 0x9, 0xfd,
    0x0, 0x0, 0x0, 0x1, 0x83, 0x0, 0x0, 0x0,
    0x0, 0x0, 0x0, 0x0, 0xff, 0xff, 0xff, 0xff,
    0xf3, 0xaa, 0xaa, 0xaa, 0xaa, 0xa2, 0x0, 0x0,
    0x0, 0x0, 0x0, 0x0, 0x1, 0x83, 0x0, 0x0,
    0x0, 0x9, 0xfd, 0x0, 0x0, 0x0, 0x5, 0xf8,
    0x0, 0x0,

    /* U+00F8 "ø" */
    0x0, 0x0, 0x0, 0x0, 0x0, 0x10, 0x0, 0x5,
    0xcf, 0xec, 0x58, 0xd0, 0x0, 0x8f, 0xea, 0xae,
    0xff, 0x50, 0x4, 0xfc, 0x0, 0x5, 0xff, 0x40,
    0xa, 0xf3, 0x0, 0x2f, 0xdf, 0xa0, 0xe, 0xe0,
    0x1, 0xec, 0xe, 0xe0, 0xf, 0xd0, 0xc, 0xd1,
    0xd, 0xf0, 0xe, 0xe0, 0xbe, 0x20, 0xe, 0xe0,
    0xa, 0xfc, 0xf4, 0x0, 0x3f, 0xa0, 0x4, 0xff,
    0x60, 0x0, 0xcf, 0x40, 0x4, 0xff, 0xea, 0xae,
    0xf8, 0x0, 0xe, 0xa5, 0xcf, 0xfc, 0x50, 0x0,
    0x2, 0x0, 0x0, 0x0, 0x0, 0x0,

    /* U+00F9 "ù" */
    0x0, 0x5f, 0x80, 0x0, 0x0, 0x0, 0xa, 0xf1,
    0x0, 0x0, 0x0, 0x1, 0xc6, 0x0, 0x0, 0x0,
    0x0, 0x0, 0x0, 0x0, 0x7f, 0x40, 0x0, 0x7,
    0xf4, 0x7f, 0x40, 0x0, 0x7, 0xf4, 0x7f, 0x40,
    0x0, 0x7, 0xf4, 0x7f, 0x40, 0x0, 0x7, 0xf4,
    0x7f, 0x40, 0x0, 0x7, 0xf4, 0x7f, 0x40, 0x0,
    0x7, 0xf4, 0x7f, 0x40, 0x0, 0x8, 0xf4, 0x6f,
    0x60, 0x0, 0xa, 0xf4, 0x3f, 0xd0, 0x0, 0x3f,
    0xf4, 0xc, 0xfe, 0xab, 0xf9, 0xf4, 0x1, 0x9e,
    0xfc, 0x46, 0xf4,

    /* U+00FA "ú" */
    0x0, 0x0, 0x4, 0x82, 0x0, 0x0, 0x0, 0xe,
    0xd0, 0x0, 0x0, 0x0, 0x6f, 0x30, 0x0, 0x0,
    0x0, 0x55, 0x0, 0x0, 0x0, 0x0, 0x0, 0x0,
    0x0, 0x7f, 0x40, 0x0, 0x7, 0xf4, 0x7f, 0x40,
    0x0, 0x7, 0xf4, 0x7f, 0x40, 0x0, 0x7, 0xf4,
    0x7f, 0x40, 0x0, 0x7, 0xf4, 0x7f, 0x40, 0x0,
    0x7, 0xf4, 0x7f, 0x40, 0x0, 0x7, 0xf4, 0x7f,
    0x40, 0x0, 0x8, 0xf4, 0x6f, 0x60, 0x0, 0xa,
    0xf4, 0x3f, 0xd0, 0x0, 0x3f, 0xf4, 0xc, 0xfe,
    0xab, 0xf9, 0xf4, 0x1, 0x9e, 0xfc, 0x46, 0xf4,

    /* U+00FB "û" */
    0x0, 0x1, 0x77, 0x0, 0x0, 0x0, 0xb, 0xef,
    0x80, 0x0, 0x0, 0x8f, 0x36, 0xf4, 0x0, 0x0,
    0x75, 0x0, 0x76, 0x0, 0x0, 0x0, 0x0, 0x0,
    0x0, 0x7f, 0x40, 0x0, 0x7, 0xf4, 0x7f, 0x40,
    0x0, 0x7, 0xf4, 0x7f, 0x40, 0x0, 0x7, 0xf4,
    0x7f, 0x40, 0x0, 0x7, 0xf4, 0x7f, 0x40, 0x0,
    0x7, 0xf4, 0x7f, 0x40, 0x0, 0x7, 0xf4, 0x7f,
    0x40, 0x0, 0x8, 0xf4, 0x6f, 0x60, 0x0, 0xa,
    0xf4, 0x3f, 0xd0, 0x0, 0x3f, 0xf4, 0xc, 0xfe,
    0xab, 0xf9, 0xf4, 0x1, 0x9e, 0xfc, 0x46, 0xf4,

    /* U+00FC "ü" */
    0x1, 0xeb, 0x0, 0xdc, 0x0, 0x3, 0xfe, 0x1,
    0xff, 0x0, 0x0, 0x31, 0x0, 0x22, 0x0, 0x7f,
    0x40, 0x0, 0x7, 0xf4, 0x7f, 0x40, 0x0, 0x7,
    0xf4, 0x7f, 0x40, 0x0, 0x7, 0xf4, 0x7f, 0x40,
    0x0, 0x7, 0xf4, 0x7f, 0x40, 0x0, 0x7, 0xf4,
    0x7f, 0x40, 0x0, 0x7, 0xf4, 0x7f, 0x40, 0x0,
    0x8, 0xf4, 0x6f, 0x60, 0x0, 0xa, 0xf4, 0x3f,
    0xd0, 0x0, 0x3f, 0xf4, 0xc, 0xfe, 0xab, 0xf9,
    0xf4, 0x1, 0x9e, 0xfc, 0x46, 0xf4,

    /* U+00FD "ý" */
    0x0, 0x0, 0x0, 0x77, 0x0, 0x0, 0x0, 0x0,
    0x3f, 0x80, 0x0, 0x0, 0x0, 0xb, 0xe0, 0x0,
    0x0, 0x0, 0x0, 0x73, 0x0, 0x0, 0x0, 0x0,
    0x0, 0x0, 0x0, 0x4, 0xfa, 0x0, 0x0, 0x6,
    0xf8, 0xe, 0xf0, 0x0, 0x0, 0xcf, 0x20, 0x8f,
    0x50, 0x0, 0x1f, 0xc0, 0x2, 0xfb, 0x0, 0x7,
    0xf5, 0x0, 0xc, 0xf1, 0x0, 0xdf, 0x0, 0x0,
    0x5f, 0x70, 0x3f, 0x90, 0x0, 0x0, 0xfc, 0x9,
    0xf3, 0x0, 0x0, 0x9, 0xf1, 0xed, 0x0, 0x0,
    0x0, 0x3f, 0x9f, 0x70, 0x0, 0x0, 0x0, 0xdf,
    0xf1, 0x0, 0x0, 0x0, 0x7, 0xfa, 0x0, 0x0,
    0x0, 0x0, 0x7f, 0x40, 0x0, 0x0, 0x0, 0xe,
    0xe0, 0x0, 0x0, 0x3, 0x9d, 0xf5, 0x0, 0x0,
    0x0, 0x7f, 0xd6, 0x0, 0x0, 0x0,

    /* U+00FE "þ" */
    0x7f, 0x40, 0x0, 0x0, 0x0, 0x7, 0xf4, 0x0,
    0x0, 0x0, 0x0, 0x7f, 0x40, 0x0, 0x0, 0x0,
    0x7, 0xf4, 0x5d, 0xfe, 0x80, 0x0, 0x7f, 0x9f,
    0xb9, 0xdf, 0xd0, 0x7, 0xff, 0x40, 0x0, 0x8f,
    0x90, 0x7f, 0xa0, 0x0, 0x0, 0xee, 0x7, 0xf6,
    0x0, 0x0, 0xa, 0xf2, 0x7f, 0x40, 0x0, 0x0,
    0x9f, 0x37, 0xf6, 0x0, 0x0, 0xa, 0xf2, 0x7f,
    0xa0, 0x0, 0x0, 0xee, 0x7, 0xff, 0x40, 0x0,
    0x9f, 0x80, 0x7f, 0x9f, 0xb9, 0xdf, 0xd0, 0x7,
    0xf4, 0x5d, 0xfe, 0x91, 0x0, 0x7f, 0x40, 0x0,
    0x0, 0x0, 0x7, 0xf4, 0x0, 0x0, 0x0, 0x0,
    0x7f, 0x40, 0x0, 0x0, 0x0, 0x7, 0xf4, 0x0,
    0x0, 0x0, 0x0,

    /* U+00FF "ÿ" */
    0x0, 0x5f, 0x70, 0x3e, 0x80, 0x0, 0x7, 0xf9,
    0x5, 0xfb, 0x0, 0x0, 0x3, 0x0, 0x3, 0x10,
    0x4, 0xfa, 0x0, 0x0, 0x6, 0xf8, 0xe, 0xf0,
    0x0, 0x0, 0xcf, 0x20, 0x8f, 0x50, 0x0, 0x1f,
    0xc0, 0x2, 0xfb, 0x0, 0x7, 0xf5, 0x0, 0xc,
    0xf1, 0x0, 0xdf, 0x0, 0x0, 0x5f, 0x70, 0x3f,
    0x90, 0x0, 0x0, 0xfc, 0x9, 0xf3, 0x0, 0x0,
    0x9, 0xf1, 0xed, 0x0, 0x0, 0x0, 0x3f, 0x9f,
    0x70, 0x0, 0x0, 0x0, 0xdf, 0xf1, 0x0, 0x0,
    0x0, 0x7, 0xfa, 0x0, 0x0, 0x0, 0x0, 0x7f,
    0x40, 0x0, 0x0, 0x0, 0xe, 0xe0, 0x0, 0x0,
    0x3, 0x9d, 0xf5, 0x0, 0x0, 0x0, 0x7f, 0xd6,
    0x0, 0x0, 0x0,

    /* U+2013 "–" */
    0x99, 0x99, 0x99, 0x99, 0x99, 0xff, 0xff, 0xff,
    0xff, 0xff,

    /* U+2019 "’" */
    0x4, 0x82, 0xb, 0xf2, 0xe, 0xe0, 0xf, 0x90,
    0x3f, 0x50, 0x5f, 0x0,

    /* U+2026 "…" */
    0x8, 0x60, 0x0, 0x19, 0x40, 0x0, 0x39, 0x26,
    0xff, 0x20, 0x9, 0xfe, 0x0, 0xd, 0xfa, 0x2e,
    0xc0, 0x0, 0x5f, 0x90, 0x0, 0x8f, 0x50
};


/*---------------------
 *  GLYPH DESCRIPTION
 *--------------------*/

static const lv_font_fmt_txt_glyph_dsc_t glyph_dsc[] = {
    {.bitmap_index = 0, .adv_w = 0, .box_w = 0, .box_h = 0, .ofs_x = 0, .ofs_y = 0} /* id = 0 reserved */,
    {.bitmap_index = 0, .adv_w = 90, .box_w = 0, .box_h = 0, .ofs_x = 0, .ofs_y = 0},
    {.bitmap_index = 0, .adv_w = 92, .box_w = 4, .box_h = 14, .ofs_x = 1, .ofs_y = 0},
    {.bitmap_index = 28, .adv_w = 149, .box_w = 6, .box_h = 6, .ofs_x = 2, .ofs_y = 8},
    {.bitmap_index = 46, .adv_w = 203, .box_w = 13, .box_h = 14, .ofs_x = 0, .ofs_y = 0},
    {.bitmap_index = 137, .adv_w = 205, .box_w = 11, .box_h = 19, .ofs_x = 1, .ofs_y = -2},
    {.bitmap_index = 242, .adv_w = 314, .box_w = 16, .box_h = 14, .ofs_x = 2, .ofs_y = 0},
    {.bitmap_index = 354, .adv_w = 206, .box_w = 12, .box_h = 14, .ofs_x = 1, .ofs_y = 0},
    {.bitmap_index = 438, .adv_w = 96, .box_w = 2, .box_h = 6, .ofs_x = 2, .ofs_y = 8},
    {.bitmap_index = 444, .adv_w = 117, .box_w = 5, .box_h = 18, .ofs_x = 2, .ofs_y = -3},
    {.bitmap_index = 489, .adv_w = 117, .box_w = 6, .box_h = 18, .ofs_x = 0, .ofs_y = -3},
    {.bitmap_index = 543, .adv_w = 160, .box_w = 8, .box_h = 9, .ofs_x = 1, .ofs_y = 5},
    {.bitmap_index = 579, .adv_w = 212, .box_w = 11, .box_h = 10, .ofs_x = 1, .ofs_y = 1},
    {.bitmap_index = 634, .adv_w = 92, .box_w = 4, .box_h = 6, .ofs_x = 1, .ofs_y = -3},
    {.bitmap_index = 646, .adv_w = 147, .box_w = 7, .box_h = 2, .ofs_x = 1, .ofs_y = 5},
    {.bitmap_index = 653, .adv_w = 92, .box_w = 4, .box_h = 3, .ofs_x = 1, .ofs_y = 0},
    {.bitmap_index = 659, .adv_w = 115, .box_w = 7, .box_h = 18, .ofs_x = 0, .ofs_y = -2},
    {.bitmap_index = 722, .adv_w = 202, .box_w = 11, .box_h = 14, .ofs_x = 1, .ofs_y = 0},
    {.bitmap_index = 799, .adv_w = 130, .box_w = 7, .box_h = 14, .ofs_x = 0, .ofs_y = 0},
    {.bitmap_index = 848, .adv_w = 195, .box_w = 10, .box_h = 14, .ofs_x = 1, .ofs_y = 0},
    {.bitmap_index = 918, .adv_w = 198, .box_w = 11, .box_h = 14, .ofs_x = 1, .ofs_y = 0},
    {.bitmap_index = 995, .adv_w = 207, .box_w = 11, .box_h = 14, .ofs_x = 1, .ofs_y = 0},
    {.bitmap_index = 1072, .adv_w = 190, .box_w = 10, .box_h = 14, .ofs_x = 1, .ofs_y = 0},
    {.bitmap_index = 1142, .adv_w = 198, .box_w = 11, .box_h = 14, .ofs_x = 1, .ofs_y = 0},
    {.bitmap_index = 1219, .adv_w = 181, .box_w = 11, .box_h = 14, .ofs_x = 0, .ofs_y = 0},
    {.bitmap_index = 1296, .adv_w = 198, .box_w = 11, .box_h = 14, .ofs_x = 1, .ofs_y = 0},
    {.bitmap_index = 1373, .adv_w = 198, .box_w = 11, .box_h = 14, .ofs_x = 1, .ofs_y = 0},
    {.bitmap_index = 1450, .adv_w = 92, .box_w = 4, .box_h = 11, .ofs_x = 1, .ofs_y = 0},
    {.bitmap_index = 1472, .adv_w = 97, .box_w = 4, .box_h = 14, .ofs_x = 1, .ofs_y = -3},
    {.bitmap_index = 1500, .adv_w = 212, .box_w = 10, .box_h = 11, .ofs_x = 1, .ofs_y = 0},
    {.bitmap_index = 1555, .adv_w = 212, .box_w = 10, .box_h = 6, .ofs_x = 2, .ofs_y = 3},
    {.bitmap_index = 1585, .adv_w = 212, .box_w = 10, .box_h = 11, .ofs_x = 2, .ofs_y = 0},
    {.bitmap_index = 1640, .adv_w = 164, .box_w = 10, .box_h = 14, .ofs_x = 0, .ofs_y = 0},
    {.bitmap_index = 1710, .adv_w = 309, .box_w = 18, .box_h = 19, .ofs_x = 1, .ofs_y = -4},
    {.bitmap_index = 1881, .adv_w = 221, .box_w = 14, .box_h = 14, .ofs_x = 0, .ofs_y = 0},
    {.bitmap_index = 1979, .adv_w = 209, .box_w = 11, .box_h = 14, .ofs_x = 1, .ofs_y = 0},
    {.bitmap_index = 2056, .adv_w = 234, .box_w = 13, .box_h = 14, .ofs_x = 1, .ofs_y = 0},
    {.bitmap_index = 2147, .adv_w = 231, .box_w = 13, .box_h = 14, .ofs_x = 1, .ofs_y = 0},
    {.bitmap_index = 2238, .adv_w = 192, .box_w = 10, .box_h = 14, .ofs_x = 1, .ofs_y = 0},
    {.bitmap_index = 2308, .adv_w = 189, .box_w = 10, .box_h = 14, .ofs_x = 1, .ofs_y = 0},
    {.bitmap_index = 2378, .adv_w = 239, .box_w = 13, .box_h = 14, .ofs_x = 1, .ofs_y = 0},
    {.bitmap_index = 2469, .adv_w = 238, .box_w = 13, .box_h = 14, .ofs_x = 1, .ofs_y = 0},
    {.bitmap_index = 2560, .adv_w = 86, .box_w = 3, .box_h = 14, .ofs_x = 1, .ofs_y = 0},
    {.bitmap_index = 2581, .adv_w = 183, .box_w = 10, .box_h = 14, .ofs_x = 0, .ofs_y = 0},
    {.bitmap_index = 2651, .adv_w = 215, .box_w = 12, .box_h = 14, .ofs_x = 1, .ofs_y = 0},
    {.bitmap_index = 2735, .adv_w = 181, .box_w = 10, .box_h = 14, .ofs_x = 1, .ofs_y = 0},
    {.bitmap_index = 2805, .adv_w = 289, .box_w = 16, .box_h = 14, .ofs_x = 1, .ofs_y = 0},
    {.bitmap_index = 2917, .adv_w = 241, .box_w = 13, .box_h = 14, .ofs_x = 1, .ofs_y = 0},
    {.bitmap_index = 3008, .adv_w = 245, .box_w = 14, .box_h = 14, .ofs_x = 1, .ofs_y = 0},
    {.bitmap_index = 3106, .adv_w = 204, .box_w = 11, .box_h = 14, .ofs_x = 1, .ofs_y = 0},
    {.bitmap_index = 3183, .adv_w = 245, .box_w = 14, .box_h = 15, .ofs_x = 1, .ofs_y = -1},
    {.bitmap_index = 3288, .adv_w = 206, .box_w = 12, .box_h = 14, .ofs_x = 1, .ofs_y = 0},
    {.bitmap_index = 3372, .adv_w = 205, .box_w = 11, .box_h = 14, .ofs_x = 1, .ofs_y = 0},
    {.bitmap_index = 3449, .adv_w = 207, .box_w = 12, .box_h = 14, .ofs_x = 0, .ofs_y = 0},
    {.bitmap_index = 3533, .adv_w = 238, .box_w = 13, .box_h = 14, .ofs_x = 1, .ofs_y = 0},
    {.bitmap_index = 3624, .adv_w = 221, .box_w = 14, .box_h = 14, .ofs_x = 0, .ofs_y = 0},
    {.bitmap_index = 3722, .adv_w = 315, .box_w = 20, .box_h = 14, .ofs_x = 0, .ofs_y = 0},
    {.bitmap_index = 3862, .adv_w = 218, .box_w = 14, .box_h = 14, .ofs_x = 0, .ofs_y = 0},
    {.bitmap_index = 3960, .adv_w = 217, .box_w = 14, .box_h = 14, .ofs_x = 0, .ofs_y = 0},
    {.bitmap_index = 4058, .adv_w = 201, .box_w = 11, .box_h = 14, .ofs_x = 1, .ofs_y = 0},
    {.bitmap_index = 4135, .adv_w = 117, .box_w = 5, .box_h = 19, .ofs_x = 2, .ofs_y = -3},
    {.bitmap_index = 4183, .adv_w = 115, .box_w = 7, .box_h = 18, .ofs_x = 0, .ofs_y = -2},
    {.bitmap_index = 4246, .adv_w = 117, .box_w = 5, .box_h = 19, .ofs_x = 1, .ofs_y = -3},
    {.bitmap_index = 4294, .adv_w = 151, .box_w = 9, .box_h = 6, .ofs_x = 0, .ofs_y = 8},
    {.bitmap_index = 4321, .adv_w = 146, .box_w = 10, .box_h = 2, .ofs_x = 0, .ofs_y = -2},
    {.bitmap_index = 4331, .adv_w = 103, .box_w = 4, .box_h = 3, .ofs_x = 1, .ofs_y = 12},
    {.bitmap_index = 4337, .adv_w = 180, .box_w = 10, .box_h = 11, .ofs_x = 0, .ofs_y = 0},
    {.bitmap_index = 4392, .adv_w = 196, .box_w = 11, .box_h = 14, .ofs_x = 1, .ofs_y = 0},
    {.bitmap_index = 4469, .adv_w = 183, .box_w = 10, .box_h = 11, .ofs_x = 1, .ofs_y = 0},
    {.bitmap_index = 4524, .adv_w = 196, .box_w = 10, .box_h = 14, .ofs_x = 1, .ofs_y = 0},
    {.bitmap_index = 4594, .adv_w = 187, .box_w = 10, .box_h = 11, .ofs_x = 1, .ofs_y = 0},
    {.bitmap_index = 4649, .adv_w = 118, .box_w = 8, .box_h = 14, .ofs_x = 0, .ofs_y = 0},
    {.bitmap_index = 4705, .adv_w = 196, .box_w = 10, .box_h = 15, .ofs_x = 1, .ofs_y = -4},
    {.bitmap_index = 4780, .adv_w = 189, .box_w = 10, .box_h = 14, .ofs_x = 1, .ofs_y = 0},
    {.bitmap_index = 4850, .adv_w = 78, .box_w = 3, .box_h = 14, .ofs_x = 1, .ofs_y = 0},
    {.bitmap_index = 4871, .adv_w = 78, .box_w = 5, .box_h = 18, .ofs_x = -1, .ofs_y = -4},
    {.bitmap_index = 4916, .adv_w = 176, .box_w = 10, .box_h = 14, .ofs_x = 1, .ofs_y = 0},
    {.bitmap_index = 4986, .adv_w = 78, .box_w = 3, .box_h = 14, .ofs_x = 1, .ofs_y = 0},
    {.bitmap_index = 5007, .adv_w = 280, .box_w = 15, .box_h = 11, .ofs_x = 1, .ofs_y = 0},
    {.bitmap_index = 5090, .adv_w = 189, .box_w = 10, .box_h = 11, .ofs_x = 1, .ofs_y = 0},
    {.bitmap_index = 5145, .adv_w = 192, .box_w = 10, .box_h = 11, .ofs_x = 1, .ofs_y = 0},
    {.bitmap_index = 5200, .adv_w = 196, .box_w = 11, .box_h = 15, .ofs_x = 1, .ofs_y = -4},
    {.bitmap_index = 5283, .adv_w = 196, .box_w = 10, .box_h = 15, .ofs_x = 1, .ofs_y = -4},
    {.bitmap_index = 5358, .adv_w = 120, .box_w = 7, .box_h = 11, .ofs_x = 1, .ofs_y = 0},
    {.bitmap_index = 5397, .adv_w = 169, .box_w = 9, .box_h = 11, .ofs_x = 1, .ofs_y = 0},
    {.bitmap_index = 5447, .adv_w = 105, .box_w = 7, .box_h = 14, .ofs_x = 0, .ofs_y = 0},
    {.bitmap_index = 5496, .adv_w = 189, .box_w = 10, .box_h = 11, .ofs_x = 1, .ofs_y = 0},
    {.bitmap_index = 5551, .adv_w = 180, .box_w = 11, .box_h = 11, .ofs_x = 0, .ofs_y = 0},
    {.bitmap_index = 5612, .adv_w = 262, .box_w = 16, .box_h = 11, .ofs_x = 0, .ofs_y = 0},
    {.bitmap_index = 5700, .adv_w = 175, .box_w = 11, .box_h = 11, .ofs_x = 0, .ofs_y = 0},
    {.bitmap_index = 5761, .adv_w = 180, .box_w = 11, .box_h = 15, .ofs_x = 0, .ofs_y = -4},
    {.bitmap_index = 5844, .adv_w = 177, .box_w = 9, .box_h = 11, .ofs_x = 1, .ofs_y = 0},
    {.bitmap_index = 5894, .adv_w = 136, .box_w = 7, .box_h = 19, .ofs_x = 1, .ofs_y = -5},
    {.bitmap_index = 5961, .adv_w = 106, .box_w = 3, .box_h = 24, .ofs_x = 2, .ofs_y = -5},
    {.bitmap_index = 5997, .adv_w = 136, .box_w = 7, .box_h = 19, .ofs_x = 1, .ofs_y = -5},
    {.bitmap_index = 6064, .adv_w = 212, .box_w = 11, .box_h = 4, .ofs_x = 1, .ofs_y = 4},
    {.bitmap_index = 6086, .adv_w = 90, .box_w = 0, .box_h = 0, .ofs_x = 0, .ofs_y = 0},
    {.bitmap_index = 6086, .adv_w = 92, .box_w = 4, .box_h = 15, .ofs_x = 1, .ofs_y = -4},
    {.bitmap_index = 6116, .adv_w = 183, .box_w = 10, .box_h = 14, .ofs_x = 1, .ofs_y = 0},
    {.bitmap_index = 6186, .adv_w = 195, .box_w = 11, .box_h = 14, .ofs_x = 1, .ofs_y = 0},
    {.bitmap_index = 6263, .adv_w = 232, .box_w = 13, .box_h = 13, .ofs_x = 1, .ofs_y = 0},
    {.bitmap_index = 6348, .adv_w = 176, .box_w = 11, .box_h = 14, .ofs_x = 0, .ofs_y = 0},
    {.bitmap_index = 6425, .adv_w = 86, .box_w = 3, .box_h = 17, .ofs_x = 1, .ofs_y = -3},
    {.bitmap_index = 6451, .adv_w = 182, .box_w = 10, .box_h = 18, .ofs_x = 1, .ofs_y = -4},
    {.bitmap_index = 6541, .adv_w = 189, .box_w = 8, .box_h = 3, .ofs_x = 2, .ofs_y = 13},
    {.bitmap_index = 6553, .adv_w = 293, .box_w = 16, .box_h = 15, .ofs_x = 1, .ofs_y = 0},
    {.bitmap_index = 6673, .adv_w = 145, .box_w = 8, .box_h = 8, .ofs_x = 0, .ofs_y = 7},
    {.bitmap_index = 6705, .adv_w = 186, .box_w = 11, .box_h = 10, .ofs_x = 0, .ofs_y = 1},
    {.bitmap_index = 6760, .adv_w = 212, .box_w = 9, .box_h = 5, .ofs_x = 2, .ofs_y = 3},
    {.bitmap_index = 6783, .adv_w = 213, .box_w = 13, .box_h = 13, .ofs_x = 0, .ofs_y = 3},
    {.bitmap_index = 6868, .adv_w = 153, .box_w = 6, .box_h = 3, .ofs_x = 2, .ofs_y = 12},
    {.bitmap_index = 6877, .adv_w = 146, .box_w = 7, .box_h = 8, .ofs_x = 1, .ofs_y = 7},
    {.bitmap_index = 6905, .adv_w = 212, .box_w = 10, .box_h = 10, .ofs_x = 2, .ofs_y = 1},
    {.bitmap_index = 6955, .adv_w = 141, .box_w = 7, .box_h = 8, .ofs_x = 1, .ofs_y = 9},
    {.bitmap_index = 6983, .adv_w = 143, .box_w = 8, .box_h = 8, .ofs_x = 1, .ofs_y = 9},
    {.bitmap_index = 7015, .adv_w = 103, .box_w = 4, .box_h = 3, .ofs_x = 1, .ofs_y = 12},
    {.bitmap_index = 7021, .adv_w = 188, .box_w = 11, .box_h = 15, .ofs_x = 1, .ofs_y = -4},
    {.bitmap_index = 7104, .adv_w = 193, .box_w = 10, .box_h = 14, .ofs_x = 1, .ofs_y = 0},
    {.bitmap_index = 7174, .adv_w = 92, .box_w = 4, .box_h = 3, .ofs_x = 1, .ofs_y = 6},
    {.bitmap_index = 7180, .adv_w = 86, .box_w = 4, .box_h = 6, .ofs_x = 1, .ofs_y = -5},
    {.bitmap_index = 7192, .adv_w = 97, .box_w = 5, .box_h = 8, .ofs_x = 0, .ofs_y = 9},
    {.bitmap_index = 7212, .adv_w = 154, .box_w = 9, .box_h = 8, .ofs_x = 0, .ofs_y = 7},
    {.bitmap_index = 7248, .adv_w = 186, .box_w = 11, .box_h = 10, .ofs_x = 0, .ofs_y = 1},
    {.bitmap_index = 7303, .adv_w = 257, .box_w = 16, .box_h = 15, .ofs_x = 0, .ofs_y = -1},
    {.bitmap_index = 7423, .adv_w = 271, .box_w = 16, .box_h = 16, .ofs_x = 0, .ofs_y = -1},
    {.bitmap_index = 7551, .adv_w = 282, .box_w = 17, .box_h = 16, .ofs_x = 0, .ofs_y = -1},
    {.bitmap_index = 7687, .adv_w = 164, .box_w = 9, .box_h = 15, .ofs_x = 1, .ofs_y = -4},
    {.bitmap_index = 7755, .adv_w = 221, .box_w = 14, .box_h = 19, .ofs_x = 0, .ofs_y = 0},
    {.bitmap_index = 7888, .adv_w = 221, .box_w = 14, .box_h = 19, .ofs_x = 0, .ofs_y = 0},
    {.bitmap_index = 8021, .adv_w = 221, .box_w = 14, .box_h = 19, .ofs_x = 0, .ofs_y = 0},
    {.bitmap_index = 8154, .adv_w = 221, .box_w = 14, .box_h = 19, .ofs_x = 0, .ofs_y = 0},
    {.bitmap_index = 8287, .adv_w = 221, .box_w = 14, .box_h = 19, .ofs_x = 0, .ofs_y = 0},
    {.bitmap_index = 8420, .adv_w = 221, .box_w = 14, .box_h = 21, .ofs_x = 0, .ofs_y = 0},
    {.bitmap_index = 8567, .adv_w = 318, .box_w = 19, .box_h = 14, .ofs_x = 0, .ofs_y = 0},
    {.bitmap_index = 8700, .adv_w = 234, .box_w = 13, .box_h = 18, .ofs_x = 1, .ofs_y = -4},
    {.bitmap_index = 8817, .adv_w = 192, .box_w = 10, .box_h = 19, .ofs_x = 1, .ofs_y = 0},
    {.bitmap_index = 8912, .adv_w = 192, .box_w = 10, .box_h = 19, .ofs_x = 1, .ofs_y = 0},
    {.bitmap_index = 9007, .adv_w = 192, .box_w = 10, .box_h = 19, .ofs_x = 1, .ofs_y = 0},
    {.bitmap_index = 9102, .adv_w = 192, .box_w = 10, .box_h = 19, .ofs_x = 1, .ofs_y = 0},
    {.bitmap_index = 9197, .adv_w = 86, .box_w = 4, .box_h = 19, .ofs_x = 0, .ofs_y = 0},
    {.bitmap_index = 9235, .adv_w = 86, .box_w = 5, .box_h = 19, .ofs_x = 1, .ofs_y = 0},
    {.bitmap_index = 9283, .adv_w = 86, .box_w = 7, .box_h = 19, .ofs_x = -1, .ofs_y = 0},
    {.bitmap_index = 9350, .adv_w = 86, .box_w = 7, .box_h = 19, .ofs_x = -1, .ofs_y = 0},
    {.bitmap_index = 9417, .adv_w = 235, .box_w = 14, .box_h = 14, .ofs_x = 0, .ofs_y = 0},
    {.bitmap_index = 9515, .adv_w = 241, .box_w = 13, .box_h = 19, .ofs_x = 1, .ofs_y = 0},
    {.bitmap_index = 9639, .adv_w = 245, .box_w = 14, .box_h = 19, .ofs_x = 1, .ofs_y = 0},
    {.bitmap_index = 9772, .adv_w = 245, .box_w = 14, .box_h = 19, .ofs_x = 1, .ofs_y = 0},
    {.bitmap_index = 9905, .adv_w = 245, .box_w = 14, .box_h = 19, .ofs_x = 1, .ofs_y = 0},
    {.bitmap_index = 10038, .adv_w = 245, .box_w = 14, .box_h = 20, .ofs_x = 1, .ofs_y = 0},
    {.bitmap_index = 10178, .adv_w = 245, .box_w = 14, .box_h = 19, .ofs_x = 1, .ofs_y = 0},
    {.bitmap_index = 10311, .adv_w = 212, .box_w = 10, .box_h = 10, .ofs_x = 2, .ofs_y = 1},
    {.bitmap_index = 10361, .adv_w = 245, .box_w = 14, .box_h = 16, .ofs_x = 1, .ofs_y = -1},
    {.bitmap_index = 10473, .adv_w = 238, .box_w = 13, .box_h = 19, .ofs_x = 1, .ofs_y = 0},
    {.bitmap_index = 10597, .adv_w = 238, .box_w = 13, .box_h = 19, .ofs_x = 1, .ofs_y = 0},
    {.bitmap_index = 10721, .adv_w = 238, .box_w = 13, .box_h = 19, .ofs_x = 1, .ofs_y = 0},
    {.bitmap_index = 10845, .adv_w = 238, .box_w = 13, .box_h = 19, .ofs_x = 1, .ofs_y = 0},
    {.bitmap_index = 10969, .adv_w = 217, .box_w = 14, .box_h = 19, .ofs_x = 0, .ofs_y = 0},
    {.bitmap_index = 11102, .adv_w = 203, .box_w = 11, .box_h = 14, .ofs_x = 1, .ofs_y = 0},
    {.bitmap_index = 11179, .adv_w = 197, .box_w = 11, .box_h = 14, .ofs_x = 1, .ofs_y = 0},
    {.bitmap_index = 11256, .adv_w = 180, .box_w = 10, .box_h = 15, .ofs_x = 0, .ofs_y = 0},
    {.bitmap_index = 11331, .adv_w = 180, .box_w = 10, .box_h = 16, .ofs_x = 0, .ofs_y = 0},
    {.bitmap_index = 11411, .adv_w = 180, .box_w = 10, .box_h = 16, .ofs_x = 0, .ofs_y = 0},
    {.bitmap_index = 11491, .adv_w = 180, .box_w = 10, .box_h = 14, .ofs_x = 0, .ofs_y = 0},
    {.bitmap_index = 11561, .adv_w = 180, .box_w = 10, .box_h = 14, .ofs_x = 0, .ofs_y = 0},
    {.bitmap_index = 11631, .adv_w = 180, .box_w = 10, .box_h = 18, .ofs_x = 0, .ofs_y = 0},
    {.bitmap_index = 11721, .adv_w = 294, .box_w = 18, .box_h = 11, .ofs_x = 0, .ofs_y = 0},
    {.bitmap_index = 11820, .adv_w = 183, .box_w = 10, .box_h = 15, .ofs_x = 1, .ofs_y = -4},
    {.bitmap_index = 11895, .adv_w = 187, .box_w = 10, .box_h = 15, .ofs_x = 1, .ofs_y = 0},
    {.bitmap_index = 11970, .adv_w = 187, .box_w = 10, .box_h = 16, .ofs_x = 1, .ofs_y = 0},
    {.bitmap_index = 12050, .adv_w = 187, .box_w = 10, .box_h = 16, .ofs_x = 1, .ofs_y = 0},
    {.bitmap_index = 12130, .adv_w = 187, .box_w = 10, .box_h = 14, .ofs_x = 1, .ofs_y = 0},
    {.bitmap_index = 12200, .adv_w = 78, .box_w = 5, .box_h = 15, .ofs_x = -1, .ofs_y = 0},
    {.bitmap_index = 12238, .adv_w = 78, .box_w = 4, .box_h = 15, .ofs_x = 1, .ofs_y = 0},
    {.bitmap_index = 12268, .adv_w = 78, .box_w = 7, .box_h = 15, .ofs_x = -1, .ofs_y = 0},
    {.bitmap_index = 12321, .adv_w = 78, .box_w = 7, .box_h = 14, .ofs_x = -1, .ofs_y = 0},
    {.bitmap_index = 12370, .adv_w = 186, .box_w = 10, .box_h = 16, .ofs_x = 1, .ofs_y = 0},
    {.bitmap_index = 12450, .adv_w = 189, .box_w = 10, .box_h = 14, .ofs_x = 1, .ofs_y = 0},
    {.bitmap_index = 12520, .adv_w = 192, .box_w = 10, .box_h = 15, .ofs_x = 1, .ofs_y = 0},
    {.bitmap_index = 12595, .adv_w = 192, .box_w = 10, .box_h = 16, .ofs_x = 1, .ofs_y = 0},
    {.bitmap_index = 12675, .adv_w = 192, .box_w = 10, .box_h = 16, .ofs_x = 1, .ofs_y = 0},
    {.bitmap_index = 12755, .adv_w = 192, .box_w = 10, .box_h = 14, .ofs_x = 1, .ofs_y = 0},
    {.bitmap_index = 12825, .adv_w = 192, .box_w = 10, .box_h = 14, .ofs_x = 1, .ofs_y = 0},
    {.bitmap_index = 12895, .adv_w = 212, .box_w = 10, .box_h = 10, .ofs_x = 2, .ofs_y = 1},
    {.bitmap_index = 12945, .adv_w = 192, .box_w = 12, .box_h = 13, .ofs_x = 0, .ofs_y = -1},
    {.bitmap_index = 13023, .adv_w = 189, .box_w = 10, .box_h = 15, .ofs_x = 1, .ofs_y = 0},
    {.bitmap_index = 13098, .adv_w = 189, .box_w = 10, .box_h = 16, .ofs_x = 1, .ofs_y = 0},
    {.bitmap_index = 13178, .adv_w = 189, .box_w = 10, .box_h = 16, .ofs_x = 1, .ofs_y = 0},
    {.bitmap_index = 13258, .adv_w = 189, .box_w = 10, .box_h = 14, .ofs_x = 1, .ofs_y = 0},
    {.bitmap_index = 13328, .adv_w = 180, .box_w = 11, .box_h = 20, .ofs_x = 0, .ofs_y = -4},
    {.bitmap_index = 13438, .adv_w = 196, .box_w = 11, .box_h = 18, .ofs_x = 1, .ofs_y = -4},
    {.bitmap_index = 13537, .adv_w = 180, .box_w = 11, .box_h = 18, .ofs_x = 0, .ofs_y = -4},
    {.bitmap_index = 13636, .adv_w = 160, .box_w = 10, .box_h = 2, .ofs_x = 0, .ofs_y = 5},
    {.bitmap_index = 13646, .adv_w = 83, .box_w = 4, .box_h = 6, .ofs_x = 1, .ofs_y = 9},
    {.bitmap_index = 13658, .adv_w = 277, .box_w = 15, .box_h = 3, .ofs_x = 1, .ofs_y = 0}
};

/*---------------------
 *  CHARACTER MAPPING
 *--------------------*/

static const uint16_t unicode_list_3[] = {
    0x0, 0x6, 0x13
};

/*Collect the unicode lists and glyph_id offsets*/
static const lv_font_fmt_txt_cmap_t cmaps[] =
{
    {
        .range_start = 32, .range_length = 95, .glyph_id_start = 1,
        .unicode_list = NULL, .glyph_id_ofs_list = NULL, .list_length = 0, .type = LV_FONT_FMT_TXT_CMAP_FORMAT0_TINY
    },
    {
        .range_start = 160, .range_length = 13, .glyph_id_start = 96,
        .unicode_list = NULL, .glyph_id_ofs_list = NULL, .list_length = 0, .type = LV_FONT_FMT_TXT_CMAP_FORMAT0_TINY
    },
    {
        .range_start = 174, .range_length = 82, .glyph_id_start = 109,
        .unicode_list = NULL, .glyph_id_ofs_list = NULL, .list_length = 0, .type = LV_FONT_FMT_TXT_CMAP_FORMAT0_TINY
    },
    {
        .range_start = 8211, .range_length = 20, .glyph_id_start = 191,
        .unicode_list = unicode_list_3, .glyph_id_ofs_list = NULL, .list_length = 3, .type = LV_FONT_FMT_TXT_CMAP_SPARSE_TINY
    }
};

/*-----------------
 *    KERNING
 *----------------*/


/*Pair left and right glyphs for kerning*/
static const uint8_t kern_pair_glyph_ids[] =
{
    3, 7,
    3, 13,
    3, 15,
    3, 21,
    3, 98,
    3, 193,
    6, 192,
    7, 3,
    7, 8,
    7, 61,
    7, 109,
    8, 7,
    8, 13,
    8, 15,
    8, 21,
    8, 98,
    8, 193,
    9, 98,
    11, 7,
    11, 13,
    11, 15,
    11, 21,
    11, 33,
    11, 64,
    11, 105,
    11, 193,
    12, 19,
    12, 20,
    12, 24,
    12, 61,
    12, 117,
    13, 3,
    13, 8,
    13, 17,
    13, 18,
    13, 20,
    13, 22,
    13, 23,
    13, 24,
    13, 25,
    13, 26,
    13, 32,
    13, 33,
    13, 105,
    13, 117,
    13, 192,
    14, 19,
    14, 20,
    14, 24,
    14, 61,
    14, 117,
    15, 3,
    15, 8,
    15, 17,
    15, 18,
    15, 20,
    15, 22,
    15, 23,
    15, 24,
    15, 25,
    15, 26,
    15, 32,
    15, 33,
    15, 105,
    15, 117,
    15, 192,
    16, 13,
    16, 15,
    16, 193,
    17, 13,
    17, 15,
    17, 24,
    17, 61,
    17, 64,
    17, 193,
    19, 21,
    20, 11,
    20, 13,
    20, 15,
    20, 63,
    20, 107,
    20, 111,
    20, 193,
    21, 11,
    21, 13,
    21, 15,
    21, 18,
    21, 63,
    21, 109,
    21, 111,
    21, 117,
    21, 193,
    22, 13,
    22, 15,
    22, 109,
    22, 193,
    23, 13,
    23, 15,
    23, 64,
    23, 193,
    24, 4,
    24, 7,
    24, 13,
    24, 15,
    24, 17,
    24, 20,
    24, 21,
    24, 22,
    24, 23,
    24, 24,
    24, 25,
    24, 26,
    24, 27,
    24, 28,
    24, 29,
    24, 64,
    24, 98,
    24, 107,
    24, 193,
    25, 11,
    25, 13,
    25, 15,
    25, 63,
    25, 107,
    25, 111,
    25, 193,
    26, 13,
    26, 15,
    26, 24,
    26, 61,
    26, 64,
    26, 193,
    27, 61,
    28, 61,
    30, 61,
    31, 24,
    31, 61,
    33, 13,
    33, 15,
    33, 16,
    33, 61,
    33, 64,
    33, 109,
    33, 193,
    60, 98,
    61, 3,
    61, 8,
    61, 11,
    61, 12,
    61, 14,
    61, 16,
    61, 18,
    61, 30,
    61, 32,
    61, 33,
    61, 61,
    61, 63,
    61, 95,
    61, 105,
    61, 107,
    61, 108,
    61, 109,
    61, 111,
    61, 112,
    61, 117,
    61, 118,
    61, 122,
    61, 150,
    61, 182,
    61, 192,
    63, 7,
    63, 13,
    63, 15,
    63, 21,
    63, 33,
    63, 64,
    63, 105,
    63, 193,
    64, 11,
    64, 17,
    64, 18,
    64, 20,
    64, 21,
    64, 22,
    64, 23,
    64, 25,
    64, 26,
    64, 33,
    64, 61,
    64, 63,
    64, 93,
    64, 105,
    64, 111,
    64, 117,
    92, 98,
    95, 19,
    95, 20,
    95, 24,
    95, 61,
    95, 117,
    97, 61,
    98, 3,
    98, 8,
    98, 10,
    98, 18,
    98, 61,
    98, 62,
    98, 94,
    98, 109,
    98, 192,
    105, 13,
    105, 15,
    105, 16,
    105, 61,
    105, 64,
    105, 109,
    105, 193,
    109, 7,
    109, 21,
    109, 33,
    109, 98,
    109, 105,
    111, 7,
    111, 13,
    111, 15,
    111, 21,
    111, 33,
    111, 64,
    111, 105,
    111, 193,
    112, 61,
    116, 12,
    116, 14,
    116, 16,
    116, 29,
    116, 64,
    116, 95,
    116, 108,
    116, 118,
    116, 182,
    116, 192,
    118, 19,
    118, 20,
    118, 24,
    118, 61,
    118, 117,
    122, 18,
    122, 19,
    122, 20,
    122, 24,
    122, 25,
    122, 61,
    126, 61,
    126, 192,
    150, 61,
    182, 19,
    182, 20,
    182, 24,
    182, 61,
    182, 117,
    192, 4,
    192, 7,
    192, 12,
    192, 13,
    192, 14,
    192, 15,
    192, 16,
    192, 17,
    192, 21,
    192, 23,
    192, 24,
    192, 25,
    192, 27,
    192, 28,
    192, 29,
    192, 30,
    192, 33,
    192, 64,
    192, 95,
    192, 98,
    192, 105,
    192, 107,
    192, 108,
    192, 112,
    192, 116,
    192, 117,
    192, 118,
    192, 126,
    192, 182,
    192, 193,
    193, 3,
    193, 8,
    193, 17,
    193, 18,
    193, 20,
    193, 22,
    193, 23,
    193, 24,
    193, 25,
    193, 26,
    193, 32,
    193, 33,
    193, 105,
    193, 117,
    193, 192
};

/* Kerning between the respective left and right glyphs
 * 4.4 format which needs to scaled with `kern_scale`*/
static const int8_t kern_pair_values[] =
{
    -11, -26, -26, -20, -5, -26, -22, -11,
    -11, -20, -7, -11, -26, -26, -20, -5,
    -26, -4, -11, -44, -44, -15, -4, -22,
    -4, -44, -11, -4, -7, -16, -5, -26,
    -26, -8, -28, -9, -5, -8, -5, -7,
    -2, -28, -14, -14, -16, -18, -11, -4,
    -7, -16, -5, -26, -26, -8, -28, -9,
    -5, -8, -5, -7, -2, -28, -14, -14,
    -16, -18, -13, -13, -13, -8, -8, -6,
    -3, -15, -8, -5, -5, -7, -7, -5,
    -11, -5, -7, -6, -11, -11, -6, -6,
    -2, -6, -12, -11, -9, -9, -2, -9,
    -11, -11, -15, -11, -18, -15, -40, -40,
    -5, -5, -19, -3, -5, 6, -5, -3,
    -11, -11, -29, -51, -16, -20, -40, -5,
    -7, -7, -5, -11, -5, -7, -8, -8,
    -6, -3, -15, -8, -20, -20, -22, -24,
    -24, -14, -14, -13, -11, -13, -2, -14,
    -4, -25, -25, -25, -11, -11, 6, -11,
    -16, -20, -11, -16, -25, -11, -11, -11,
    -11, -23, -25, -16, -16, -11, -11, -11,
    -11, -18, -11, -44, -44, -15, -4, -22,
    -4, -44, -22, -15, -35, -15, -18, -15,
    -15, -15, -15, -13, -25, -22, 11, -13,
    -22, -15, -4, -11, -4, -7, -16, -5,
    -11, -5, -5, -4, -11, -16, -4, -4,
    -4, -8, -14, -14, -13, -11, -13, -2,
    -14, -11, -16, -2, -9, -2, -11, -44,
    -44, -15, -4, -22, -4, -44, -22, -13,
    -13, -11, -13, -11, -13, -11, -13, -13,
    5, -11, -4, -7, -13, -5, -13, -16,
    -15, -16, -11, -20, -25, -11, -13, -11,
    -4, -7, -16, -5, -40, -22, -20, -32,
    -20, -32, -45, -15, -31, -15, -20, -13,
    -18, -18, -31, -18, -18, -13, -15, -20,
    -18, -27, -20, -18, -15, -4, -20, -22,
    -20, -32, -26, -26, -8, -28, -9, -5,
    -8, -5, -7, -2, -28, -14, -14, -16,
    -18
};

/*Collect the kern pair's data in one place*/
static const lv_font_fmt_txt_kern_pair_t kern_pairs =
{
    .glyph_ids = kern_pair_glyph_ids,
    .values = kern_pair_values,
    .pair_cnt = 305,
    .glyph_ids_size = 0
};

/*--------------------
 *  ALL CUSTOM DATA
 *--------------------*/

#if LVGL_VERSION_MAJOR == 8
/*Store all the custom data of the font*/
static  lv_font_fmt_txt_glyph_cache_t cache;
#endif

#if LVGL_VERSION_MAJOR >= 8
static const lv_font_fmt_txt_dsc_t font_dsc = {
#else
static lv_font_fmt_txt_dsc_t font_dsc = {
#endif
    .glyph_bitmap = glyph_bitmap,
    .glyph_dsc = glyph_dsc,
    .cmaps = cmaps,
    .kern_dsc = &kern_pairs,
    .kern_scale = 16,
    .cmap_num = 4,
    .bpp = 4,
    .kern_classes = 0,
    .bitmap_format = 0,
#if LVGL_VERSION_MAJOR == 8
    .cache = &cache
#endif
};



/*-----------------
 *  PUBLIC FONT
 *----------------*/

/*Initialize a public general font descriptor*/
#if LVGL_VERSION_MAJOR >= 8
const lv_font_t ui_font_20 = {
#else
lv_font_t ui_font_20 = {
#endif
    .get_glyph_dsc = lv_font_get_glyph_dsc_fmt_txt,    /*Function pointer to get glyph's data*/
    .get_glyph_bitmap = lv_font_get_bitmap_fmt_txt,    /*Function pointer to get glyph's bitmap*/
    .line_height = 26,          /*The maximum line height required by the font*/
    .base_line = 5,             /*Baseline measured from the bottom of the line*/
#if !(LVGL_VERSION_MAJOR == 6 && LVGL_VERSION_MINOR == 0)
    .subpx = LV_FONT_SUBPX_NONE,
#endif
#if LV_VERSION_CHECK(7, 4, 0) || LVGL_VERSION_MAJOR >= 8
    .underline_position = -3,
    .underline_thickness = 1,
#endif
    .dsc = &font_dsc,          /*The custom font data. Will be accessed by `get_glyph_bitmap/dsc` */
#if LV_VERSION_CHECK(8, 2, 0) || LVGL_VERSION_MAJOR >= 9
    .fallback = NULL,
#endif
    .user_data = NULL,
};



#endif /*#if UI_FONT_20*/

