/*******************************************************************************
 * Size: 26 px
 * Bpp: 4
 * Opts: --no-compress --font inter/extras/ttf/Inter-SemiBold.ttf --size 26 --bpp 4 --range 0x20-0x7E,0xA0-0xFF,0x2013,0x2019,0x2026 --format lvgl --lv-font-name ui_font_26 -o lvfonts/ui_font_26.c
 ******************************************************************************/

#ifdef LV_LVGL_H_INCLUDE_SIMPLE
#include "lvgl.h"
#else
#include <lvgl.h>
#endif

#ifndef UI_FONT_26
#define UI_FONT_26 1
#endif

#if UI_FONT_26

/*-----------------
 *    BITMAPS
 *----------------*/

/*Store the image of the glyphs*/
static LV_ATTRIBUTE_LARGE_CONST const uint8_t glyph_bitmap[] = {
    /* U+0020 " " */

    /* U+0021 "!" */
    0x9f, 0xff, 0x9, 0xff, 0xf0, 0x9f, 0xfe, 0x9,
    0xff, 0xe0, 0x8f, 0xfe, 0x8, 0xff, 0xd0, 0x8f,
    0xfd, 0x7, 0xff, 0xd0, 0x7f, 0xfc, 0x7, 0xff,
    0xc0, 0x7f, 0xfc, 0x6, 0xff, 0xc0, 0x6f, 0xfb,
    0x2, 0x77, 0x50, 0x0, 0x0, 0x0, 0x1, 0x0,
    0x5f, 0xfa, 0xd, 0xff, 0xf2, 0xcf, 0xff, 0x23,
    0xdf, 0x70,

    /* U+0022 "\"" */
    0x5f, 0xfd, 0x3, 0xff, 0xf5, 0xff, 0xc0, 0x3f,
    0xfe, 0x4f, 0xfb, 0x2, 0xff, 0xe3, 0xff, 0xb0,
    0x1f, 0xfd, 0x3f, 0xfa, 0x1, 0xff, 0xc2, 0xff,
    0x90, 0xf, 0xfc, 0x1f, 0xf9, 0x0, 0xff, 0xb1,
    0xff, 0x80, 0xe, 0xfa,

    /* U+0023 "#" */
    0x0, 0x0, 0xc, 0xfc, 0x0, 0x2, 0xff, 0x70,
    0x0, 0x0, 0x0, 0xef, 0xa0, 0x0, 0x4f, 0xf4,
    0x0, 0x0, 0x0, 0x1f, 0xf7, 0x0, 0x7, 0xff,
    0x10, 0x0, 0x0, 0x4, 0xff, 0x50, 0x0, 0x9f,
    0xf0, 0x0, 0x0, 0x0, 0x6f, 0xf2, 0x0, 0xc,
    0xfc, 0x0, 0x0, 0x3f, 0xff, 0xff, 0xff, 0xff,
    0xff, 0xff, 0xf4, 0x6, 0xff, 0xff, 0xff, 0xff,
    0xff, 0xff, 0xff, 0x20, 0x5b, 0xbf, 0xfe, 0xbb,
    0xbc, 0xff, 0xcb, 0xa0, 0x0, 0x0, 0xff, 0x80,
    0x0, 0x6f, 0xf2, 0x0, 0x0, 0x0, 0x2f, 0xf6,
    0x0, 0x8, 0xff, 0x0, 0x0, 0x0, 0x5, 0xff,
    0x40, 0x0, 0xaf, 0xe0, 0x0, 0x0, 0x0, 0x7f,
    0xf1, 0x0, 0xc, 0xfc, 0x0, 0x0, 0x3b, 0xbd,
    0xff, 0xbb, 0xbb, 0xff, 0xeb, 0xb2, 0x6, 0xff,
    0xff, 0xff, 0xff, 0xff, 0xff, 0xff, 0x10, 0x9f,
    0xff, 0xff, 0xff, 0xff, 0xff, 0xff, 0xf0, 0x0,
    0x1, 0xff, 0x70, 0x0, 0x6f, 0xf2, 0x0, 0x0,
    0x0, 0x3f, 0xf5, 0x0, 0x9, 0xff, 0x0, 0x0,
    0x0, 0x6, 0xff, 0x20, 0x0, 0xcf, 0xc0, 0x0,
    0x0, 0x0, 0x8f, 0xf0, 0x0, 0xe, 0xfa, 0x0,
    0x0, 0x0, 0xb, 0xfd, 0x0, 0x1, 0xff, 0x70,
    0x0, 0x0,

    /* U+0024 "$" */
    0x0, 0x0, 0x0, 0x3f, 0x40, 0x0, 0x0, 0x0,
    0x0, 0x0, 0x3, 0xf4, 0x0, 0x0, 0x0, 0x0,
    0x0, 0x0, 0x3f, 0x40, 0x0, 0x0, 0x0, 0x0,
    0x17, 0xdf, 0xff, 0xd9, 0x30, 0x0, 0x0, 0x4e,
    0xff, 0xff, 0xff, 0xff, 0x70, 0x0, 0x3f, 0xff,
    0xff, 0xff, 0xff, 0xff, 0x60, 0xc, 0xff, 0xf6,
    0x4f, 0x54, 0xef, 0xfe, 0x1, 0xff, 0xf6, 0x3,
    0xf4, 0x3, 0xff, 0xf4, 0x3f, 0xff, 0x30, 0x3f,
    0x40, 0x8, 0x88, 0x33, 0xff, 0xf7, 0x3, 0xf4,
    0x0, 0x0, 0x0, 0xe, 0xff, 0xf8, 0x5f, 0x40,
    0x0, 0x0, 0x0, 0x6f, 0xff, 0xff, 0xf9, 0x30,
    0x0, 0x0, 0x0, 0x6f, 0xff, 0xff, 0xff, 0xd6,
    0x0, 0x0, 0x0, 0x18, 0xef, 0xff, 0xff, 0xfd,
    0x10, 0x0, 0x0, 0x0, 0x5f, 0xdf, 0xff, 0xfd,
    0x0, 0x0, 0x0, 0x3, 0xf4, 0x2b, 0xff, 0xf5,
    0x0, 0x0, 0x0, 0x3f, 0x40, 0xd, 0xff, 0x9b,
    0xff, 0xa0, 0x3, 0xf4, 0x0, 0xbf, 0xfa, 0x9f,
    0xfe, 0x10, 0x3f, 0x40, 0x1f, 0xff, 0x94, 0xff,
    0xfd, 0x44, 0xf5, 0x4d, 0xff, 0xf4, 0xb, 0xff,
    0xff, 0xff, 0xff, 0xff, 0xfb, 0x0, 0xb, 0xff,
    0xff, 0xff, 0xff, 0xfc, 0x10, 0x0, 0x5, 0xbe,
    0xff, 0xfe, 0xb6, 0x0, 0x0, 0x0, 0x0, 0x3,
    0xf4, 0x0, 0x0, 0x0, 0x0, 0x0, 0x0, 0x3f,
    0x40, 0x0, 0x0, 0x0, 0x0, 0x0, 0x0, 0x30,
    0x0, 0x0, 0x0,

    /* U+0025 "%" */
    0x0, 0x7d, 0xfd, 0x80, 0x0, 0x0, 0x0, 0x1,
    0xff, 0x60, 0x0, 0x9, 0xff, 0xff, 0xfb, 0x0,
    0x0, 0x0, 0xb, 0xfc, 0x0, 0x0, 0x2f, 0xfa,
    0x39, 0xff, 0x30, 0x0, 0x0, 0x6f, 0xf2, 0x0,
    0x0, 0x6f, 0xf1, 0x0, 0xff, 0x70, 0x0, 0x1,
    0xef, 0x70, 0x0, 0x0, 0x7f, 0xf0, 0x0, 0xef,
    0x80, 0x0, 0xa, 0xfc, 0x0, 0x0, 0x0, 0x6f,
    0xf0, 0x0, 0xff, 0x70, 0x0, 0x5f, 0xf2, 0x0,
    0x0, 0x0, 0x2f, 0xfa, 0x39, 0xff, 0x30, 0x1,
    0xef, 0x80, 0x0, 0x0, 0x0, 0xa, 0xff, 0xff,
    0xfb, 0x0, 0xa, 0xfd, 0x0, 0x0, 0x0, 0x0,
    0x0, 0x7d, 0xfe, 0x80, 0x0, 0x4f, 0xf3, 0x0,
    0x0, 0x0, 0x0, 0x0, 0x0, 0x0, 0x0, 0x0,
    0xef, 0x80, 0x0, 0x0, 0x0, 0x0, 0x0, 0x0,
    0x0, 0x0, 0x9, 0xfd, 0x0, 0x0, 0x2, 0x10,
    0x0, 0x0, 0x0, 0x0, 0x0, 0x3f, 0xf4, 0x0,
    0x9, 0xff, 0xfb, 0x10, 0x0, 0x0, 0x0, 0x0,
    0xdf, 0x90, 0x0, 0xaf, 0xff, 0xff, 0xd0, 0x0,
    0x0, 0x0, 0x8, 0xfe, 0x0, 0x2, 0xff, 0x80,
    0x5f, 0xf5, 0x0, 0x0, 0x0, 0x3f, 0xf4, 0x0,
    0x5, 0xff, 0x10, 0xe, 0xf8, 0x0, 0x0, 0x0,
    0xcf, 0xa0, 0x0, 0x6, 0xff, 0x0, 0xd, 0xf8,
    0x0, 0x0, 0x7, 0xfe, 0x10, 0x0, 0x5, 0xff,
    0x10, 0xe, 0xf7, 0x0, 0x0, 0x2f, 0xf5, 0x0,
    0x0, 0x1, 0xff, 0xa4, 0x8f, 0xf4, 0x0, 0x0,
    0xcf, 0xb0, 0x0, 0x0, 0x0, 0x9f, 0xff, 0xff,
    0xb0, 0x0, 0x6, 0xff, 0x10, 0x0, 0x0, 0x0,
    0x7, 0xdf, 0xe8, 0x0,

    /* U+0026 "&" */
    0x0, 0x0, 0x8d, 0xfe, 0xa3, 0x0, 0x0, 0x0,
    0x0, 0x1, 0xdf, 0xff, 0xff, 0xf4, 0x0, 0x0,
    0x0, 0x0, 0xaf, 0xff, 0xef, 0xff, 0xe0, 0x0,
    0x0, 0x0, 0x1f, 0xff, 0x40, 0xc, 0xff, 0x50,
    0x0, 0x0, 0x3, 0xff, 0xc0, 0x0, 0x6f, 0xf7,
    0x0, 0x0, 0x0, 0x2f, 0xfc, 0x0, 0x8, 0xff,
    0x50, 0x0, 0x0, 0x0, 0xff, 0xf3, 0x5, 0xff,
    0xf1, 0x0, 0x0, 0x0, 0x9, 0xff, 0xd8, 0xff,
    0xf7, 0x0, 0x0, 0x0, 0x0, 0x1e, 0xff, 0xff,
    0xf8, 0x0, 0x0, 0x0, 0x0, 0x0, 0x9f, 0xff,
    0xf5, 0x0, 0x0, 0x0, 0x0, 0x0, 0x9f, 0xff,
    0xff, 0x40, 0x0, 0x44, 0x30, 0x0, 0x9f, 0xff,
    0xdf, 0xff, 0x20, 0xf, 0xfd, 0x0, 0x5f, 0xff,
    0x60, 0xcf, 0xfd, 0x13, 0xff, 0xc0, 0xb, 0xff,
    0xa0, 0x1, 0xdf, 0xfc, 0x9f, 0xf8, 0x0, 0xdf,
    0xf6, 0x0, 0x2, 0xef, 0xff, 0xff, 0x30, 0xc,
    0xff, 0x90, 0x0, 0x3, 0xff, 0xff, 0xc0, 0x0,
    0x8f, 0xff, 0x60, 0x0, 0x5e, 0xff, 0xf7, 0x0,
    0x1, 0xef, 0xff, 0xfd, 0xff, 0xff, 0xff, 0xf2,
    0x0, 0x3, 0xef, 0xff, 0xff, 0xff, 0xdb, 0xff,
    0xd0, 0x0, 0x0, 0x7c, 0xef, 0xeb, 0x50, 0x1e,
    0xff, 0xa0,

    /* U+0027 "'" */
    0x5f, 0xfd, 0x5f, 0xfc, 0x4f, 0xfb, 0x3f, 0xfb,
    0x3f, 0xfa, 0x2f, 0xf9, 0x1f, 0xf9, 0x1f, 0xf8,

    /* U+0028 "(" */
    0x0, 0x5, 0xaa, 0x60, 0x0, 0xef, 0xf3, 0x0,
    0x6f, 0xfd, 0x0, 0xc, 0xff, 0x70, 0x2, 0xff,
    0xf2, 0x0, 0x7f, 0xfe, 0x0, 0xb, 0xff, 0x90,
    0x0, 0xff, 0xf6, 0x0, 0x2f, 0xff, 0x30, 0x5,
    0xff, 0xf0, 0x0, 0x7f, 0xfe, 0x0, 0x8, 0xff,
    0xc0, 0x0, 0x9f, 0xfc, 0x0, 0x9, 0xff, 0xb0,
    0x0, 0x8f, 0xfc, 0x0, 0x7, 0xff, 0xd0, 0x0,
    0x5f, 0xff, 0x0, 0x2, 0xff, 0xf2, 0x0, 0xf,
    0xff, 0x60, 0x0, 0xbf, 0xfa, 0x0, 0x5, 0xff,
    0xf0, 0x0, 0xf, 0xff, 0x50, 0x0, 0x9f, 0xfb,
    0x0, 0x2, 0xff, 0xf1, 0x0, 0x9, 0xff, 0x80,

    /* U+0029 ")" */
    0x9, 0xaa, 0x20, 0x0, 0x9, 0xff, 0xa0, 0x0,
    0x3, 0xff, 0xf2, 0x0, 0x0, 0xdf, 0xf8, 0x0,
    0x0, 0x7f, 0xfd, 0x0, 0x0, 0x3f, 0xff, 0x20,
    0x0, 0xe, 0xff, 0x70, 0x0, 0xb, 0xff, 0xa0,
    0x0, 0x7, 0xff, 0xd0, 0x0, 0x5, 0xff, 0xf0,
    0x0, 0x3, 0xff, 0xf2, 0x0, 0x1, 0xff, 0xf4,
    0x0, 0x0, 0xff, 0xf4, 0x0, 0x0, 0xff, 0xf5,
    0x0, 0x1, 0xff, 0xf4, 0x0, 0x2, 0xff, 0xf2,
    0x0, 0x4, 0xff, 0xf1, 0x0, 0x7, 0xff, 0xd0,
    0x0, 0xb, 0xff, 0xa0, 0x0, 0xf, 0xff, 0x60,
    0x0, 0x4f, 0xff, 0x10, 0x0, 0xaf, 0xfb, 0x0,
    0x0, 0xff, 0xf4, 0x0, 0x6, 0xff, 0xc0, 0x0,
    0xd, 0xff, 0x40, 0x0,

    /* U+002A "*" */
    0x0, 0x0, 0x1f, 0xf1, 0x0, 0x0, 0x0, 0x0,
    0xf, 0xf0, 0x0, 0x0, 0x7, 0xd3, 0xf, 0xf0,
    0x3d, 0x70, 0xe, 0xff, 0x8e, 0xf7, 0xff, 0xe0,
    0x2, 0xaf, 0xff, 0xff, 0xfb, 0x20, 0x0, 0x4,
    0xff, 0xff, 0x50, 0x0, 0x1, 0x8f, 0xff, 0xff,
    0xf9, 0x10, 0xe, 0xff, 0x9e, 0xf9, 0xff, 0xe0,
    0x8, 0xe4, 0xf, 0xf0, 0x4e, 0x80, 0x0, 0x10,
    0xf, 0xf0, 0x0, 0x0, 0x0, 0x0, 0x1f, 0xf1,
    0x0, 0x0, 0x0, 0x0, 0x1, 0x10, 0x0, 0x0,

    /* U+002B "+" */
    0x0, 0x0, 0xb, 0xff, 0x30, 0x0, 0x0, 0x0,
    0x0, 0xb, 0xff, 0x30, 0x0, 0x0, 0x0, 0x0,
    0xb, 0xff, 0x30, 0x0, 0x0, 0x0, 0x0, 0xb,
    0xff, 0x30, 0x0, 0x0, 0x0, 0x0, 0xb, 0xff,
    0x30, 0x0, 0x0, 0x8d, 0xdd, 0xdf, 0xff, 0xdd,
    0xdd, 0xd1, 0xaf, 0xff, 0xff, 0xff, 0xff, 0xff,
    0xf2, 0xaf, 0xff, 0xff, 0xff, 0xff, 0xff, 0xf2,
    0x0, 0x0, 0xb, 0xff, 0x30, 0x0, 0x0, 0x0,
    0x0, 0xb, 0xff, 0x30, 0x0, 0x0, 0x0, 0x0,
    0xb, 0xff, 0x30, 0x0, 0x0, 0x0, 0x0, 0xb,
    0xff, 0x30, 0x0, 0x0, 0x0, 0x0, 0xb, 0xff,
    0x30, 0x0, 0x0, 0x0, 0x0, 0x3, 0x55, 0x0,
    0x0, 0x0,

    /* U+002C "," */
    0x6, 0xff, 0xe0, 0x8, 0xff, 0xa0, 0xa, 0xff,
    0x60, 0xd, 0xff, 0x10, 0xf, 0xfd, 0x0, 0x1f,
    0xf8, 0x0, 0x3f, 0xf4, 0x0, 0x5f, 0xf0, 0x0,

    /* U+002D "-" */
    0x2d, 0xdd, 0xdd, 0xdd, 0xd4, 0x3f, 0xff, 0xff,
    0xff, 0xf4, 0x3f, 0xff, 0xff, 0xff, 0xf4,

    /* U+002E "." */
    0x1, 0x20, 0x5, 0xff, 0x90, 0xdf, 0xff, 0x1c,
    0xff, 0xf1, 0x3d, 0xe6, 0x0,

    /* U+002F "/" */
    0x0, 0x0, 0x0, 0x48, 0x82, 0x0, 0x0, 0x0,
    0xbf, 0xf2, 0x0, 0x0, 0x0, 0xff, 0xe0, 0x0,
    0x0, 0x3, 0xff, 0xa0, 0x0, 0x0, 0x8, 0xff,
    0x60, 0x0, 0x0, 0xc, 0xff, 0x10, 0x0, 0x0,
    0xf, 0xfd, 0x0, 0x0, 0x0, 0x4f, 0xf9, 0x0,
    0x0, 0x0, 0x8f, 0xf5, 0x0, 0x0, 0x0, 0xcf,
    0xf1, 0x0, 0x0, 0x1, 0xff, 0xd0, 0x0, 0x0,
    0x5, 0xff, 0x90, 0x0, 0x0, 0x9, 0xff, 0x40,
    0x0, 0x0, 0xd, 0xff, 0x10, 0x0, 0x0, 0x1f,
    0xfc, 0x0, 0x0, 0x0, 0x5f, 0xf8, 0x0, 0x0,
    0x0, 0x9f, 0xf4, 0x0, 0x0, 0x0, 0xef, 0xf0,
    0x0, 0x0, 0x2, 0xff, 0xc0, 0x0, 0x0, 0x6,
    0xff, 0x70, 0x0, 0x0, 0xa, 0xff, 0x30, 0x0,
    0x0, 0xe, 0xff, 0x0, 0x0, 0x0, 0x2f, 0xfb,
    0x0, 0x0, 0x0, 0x6f, 0xf7, 0x0, 0x0, 0x0,

    /* U+0030 "0" */
    0x0, 0x0, 0x4a, 0xef, 0xeb, 0x50, 0x0, 0x0,
    0x0, 0xaf, 0xff, 0xff, 0xff, 0xb0, 0x0, 0x0,
    0xaf, 0xff, 0xff, 0xff, 0xff, 0xc0, 0x0, 0x4f,
    0xff, 0xc2, 0x2, 0xaf, 0xff, 0x60, 0xc, 0xff,
    0xe0, 0x0, 0x0, 0xcf, 0xfe, 0x1, 0xff, 0xf6,
    0x0, 0x0, 0x4, 0xff, 0xf4, 0x5f, 0xff, 0x10,
    0x0, 0x0, 0xf, 0xff, 0x78, 0xff, 0xe0, 0x0,
    0x0, 0x0, 0xcf, 0xfa, 0x9f, 0xfc, 0x0, 0x0,
    0x0, 0xa, 0xff, 0xca, 0xff, 0xb0, 0x0, 0x0,
    0x0, 0x9f, 0xfd, 0xaf, 0xfb, 0x0, 0x0, 0x0,
    0x9, 0xff, 0xd9, 0xff, 0xc0, 0x0, 0x0, 0x0,
    0xaf, 0xfc, 0x8f, 0xfe, 0x0, 0x0, 0x0, 0xc,
    0xff, 0xa5, 0xff, 0xf1, 0x0, 0x0, 0x0, 0xff,
    0xf7, 0x1f, 0xff, 0x60, 0x0, 0x0, 0x4f, 0xff,
    0x40, 0xcf, 0xfe, 0x0, 0x0, 0xc, 0xff, 0xe0,
    0x4, 0xff, 0xfc, 0x20, 0x2a, 0xff, 0xf6, 0x0,
    0xa, 0xff, 0xff, 0xff, 0xff, 0xfc, 0x0, 0x0,
    0xa, 0xff, 0xff, 0xff, 0xfc, 0x10, 0x0, 0x0,
    0x4, 0xae, 0xfe, 0xb5, 0x0, 0x0,

    /* U+0031 "1" */
    0x0, 0x5, 0xff, 0xff, 0x10, 0x9, 0xff, 0xff,
    0xf1, 0x2d, 0xff, 0xff, 0xff, 0x1c, 0xff, 0xe8,
    0xff, 0xf1, 0xdf, 0xc1, 0x4f, 0xff, 0x1c, 0x80,
    0x4, 0xff, 0xf1, 0x30, 0x0, 0x4f, 0xff, 0x10,
    0x0, 0x4, 0xff, 0xf1, 0x0, 0x0, 0x4f, 0xff,
    0x10, 0x0, 0x4, 0xff, 0xf1, 0x0, 0x0, 0x4f,
    0xff, 0x10, 0x0, 0x4, 0xff, 0xf1, 0x0, 0x0,
    0x4f, 0xff, 0x10, 0x0, 0x4, 0xff, 0xf1, 0x0,
    0x0, 0x4f, 0xff, 0x10, 0x0, 0x4, 0xff, 0xf1,
    0x0, 0x0, 0x4f, 0xff, 0x10, 0x0, 0x4, 0xff,
    0xf1, 0x0, 0x0, 0x4f, 0xff, 0x10, 0x0, 0x4,
    0xff, 0xf1,

    /* U+0032 "2" */
    0x0, 0x2, 0x8d, 0xff, 0xd8, 0x20, 0x0, 0x0,
    0x5f, 0xff, 0xff, 0xff, 0xf6, 0x0, 0x4, 0xff,
    0xff, 0xff, 0xff, 0xff, 0x50, 0xd, 0xff, 0xe4,
    0x0, 0x4e, 0xff, 0xd0, 0x3f, 0xff, 0x30, 0x0,
    0x4, 0xff, 0xf3, 0x5f, 0xff, 0x0, 0x0, 0x0,
    0xff, 0xf5, 0x12, 0x22, 0x0, 0x0, 0x0, 0xff,
    0xf4, 0x0, 0x0, 0x0, 0x0, 0x4, 0xff, 0xf1,
    0x0, 0x0, 0x0, 0x0, 0xd, 0xff, 0xa0, 0x0,
    0x0, 0x0, 0x0, 0xaf, 0xff, 0x20, 0x0, 0x0,
    0x0, 0x8, 0xff, 0xf5, 0x0, 0x0, 0x0, 0x0,
    0x7f, 0xff, 0x80, 0x0, 0x0, 0x0, 0x7, 0xff,
    0xf9, 0x0, 0x0, 0x0, 0x0, 0x7f, 0xff, 0xa0,
    0x0, 0x0, 0x0, 0x6, 0xff, 0xfb, 0x0, 0x0,
    0x0, 0x0, 0x6f, 0xff, 0xc0, 0x0, 0x0, 0x0,
    0x5, 0xff, 0xfc, 0x10, 0x0, 0x0, 0x0, 0x3f,
    0xff, 0xff, 0xff, 0xff, 0xff, 0xfa, 0x4f, 0xff,
    0xff, 0xff, 0xff, 0xff, 0xfa, 0x4f, 0xff, 0xff,
    0xff, 0xff, 0xff, 0xfa,

    /* U+0033 "3" */
    0x0, 0x1, 0x7c, 0xef, 0xea, 0x40, 0x0, 0x0,
    0x4, 0xef, 0xff, 0xff, 0xff, 0xa0, 0x0, 0x3,
    0xff, 0xff, 0xfe, 0xff, 0xff, 0xa0, 0x0, 0xcf,
    0xfe, 0x50, 0x1, 0xbf, 0xff, 0x20, 0x1f, 0xff,
    0x40, 0x0, 0x0, 0xff, 0xf6, 0x1, 0x77, 0x70,
    0x0, 0x0, 0xc, 0xff, 0x80, 0x0, 0x0, 0x0,
    0x0, 0x0, 0xff, 0xf5, 0x0, 0x0, 0x0, 0x0,
    0x1, 0xbf, 0xfd, 0x0, 0x0, 0x0, 0x8, 0xbd,
    0xff, 0xfd, 0x20, 0x0, 0x0, 0x0, 0xcf, 0xff,
    0xf9, 0x0, 0x0, 0x0, 0x0, 0xc, 0xff, 0xff,
    0xff, 0x50, 0x0, 0x0, 0x0, 0x0, 0x14, 0xbf,
    0xff, 0x60, 0x0, 0x0, 0x0, 0x0, 0x0, 0xbf,
    0xfe, 0x0, 0x0, 0x0, 0x0, 0x0, 0x5, 0xff,
    0xf2, 0x5a, 0xa8, 0x0, 0x0, 0x0, 0x5f, 0xff,
    0x37, 0xff, 0xf2, 0x0, 0x0, 0xb, 0xff, 0xf0,
    0x2f, 0xff, 0xe5, 0x10, 0x2a, 0xff, 0xfa, 0x0,
    0x8f, 0xff, 0xff, 0xff, 0xff, 0xfe, 0x20, 0x0,
    0x8f, 0xff, 0xff, 0xff, 0xfd, 0x30, 0x0, 0x0,
    0x28, 0xde, 0xfe, 0xb6, 0x0, 0x0,

    /* U+0034 "4" */
    0x0, 0x0, 0x0, 0x0, 0xef, 0xff, 0x90, 0x0,
    0x0, 0x0, 0x0, 0x8, 0xff, 0xff, 0x90, 0x0,
    0x0, 0x0, 0x0, 0x2f, 0xff, 0xff, 0x90, 0x0,
    0x0, 0x0, 0x0, 0xbf, 0xff, 0xff, 0x90, 0x0,
    0x0, 0x0, 0x5, 0xff, 0xea, 0xff, 0x90, 0x0,
    0x0, 0x0, 0xe, 0xff, 0x69, 0xff, 0x90, 0x0,
    0x0, 0x0, 0x9f, 0xfc, 0x9, 0xff, 0x90, 0x0,
    0x0, 0x3, 0xff, 0xf3, 0x9, 0xff, 0x90, 0x0,
    0x0, 0xc, 0xff, 0x90, 0x9, 0xff, 0x90, 0x0,
    0x0, 0x6f, 0xfe, 0x10, 0x9, 0xff, 0x90, 0x0,
    0x1, 0xef, 0xf6, 0x0, 0x9, 0xff, 0x90, 0x0,
    0x9, 0xff, 0xc0, 0x0, 0x9, 0xff, 0x90, 0x0,
    0x3f, 0xff, 0x30, 0x0, 0x9, 0xff, 0x90, 0x0,
    0xaf, 0xff, 0xee, 0xee, 0xef, 0xff, 0xfe, 0xe0,
    0xaf, 0xff, 0xff, 0xff, 0xff, 0xff, 0xff, 0xf0,
    0xaf, 0xff, 0xff, 0xff, 0xff, 0xff, 0xff, 0xf0,
    0x0, 0x0, 0x0, 0x0, 0xa, 0xff, 0x90, 0x0,
    0x0, 0x0, 0x0, 0x0, 0xa, 0xff, 0x90, 0x0,
    0x0, 0x0, 0x0, 0x0, 0xa, 0xff, 0x90, 0x0,
    0x0, 0x0, 0x0, 0x0, 0xa, 0xff, 0x90, 0x0,

    /* U+0035 "5" */
    0x6, 0xff, 0xff, 0xff, 0xff, 0xff, 0xa0, 0x7,
    0xff, 0xff, 0xff, 0xff, 0xff, 0xa0, 0x9, 0xff,
    0xff, 0xff, 0xff, 0xff, 0x90, 0xa, 0xff, 0x60,
    0x0, 0x0, 0x0, 0x0, 0xc, 0xff, 0x50, 0x0,
    0x0, 0x0, 0x0, 0xd, 0xff, 0x30, 0x0, 0x0,
    0x0, 0x0, 0xf, 0xff, 0x20, 0x0, 0x0, 0x0,
    0x0, 0xf, 0xff, 0x18, 0xdf, 0xea, 0x30, 0x0,
    0x2f, 0xff, 0xdf, 0xff, 0xff, 0xf8, 0x0, 0x3f,
    0xff, 0xfe, 0xcd, 0xff, 0xff, 0x60, 0x28, 0xbd,
    0x60, 0x0, 0x3e, 0xff, 0xf0, 0x0, 0x0, 0x0,
    0x0, 0x3, 0xff, 0xf5, 0x0, 0x0, 0x0, 0x0,
    0x0, 0xcf, 0xf8, 0x0, 0x0, 0x0, 0x0, 0x0,
    0xbf, 0xf9, 0x58, 0x86, 0x0, 0x0, 0x0, 0xdf,
    0xf7, 0x7f, 0xfe, 0x0, 0x0, 0x4, 0xff, 0xf4,
    0x2f, 0xff, 0xc2, 0x0, 0x4e, 0xff, 0xd0, 0x9,
    0xff, 0xff, 0xef, 0xff, 0xff, 0x30, 0x0, 0x9f,
    0xff, 0xff, 0xff, 0xe4, 0x0, 0x0, 0x3, 0xad,
    0xfe, 0xc7, 0x10, 0x0,

    /* U+0036 "6" */
    0x0, 0x0, 0x3a, 0xef, 0xec, 0x60, 0x0, 0x0,
    0x0, 0x7f, 0xff, 0xff, 0xff, 0xd1, 0x0, 0x0,
    0x7f, 0xff, 0xff, 0xff, 0xff, 0xd0, 0x0, 0x2f,
    0xff, 0xd4, 0x13, 0xaf, 0xff, 0x70, 0x9, 0xff,
    0xd1, 0x0, 0x0, 0xaf, 0xfe, 0x0, 0xef, 0xf5,
    0x0, 0x0, 0x2, 0x88, 0x80, 0x3f, 0xff, 0x0,
    0x0, 0x0, 0x0, 0x0, 0x7, 0xff, 0xc0, 0x29,
    0xef, 0xd9, 0x20, 0x0, 0x8f, 0xfa, 0x4f, 0xff,
    0xff, 0xff, 0x50, 0x9, 0xff, 0xcf, 0xfe, 0xce,
    0xff, 0xff, 0x20, 0xaf, 0xff, 0xf6, 0x0, 0x5,
    0xff, 0xfb, 0xa, 0xff, 0xf8, 0x0, 0x0, 0x7,
    0xff, 0xf1, 0x9f, 0xff, 0x10, 0x0, 0x0, 0x1f,
    0xff, 0x36, 0xff, 0xf0, 0x0, 0x0, 0x0, 0xff,
    0xf4, 0x3f, 0xff, 0x20, 0x0, 0x0, 0x2f, 0xff,
    0x30, 0xdf, 0xf9, 0x0, 0x0, 0x9, 0xff, 0xe0,
    0x6, 0xff, 0xf8, 0x10, 0x8, 0xff, 0xf8, 0x0,
    0xc, 0xff, 0xff, 0xef, 0xff, 0xfd, 0x0, 0x0,
    0x1b, 0xff, 0xff, 0xff, 0xfc, 0x10, 0x0, 0x0,
    0x5, 0xbe, 0xfe, 0xb5, 0x0, 0x0,

    /* U+0037 "7" */
    0xff, 0xff, 0xff, 0xff, 0xff, 0xff, 0xef, 0xff,
    0xff, 0xff, 0xff, 0xff, 0xfe, 0xff, 0xff, 0xff,
    0xff, 0xff, 0xff, 0xe0, 0x0, 0x0, 0x0, 0x0,
    0xdf, 0xfb, 0x0, 0x0, 0x0, 0x0, 0x4f, 0xff,
    0x30, 0x0, 0x0, 0x0, 0xc, 0xff, 0xc0, 0x0,
    0x0, 0x0, 0x4, 0xff, 0xf4, 0x0, 0x0, 0x0,
    0x0, 0xbf, 0xfc, 0x0, 0x0, 0x0, 0x0, 0x3f,
    0xff, 0x50, 0x0, 0x0, 0x0, 0xa, 0xff, 0xd0,
    0x0, 0x0, 0x0, 0x2, 0xff, 0xf6, 0x0, 0x0,
    0x0, 0x0, 0xaf, 0xfe, 0x0, 0x0, 0x0, 0x0,
    0x1f, 0xff, 0x60, 0x0, 0x0, 0x0, 0x9, 0xff,
    0xe0, 0x0, 0x0, 0x0, 0x1, 0xff, 0xf7, 0x0,
    0x0, 0x0, 0x0, 0x8f, 0xff, 0x10, 0x0, 0x0,
    0x0, 0xf, 0xff, 0x80, 0x0, 0x0, 0x0, 0x7,
    0xff, 0xf1, 0x0, 0x0, 0x0, 0x0, 0xef, 0xf9,
    0x0, 0x0, 0x0, 0x0, 0x6f, 0xff, 0x20, 0x0,
    0x0, 0x0,

    /* U+0038 "8" */
    0x0, 0x1, 0x7c, 0xef, 0xea, 0x50, 0x0, 0x0,
    0x4, 0xef, 0xff, 0xff, 0xff, 0xb0, 0x0, 0x2,
    0xff, 0xff, 0xed, 0xff, 0xff, 0xb0, 0x0, 0xaf,
    0xff, 0x50, 0x0, 0xaf, 0xff, 0x40, 0xe, 0xff,
    0x80, 0x0, 0x0, 0xef, 0xf8, 0x0, 0xff, 0xf5,
    0x0, 0x0, 0xb, 0xff, 0x90, 0xc, 0xff, 0x80,
    0x0, 0x0, 0xef, 0xf6, 0x0, 0x5f, 0xff, 0x40,
    0x0, 0x9f, 0xfe, 0x0, 0x0, 0x8f, 0xff, 0xcb,
    0xef, 0xfe, 0x30, 0x0, 0x0, 0x5f, 0xff, 0xff,
    0xfc, 0x20, 0x0, 0x0, 0xaf, 0xff, 0xff, 0xff,
    0xff, 0x60, 0x0, 0xbf, 0xff, 0x72, 0x3, 0xbf,
    0xff, 0x50, 0x4f, 0xff, 0x50, 0x0, 0x0, 0xbf,
    0xfe, 0x9, 0xff, 0xe0, 0x0, 0x0, 0x5, 0xff,
    0xf3, 0xaf, 0xfd, 0x0, 0x0, 0x0, 0x3f, 0xff,
    0x48, 0xff, 0xf1, 0x0, 0x0, 0x7, 0xff, 0xf3,
    0x3f, 0xff, 0xc2, 0x0, 0x5, 0xff, 0xfd, 0x0,
    0x9f, 0xff, 0xfd, 0xce, 0xff, 0xff, 0x40, 0x0,
    0x9f, 0xff, 0xff, 0xff, 0xfe, 0x40, 0x0, 0x0,
    0x28, 0xde, 0xfe, 0xb6, 0x0, 0x0,

    /* U+0039 "9" */
    0x0, 0x1, 0x7c, 0xef, 0xd9, 0x20, 0x0, 0x0,
    0x5, 0xff, 0xff, 0xff, 0xff, 0x70, 0x0, 0x4,
    0xff, 0xff, 0xff, 0xff, 0xff, 0x60, 0x0, 0xef,
    0xfe, 0x50, 0x3, 0xdf, 0xff, 0x10, 0x5f, 0xff,
    0x30, 0x0, 0x1, 0xef, 0xf8, 0x8, 0xff, 0xc0,
    0x0, 0x0, 0x8, 0xff, 0xd0, 0xaf, 0xfa, 0x0,
    0x0, 0x0, 0x5f, 0xff, 0x19, 0xff, 0xb0, 0x0,
    0x0, 0x7, 0xff, 0xf3, 0x7f, 0xff, 0x20, 0x0,
    0x0, 0xdf, 0xff, 0x41, 0xff, 0xfd, 0x20, 0x1,
    0xbf, 0xff, 0xf4, 0x8, 0xff, 0xff, 0xcc, 0xff,
    0xbf, 0xff, 0x30, 0x9, 0xff, 0xff, 0xff, 0xd1,
    0xff, 0xf2, 0x0, 0x5, 0xbe, 0xfd, 0x70, 0x2f,
    0xff, 0x10, 0x0, 0x0, 0x0, 0x0, 0x5, 0xff,
    0xd0, 0x49, 0x98, 0x0, 0x0, 0x0, 0xbf, 0xf9,
    0x4, 0xff, 0xf5, 0x0, 0x0, 0x4f, 0xff, 0x30,
    0xd, 0xff, 0xf6, 0x22, 0x7f, 0xff, 0xc0, 0x0,
    0x4f, 0xff, 0xff, 0xff, 0xff, 0xe2, 0x0, 0x0,
    0x5f, 0xff, 0xff, 0xff, 0xe3, 0x0, 0x0, 0x0,
    0x28, 0xdf, 0xfd, 0x71, 0x0, 0x0,

    /* U+003A ":" */
    0x1, 0x20, 0x5, 0xff, 0x90, 0xdf, 0xff, 0x1c,
    0xff, 0xf1, 0x3d, 0xe6, 0x0, 0x0, 0x0, 0x0,
    0x0, 0x0, 0x0, 0x0, 0x0, 0x0, 0x0, 0x0,
    0x0, 0x1, 0x20, 0x5, 0xff, 0x90, 0xdf, 0xff,
    0x1c, 0xff, 0xf1, 0x3d, 0xe6, 0x0,

    /* U+003B ";" */
    0x0, 0x2, 0x0, 0x2, 0xef, 0xd0, 0x8, 0xff,
    0xf6, 0x7, 0xff, 0xf5, 0x0, 0xbf, 0xa0, 0x0,
    0x0, 0x0, 0x0, 0x0, 0x0, 0x0, 0x0, 0x0,
    0x0, 0x0, 0x0, 0x0, 0x0, 0x0, 0x0, 0x0,
    0x0, 0x0, 0x0, 0x0, 0x6, 0xff, 0xe0, 0x8,
    0xff, 0xa0, 0xa, 0xff, 0x60, 0xd, 0xff, 0x10,
    0xf, 0xfd, 0x0, 0x1f, 0xf8, 0x0, 0x3f, 0xf4,
    0x0, 0x5f, 0xf0, 0x0,

    /* U+003C "<" */
    0x0, 0x0, 0x0, 0x0, 0x0, 0x0, 0x10, 0x0,
    0x0, 0x0, 0x0, 0x3, 0xac, 0x0, 0x0, 0x0,
    0x0, 0x3b, 0xff, 0xc0, 0x0, 0x0, 0x4, 0xbf,
    0xff, 0xfc, 0x0, 0x0, 0x4c, 0xff, 0xff, 0xfb,
    0x30, 0x5, 0xcf, 0xff, 0xff, 0x92, 0x0, 0x5d,
    0xff, 0xff, 0xe7, 0x10, 0x0, 0xd, 0xff, 0xfd,
    0x60, 0x0, 0x0, 0x0, 0xdf, 0xff, 0x70, 0x0,
    0x0, 0x0, 0xa, 0xff, 0xff, 0xf8, 0x20, 0x0,
    0x0, 0x3, 0xaf, 0xff, 0xff, 0xa3, 0x0, 0x0,
    0x0, 0x2a, 0xff, 0xff, 0xfc, 0x50, 0x0, 0x0,
    0x2, 0x9f, 0xff, 0xff, 0xb0, 0x0, 0x0, 0x0,
    0x19, 0xff, 0xfc, 0x0, 0x0, 0x0, 0x0, 0x1,
    0x8f, 0xc0, 0x0, 0x0, 0x0, 0x0, 0x0, 0x15,

    /* U+003D "=" */
    0x6f, 0xff, 0xff, 0xff, 0xff, 0xff, 0xe6, 0xff,
    0xff, 0xff, 0xff, 0xff, 0xfe, 0x5f, 0xff, 0xff,
    0xff, 0xff, 0xff, 0xd0, 0x0, 0x0, 0x0, 0x0,
    0x0, 0x0, 0x0, 0x0, 0x0, 0x0, 0x0, 0x0,
    0x0, 0x0, 0x0, 0x0, 0x0, 0x0, 0x0, 0x5f,
    0xff, 0xff, 0xff, 0xff, 0xff, 0xd6, 0xff, 0xff,
    0xff, 0xff, 0xff, 0xfe, 0x6f, 0xff, 0xff, 0xff,
    0xff, 0xff, 0xe0,

    /* U+003E ">" */
    0x0, 0x0, 0x0, 0x0, 0x0, 0x0, 0x0, 0x4e,
    0x70, 0x0, 0x0, 0x0, 0x0, 0x0, 0x4f, 0xfe,
    0x70, 0x0, 0x0, 0x0, 0x0, 0x4f, 0xff, 0xfe,
    0x81, 0x0, 0x0, 0x0, 0x7, 0xef, 0xff, 0xff,
    0x81, 0x0, 0x0, 0x0, 0x5, 0xcf, 0xff, 0xff,
    0x91, 0x0, 0x0, 0x0, 0x4, 0xbf, 0xff, 0xff,
    0x91, 0x0, 0x0, 0x0, 0x2, 0x9f, 0xff, 0xf5,
    0x0, 0x0, 0x0, 0x0, 0x3c, 0xff, 0xf5, 0x0,
    0x0, 0x0, 0x5c, 0xff, 0xff, 0xe3, 0x0, 0x0,
    0x6d, 0xff, 0xff, 0xe6, 0x0, 0x1, 0x8e, 0xff,
    0xff, 0xd6, 0x0, 0x0, 0x3f, 0xff, 0xff, 0xd5,
    0x0, 0x0, 0x0, 0x4f, 0xff, 0xd5, 0x0, 0x0,
    0x0, 0x0, 0x4f, 0xc4, 0x0, 0x0, 0x0, 0x0,
    0x0, 0x24, 0x0, 0x0, 0x0, 0x0, 0x0, 0x0,

    /* U+003F "?" */
    0x0, 0x18, 0xdf, 0xfd, 0x81, 0x0, 0x5, 0xff,
    0xff, 0xff, 0xff, 0x40, 0x2f, 0xff, 0xfe, 0xef,
    0xff, 0xf2, 0x9f, 0xff, 0x40, 0x6, 0xff, 0xf9,
    0xdf, 0xf7, 0x0, 0x0, 0xaf, 0xfc, 0x67, 0x72,
    0x0, 0x0, 0x8f, 0xfd, 0x0, 0x0, 0x0, 0x0,
    0xcf, 0xfb, 0x0, 0x0, 0x0, 0x8, 0xff, 0xf5,
    0x0, 0x0, 0x1, 0xbf, 0xff, 0xa0, 0x0, 0x0,
    0x1e, 0xff, 0xf9, 0x0, 0x0, 0x0, 0x9f, 0xff,
    0x40, 0x0, 0x0, 0x0, 0xef, 0xf6, 0x0, 0x0,
    0x0, 0x0, 0xff, 0xf0, 0x0, 0x0, 0x0, 0x0,
    0xcc, 0xc0, 0x0, 0x0, 0x0, 0x0, 0x0, 0x0,
    0x0, 0x0, 0x0, 0x0, 0x1, 0x0, 0x0, 0x0,
    0x0, 0x2, 0xef, 0xd1, 0x0, 0x0, 0x0, 0x8,
    0xff, 0xf7, 0x0, 0x0, 0x0, 0x8, 0xff, 0xf6,
    0x0, 0x0, 0x0, 0x1, 0xbf, 0xb0, 0x0, 0x0,

    /* U+0040 "@" */
    0x0, 0x0, 0x0, 0x3, 0x8b, 0xef, 0xfe, 0xc9,
    0x40, 0x0, 0x0, 0x0, 0x0, 0x0, 0x3, 0xcf,
    0xff, 0xff, 0xff, 0xff, 0xfd, 0x40, 0x0, 0x0,
    0x0, 0x0, 0x7f, 0xff, 0xff, 0xdb, 0xab, 0xdf,
    0xff, 0xf9, 0x0, 0x0, 0x0, 0x8, 0xff, 0xfd,
    0x50, 0x0, 0x0, 0x2, 0x8f, 0xff, 0xa0, 0x0,
    0x0, 0x4f, 0xff, 0x80, 0x0, 0x0, 0x0, 0x0,
    0x3, 0xef, 0xf7, 0x0, 0x0, 0xef, 0xf8, 0x0,
    0x0, 0x0, 0x0, 0x0, 0x0, 0x2f, 0xff, 0x20,
    0x6, 0xff, 0xc0, 0x0, 0x0, 0x0, 0x0, 0x0,
    0x0, 0x6, 0xff, 0x90, 0xd, 0xff, 0x40, 0x0,
    0x18, 0xdf, 0xe9, 0x1b, 0xb4, 0x0, 0xef, 0xf0,
    0x1f, 0xfd, 0x0, 0x2, 0xef, 0xff, 0xff, 0xcf,
    0xf7, 0x0, 0x9f, 0xf4, 0x5f, 0xf9, 0x0, 0xc,
    0xff, 0xeb, 0xcf, 0xff, 0xf7, 0x0, 0x4f, 0xf7,
    0x8f, 0xf5, 0x0, 0x5f, 0xfb, 0x0, 0x2, 0xdf,
    0xf7, 0x0, 0x3f, 0xf9, 0x9f, 0xf4, 0x0, 0xaf,
    0xf1, 0x0, 0x0, 0x5f, 0xf7, 0x0, 0x1f, 0xfa,
    0xaf, 0xf3, 0x0, 0xcf, 0xc0, 0x0, 0x0, 0x2f,
    0xf7, 0x0, 0x1f, 0xf9, 0xaf, 0xf3, 0x0, 0xdf,
    0xa0, 0x0, 0x0, 0x1f, 0xf7, 0x0, 0x1f, 0xf8,
    0xaf, 0xf4, 0x0, 0xcf, 0xc0, 0x0, 0x0, 0x2f,
    0xf7, 0x0, 0x3f, 0xf7, 0x8f, 0xf5, 0x0, 0xaf,
    0xf0, 0x0, 0x0, 0x5f, 0xf7, 0x0, 0x5f, 0xf4,
    0x6f, 0xf9, 0x0, 0x5f, 0xf7, 0x0, 0x0, 0xdf,
    0xf8, 0x0, 0xaf, 0xf0, 0x2f, 0xfd, 0x0, 0xd,
    0xff, 0x96, 0x7d, 0xff, 0xfe, 0x69, 0xff, 0x90,
    0xe, 0xff, 0x30, 0x3, 0xef, 0xff, 0xff, 0xb7,
    0xff, 0xff, 0xfd, 0x10, 0x8, 0xff, 0xb0, 0x0,
    0x29, 0xef, 0xd8, 0x0, 0x6d, 0xfe, 0x91, 0x0,
    0x1, 0xef, 0xf7, 0x0, 0x0, 0x0, 0x0, 0x0,
    0x0, 0x0, 0x0, 0x0, 0x0, 0x6f, 0xff, 0x80,
    0x0, 0x0, 0x0, 0x0, 0x0, 0x0, 0x0, 0x0,
    0x0, 0x9, 0xff, 0xfd, 0x61, 0x0, 0x0, 0x0,
    0x57, 0x0, 0x0, 0x0, 0x0, 0x0, 0x8f, 0xff,
    0xff, 0xdc, 0xbb, 0xdf, 0xff, 0x0, 0x0, 0x0,
    0x0, 0x0, 0x3, 0xcf, 0xff, 0xff, 0xff, 0xff,
    0xff, 0x40, 0x0, 0x0, 0x0, 0x0, 0x0, 0x3,
    0x8b, 0xef, 0xff, 0xda, 0x62, 0x0, 0x0, 0x0,

    /* U+0041 "A" */
    0x0, 0x0, 0x0, 0xe, 0xff, 0xfb, 0x0, 0x0,
    0x0, 0x0, 0x0, 0x0, 0x4, 0xff, 0xff, 0xf1,
    0x0, 0x0, 0x0, 0x0, 0x0, 0x0, 0x9f, 0xff,
    0xff, 0x60, 0x0, 0x0, 0x0, 0x0, 0x0, 0xe,
    0xff, 0xaf, 0xfb, 0x0, 0x0, 0x0, 0x0, 0x0,
    0x4, 0xff, 0xe3, 0xff, 0xf1, 0x0, 0x0, 0x0,
    0x0, 0x0, 0x9f, 0xfa, 0xe, 0xff, 0x60, 0x0,
    0x0, 0x0, 0x0, 0xe, 0xff, 0x60, 0xaf, 0xfb,
    0x0, 0x0, 0x0, 0x0, 0x3, 0xff, 0xf2, 0x6,
    0xff, 0xf1, 0x0, 0x0, 0x0, 0x0, 0x9f, 0xfe,
    0x0, 0x1f, 0xff, 0x60, 0x0, 0x0, 0x0, 0xe,
    0xff, 0x90, 0x0, 0xdf, 0xfc, 0x0, 0x0, 0x0,
    0x3, 0xff, 0xf5, 0x0, 0x8, 0xff, 0xf1, 0x0,
    0x0, 0x0, 0x8f, 0xff, 0x0, 0x0, 0x2f, 0xff,
    0x60, 0x0, 0x0, 0xe, 0xff, 0xfd, 0xdd, 0xdd,
    0xff, 0xfc, 0x0, 0x0, 0x3, 0xff, 0xff, 0xff,
    0xff, 0xff, 0xff, 0xf1, 0x0, 0x0, 0x8f, 0xff,
    0xff, 0xff, 0xff, 0xff, 0xff, 0x70, 0x0, 0xd,
    0xff, 0xb0, 0x0, 0x0, 0x0, 0xdf, 0xfc, 0x0,
    0x3, 0xff, 0xf6, 0x0, 0x0, 0x0, 0x8, 0xff,
    0xf1, 0x0, 0x8f, 0xff, 0x10, 0x0, 0x0, 0x0,
    0x3f, 0xff, 0x70, 0xd, 0xff, 0xc0, 0x0, 0x0,
    0x0, 0x0, 0xef, 0xfc, 0x3, 0xff, 0xf7, 0x0,
    0x0, 0x0, 0x0, 0x9, 0xff, 0xf2,

    /* U+0042 "B" */
    0x1f, 0xff, 0xff, 0xff, 0xfe, 0xa4, 0x0, 0x1,
    0xff, 0xff, 0xff, 0xff, 0xff, 0xfa, 0x0, 0x1f,
    0xff, 0xff, 0xff, 0xff, 0xff, 0xf8, 0x1, 0xff,
    0xf4, 0x0, 0x0, 0x5f, 0xff, 0xe0, 0x1f, 0xff,
    0x40, 0x0, 0x0, 0x6f, 0xff, 0x21, 0xff, 0xf4,
    0x0, 0x0, 0x3, 0xff, 0xf3, 0x1f, 0xff, 0x40,
    0x0, 0x0, 0x5f, 0xff, 0x1, 0xff, 0xf4, 0x0,
    0x0, 0x1d, 0xff, 0x90, 0x1f, 0xff, 0xb9, 0x99,
    0xaf, 0xff, 0x90, 0x1, 0xff, 0xff, 0xff, 0xff,
    0xff, 0x70, 0x0, 0x1f, 0xff, 0xff, 0xff, 0xff,
    0xff, 0xe4, 0x1, 0xff, 0xf4, 0x0, 0x1, 0x4d,
    0xff, 0xf2, 0x1f, 0xff, 0x40, 0x0, 0x0, 0x1e,
    0xff, 0x91, 0xff, 0xf4, 0x0, 0x0, 0x0, 0x9f,
    0xfe, 0x1f, 0xff, 0x40, 0x0, 0x0, 0x8, 0xff,
    0xf1, 0xff, 0xf4, 0x0, 0x0, 0x0, 0xcf, 0xfd,
    0x1f, 0xff, 0x40, 0x0, 0x2, 0x9f, 0xff, 0x91,
    0xff, 0xff, 0xff, 0xff, 0xff, 0xff, 0xf2, 0x1f,
    0xff, 0xff, 0xff, 0xff, 0xff, 0xe4, 0x1, 0xff,
    0xff, 0xff, 0xff, 0xec, 0x71, 0x0,

    /* U+0043 "C" */
    0x0, 0x0, 0x4, 0xad, 0xff, 0xd9, 0x40, 0x0,
    0x0, 0x0, 0x2c, 0xff, 0xff, 0xff, 0xff, 0xb1,
    0x0, 0x0, 0x2e, 0xff, 0xff, 0xff, 0xff, 0xff,
    0xd1, 0x0, 0xd, 0xff, 0xfd, 0x63, 0x36, 0xdf,
    0xff, 0xb0, 0x7, 0xff, 0xfa, 0x0, 0x0, 0x0,
    0xaf, 0xff, 0x40, 0xef, 0xfc, 0x0, 0x0, 0x0,
    0x0, 0xef, 0xf9, 0x3f, 0xff, 0x40, 0x0, 0x0,
    0x0, 0x7, 0xcc, 0xa7, 0xff, 0xf0, 0x0, 0x0,
    0x0, 0x0, 0x0, 0x0, 0x9f, 0xfc, 0x0, 0x0,
    0x0, 0x0, 0x0, 0x0, 0xa, 0xff, 0xb0, 0x0,
    0x0, 0x0, 0x0, 0x0, 0x0, 0xaf, 0xfb, 0x0,
    0x0, 0x0, 0x0, 0x0, 0x0, 0x9, 0xff, 0xc0,
    0x0, 0x0, 0x0, 0x0, 0x0, 0x0, 0x7f, 0xff,
    0x0, 0x0, 0x0, 0x0, 0x0, 0x0, 0x4, 0xff,
    0xf4, 0x0, 0x0, 0x0, 0x0, 0x7c, 0xca, 0xe,
    0xff, 0xc0, 0x0, 0x0, 0x0, 0xe, 0xff, 0x90,
    0x7f, 0xff, 0x90, 0x0, 0x0, 0xa, 0xff, 0xf3,
    0x0, 0xdf, 0xff, 0xd6, 0x33, 0x6d, 0xff, 0xfb,
    0x0, 0x2, 0xef, 0xff, 0xff, 0xff, 0xff, 0xfd,
    0x0, 0x0, 0x2, 0xcf, 0xff, 0xff, 0xff, 0xfa,
    0x10, 0x0, 0x0, 0x0, 0x4a, 0xdf, 0xfd, 0x93,
    0x0, 0x0,

    /* U+0044 "D" */
    0x1f, 0xff, 0xff, 0xff, 0xec, 0x82, 0x0, 0x0,
    0x1, 0xff, 0xff, 0xff, 0xff, 0xff, 0xf9, 0x0,
    0x0, 0x1f, 0xff, 0xff, 0xff, 0xff, 0xff, 0xfc,
    0x10, 0x1, 0xff, 0xf5, 0x11, 0x12, 0x6d, 0xff,
    0xfa, 0x0, 0x1f, 0xff, 0x40, 0x0, 0x0, 0xa,
    0xff, 0xf4, 0x1, 0xff, 0xf4, 0x0, 0x0, 0x0,
    0xd, 0xff, 0xb0, 0x1f, 0xff, 0x40, 0x0, 0x0,
    0x0, 0x6f, 0xff, 0x1, 0xff, 0xf4, 0x0, 0x0,
    0x0, 0x2, 0xff, 0xf3, 0x1f, 0xff, 0x40, 0x0,
    0x0, 0x0, 0xf, 0xff, 0x51, 0xff, 0xf4, 0x0,
    0x0, 0x0, 0x0, 0xef, 0xf6, 0x1f, 0xff, 0x40,
    0x0, 0x0, 0x0, 0xe, 0xff, 0x61, 0xff, 0xf4,
    0x0, 0x0, 0x0, 0x0, 0xff, 0xf5, 0x1f, 0xff,
    0x40, 0x0, 0x0, 0x0, 0x2f, 0xff, 0x31, 0xff,
    0xf4, 0x0, 0x0, 0x0, 0x7, 0xff, 0xf0, 0x1f,
    0xff, 0x40, 0x0, 0x0, 0x0, 0xdf, 0xfb, 0x1,
    0xff, 0xf4, 0x0, 0x0, 0x0, 0xaf, 0xff, 0x40,
    0x1f, 0xff, 0x51, 0x11, 0x26, 0xdf, 0xff, 0xa0,
    0x1, 0xff, 0xff, 0xff, 0xff, 0xff, 0xff, 0xc0,
    0x0, 0x1f, 0xff, 0xff, 0xff, 0xff, 0xff, 0x90,
    0x0, 0x1, 0xff, 0xff, 0xff, 0xfe, 0xc8, 0x20,
    0x0, 0x0,

    /* U+0045 "E" */
    0x1f, 0xff, 0xff, 0xff, 0xff, 0xff, 0xf3, 0x1f,
    0xff, 0xff, 0xff, 0xff, 0xff, 0xf3, 0x1f, 0xff,
    0xff, 0xff, 0xff, 0xff, 0xf2, 0x1f, 0xff, 0x40,
    0x0, 0x0, 0x0, 0x0, 0x1f, 0xff, 0x40, 0x0,
    0x0, 0x0, 0x0, 0x1f, 0xff, 0x40, 0x0, 0x0,
    0x0, 0x0, 0x1f, 0xff, 0x40, 0x0, 0x0, 0x0,
    0x0, 0x1f, 0xff, 0x40, 0x0, 0x0, 0x0, 0x0,
    0x1f, 0xff, 0x40, 0x0, 0x0, 0x0, 0x0, 0x1f,
    0xff, 0xff, 0xff, 0xff, 0xff, 0x80, 0x1f, 0xff,
    0xff, 0xff, 0xff, 0xff, 0x80, 0x1f, 0xff, 0xff,
    0xff, 0xff, 0xff, 0x80, 0x1f, 0xff, 0x40, 0x0,
    0x0, 0x0, 0x0, 0x1f, 0xff, 0x40, 0x0, 0x0,
    0x0, 0x0, 0x1f, 0xff, 0x40, 0x0, 0x0, 0x0,
    0x0, 0x1f, 0xff, 0x40, 0x0, 0x0, 0x0, 0x0,
    0x1f, 0xff, 0x40, 0x0, 0x0, 0x0, 0x0, 0x1f,
    0xff, 0xff, 0xff, 0xff, 0xff, 0xf3, 0x1f, 0xff,
    0xff, 0xff, 0xff, 0xff, 0xf4, 0x1f, 0xff, 0xff,
    0xff, 0xff, 0xff, 0xf4,

    /* U+0046 "F" */
    0x1f, 0xff, 0xff, 0xff, 0xff, 0xff, 0xf0, 0x1f,
    0xff, 0xff, 0xff, 0xff, 0xff, 0xf0, 0x1f, 0xff,
    0xff, 0xff, 0xff, 0xff, 0xf0, 0x1f, 0xff, 0x40,
    0x0, 0x0, 0x0, 0x0, 0x1f, 0xff, 0x40, 0x0,
    0x0, 0x0, 0x0, 0x1f, 0xff, 0x40, 0x0, 0x0,
    0x0, 0x0, 0x1f, 0xff, 0x40, 0x0, 0x0, 0x0,
    0x0, 0x1f, 0xff, 0x40, 0x0, 0x0, 0x0, 0x0,
    0x1f, 0xff, 0x40, 0x0, 0x0, 0x0, 0x0, 0x1f,
    0xff, 0xff, 0xff, 0xff, 0xff, 0x20, 0x1f, 0xff,
    0xff, 0xff, 0xff, 0xff, 0x20, 0x1f, 0xff, 0xff,
    0xff, 0xff, 0xff, 0x20, 0x1f, 0xff, 0x40, 0x0,
    0x0, 0x0, 0x0, 0x1f, 0xff, 0x40, 0x0, 0x0,
    0x0, 0x0, 0x1f, 0xff, 0x40, 0x0, 0x0, 0x0,
    0x0, 0x1f, 0xff, 0x40, 0x0, 0x0, 0x0, 0x0,
    0x1f, 0xff, 0x40, 0x0, 0x0, 0x0, 0x0, 0x1f,
    0xff, 0x40, 0x0, 0x0, 0x0, 0x0, 0x1f, 0xff,
    0x40, 0x0, 0x0, 0x0, 0x0, 0x1f, 0xff, 0x40,
    0x0, 0x0, 0x0, 0x0,

    /* U+0047 "G" */
    0x0, 0x0, 0x4, 0xad, 0xff, 0xd9, 0x40, 0x0,
    0x0, 0x0, 0x1, 0xbf, 0xff, 0xff, 0xff, 0xfb,
    0x10, 0x0, 0x0, 0x2e, 0xff, 0xff, 0xff, 0xff,
    0xff, 0xe1, 0x0, 0x0, 0xdf, 0xff, 0xd6, 0x33,
    0x6d, 0xff, 0xfc, 0x0, 0x7, 0xff, 0xfa, 0x0,
    0x0, 0x0, 0xaf, 0xff, 0x50, 0xe, 0xff, 0xd0,
    0x0, 0x0, 0x0, 0xe, 0xff, 0xb0, 0x3f, 0xff,
    0x50, 0x0, 0x0, 0x0, 0x3, 0x55, 0x40, 0x7f,
    0xff, 0x0, 0x0, 0x0, 0x0, 0x0, 0x0, 0x0,
    0x9f, 0xfd, 0x0, 0x0, 0x0, 0x0, 0x0, 0x0,
    0x0, 0xaf, 0xfb, 0x0, 0x0, 0x7, 0xcc, 0xcc,
    0xcc, 0xc1, 0xaf, 0xfb, 0x0, 0x0, 0x9, 0xff,
    0xff, 0xff, 0xf1, 0x9f, 0xfc, 0x0, 0x0, 0x9,
    0xff, 0xff, 0xff, 0xf1, 0x7f, 0xff, 0x0, 0x0,
    0x0, 0x0, 0x4, 0xff, 0xf0, 0x4f, 0xff, 0x40,
    0x0, 0x0, 0x0, 0x6, 0xff, 0xe0, 0xe, 0xff,
    0xc0, 0x0, 0x0, 0x0, 0xc, 0xff, 0xb0, 0x7,
    0xff, 0xfa, 0x0, 0x0, 0x0, 0x8f, 0xff, 0x50,
    0x0, 0xdf, 0xff, 0xd6, 0x33, 0x5c, 0xff, 0xfb,
    0x0, 0x0, 0x2e, 0xff, 0xff, 0xff, 0xff, 0xff,
    0xe1, 0x0, 0x0, 0x2, 0xcf, 0xff, 0xff, 0xff,
    0xfc, 0x10, 0x0, 0x0, 0x0, 0x4, 0xad, 0xff,
    0xda, 0x40, 0x0, 0x0,

    /* U+0048 "H" */
    0x1f, 0xff, 0x40, 0x0, 0x0, 0x0, 0xe, 0xff,
    0x71, 0xff, 0xf4, 0x0, 0x0, 0x0, 0x0, 0xef,
    0xf7, 0x1f, 0xff, 0x40, 0x0, 0x0, 0x0, 0xe,
    0xff, 0x71, 0xff, 0xf4, 0x0, 0x0, 0x0, 0x0,
    0xef, 0xf7, 0x1f, 0xff, 0x40, 0x0, 0x0, 0x0,
    0xe, 0xff, 0x71, 0xff, 0xf4, 0x0, 0x0, 0x0,
    0x0, 0xef, 0xf7, 0x1f, 0xff, 0x40, 0x0, 0x0,
    0x0, 0xe, 0xff, 0x71, 0xff, 0xf4, 0x0, 0x0,
    0x0, 0x0, 0xef, 0xf7, 0x1f, 0xff, 0xff, 0xff,
    0xff, 0xff, 0xff, 0xff, 0x71, 0xff, 0xff, 0xff,
    0xff, 0xff, 0xff, 0xff, 0xf7, 0x1f, 0xff, 0xff,
    0xff, 0xff, 0xff, 0xff, 0xff, 0x71, 0xff, 0xf4,
    0x0, 0x0, 0x0, 0x0, 0xef, 0xf7, 0x1f, 0xff,
    0x40, 0x0, 0x0, 0x0, 0xe, 0xff, 0x71, 0xff,
    0xf4, 0x0, 0x0, 0x0, 0x0, 0xef, 0xf7, 0x1f,
    0xff, 0x40, 0x0, 0x0, 0x0, 0xe, 0xff, 0x71,
    0xff, 0xf4, 0x0, 0x0, 0x0, 0x0, 0xef, 0xf7,
    0x1f, 0xff, 0x40, 0x0, 0x0, 0x0, 0xe, 0xff,
    0x71, 0xff, 0xf4, 0x0, 0x0, 0x0, 0x0, 0xef,
    0xf7, 0x1f, 0xff, 0x40, 0x0, 0x0, 0x0, 0xe,
    0xff, 0x71, 0xff, 0xf4, 0x0, 0x0, 0x0, 0x0,
    0xef, 0xf7,

    /* U+0049 "I" */
    0x1f, 0xff, 0x41, 0xff, 0xf4, 0x1f, 0xff, 0x41,
    0xff, 0xf4, 0x1f, 0xff, 0x41, 0xff, 0xf4, 0x1f,
    0xff, 0x41, 0xff, 0xf4, 0x1f, 0xff, 0x41, 0xff,
    0xf4, 0x1f, 0xff, 0x41, 0xff, 0xf4, 0x1f, 0xff,
    0x41, 0xff, 0xf4, 0x1f, 0xff, 0x41, 0xff, 0xf4,
    0x1f, 0xff, 0x41, 0xff, 0xf4, 0x1f, 0xff, 0x41,
    0xff, 0xf4,

    /* U+004A "J" */
    0x0, 0x0, 0x0, 0x0, 0x3, 0xff, 0xf2, 0x0,
    0x0, 0x0, 0x0, 0x3, 0xff, 0xf2, 0x0, 0x0,
    0x0, 0x0, 0x3, 0xff, 0xf2, 0x0, 0x0, 0x0,
    0x0, 0x3, 0xff, 0xf2, 0x0, 0x0, 0x0, 0x0,
    0x3, 0xff, 0xf2, 0x0, 0x0, 0x0, 0x0, 0x3,
    0xff, 0xf2, 0x0, 0x0, 0x0, 0x0, 0x3, 0xff,
    0xf2, 0x0, 0x0, 0x0, 0x0, 0x3, 0xff, 0xf2,
    0x0, 0x0, 0x0, 0x0, 0x3, 0xff, 0xf2, 0x0,
    0x0, 0x0, 0x0, 0x3, 0xff, 0xf2, 0x0, 0x0,
    0x0, 0x0, 0x3, 0xff, 0xf2, 0x0, 0x0, 0x0,
    0x0, 0x3, 0xff, 0xf2, 0x3, 0x33, 0x10, 0x0,
    0x3, 0xff, 0xf2, 0xf, 0xff, 0x60, 0x0, 0x3,
    0xff, 0xf2, 0xf, 0xff, 0x70, 0x0, 0x4, 0xff,
    0xf1, 0xd, 0xff, 0xa0, 0x0, 0x8, 0xff, 0xf0,
    0x9, 0xff, 0xf7, 0x0, 0x5f, 0xff, 0xb0, 0x1,
    0xff, 0xff, 0xff, 0xff, 0xff, 0x30, 0x0, 0x4f,
    0xff, 0xff, 0xff, 0xf6, 0x0, 0x0, 0x1, 0x8d,
    0xff, 0xd9, 0x20, 0x0,

    /* U+004B "K" */
    0x1f, 0xff, 0x40, 0x0, 0x0, 0x3, 0xff, 0xfe,
    0x21, 0xff, 0xf4, 0x0, 0x0, 0x1, 0xef, 0xff,
    0x30, 0x1f, 0xff, 0x40, 0x0, 0x0, 0xcf, 0xff,
    0x60, 0x1, 0xff, 0xf4, 0x0, 0x0, 0xaf, 0xff,
    0x80, 0x0, 0x1f, 0xff, 0x40, 0x0, 0x7f, 0xff,
    0xb0, 0x0, 0x1, 0xff, 0xf4, 0x0, 0x4f, 0xff,
    0xd0, 0x0, 0x0, 0x1f, 0xff, 0x40, 0x2f, 0xff,
    0xe1, 0x0, 0x0, 0x1, 0xff, 0xf4, 0xd, 0xff,
    0xf3, 0x0, 0x0, 0x0, 0x1f, 0xff, 0x49, 0xff,
    0xf7, 0x0, 0x0, 0x0, 0x1, 0xff, 0xf8, 0xff,
    0xff, 0xc0, 0x0, 0x0, 0x0, 0x1f, 0xff, 0xff,
    0xff, 0xff, 0x60, 0x0, 0x0, 0x1, 0xff, 0xff,
    0xf7, 0xcf, 0xff, 0x10, 0x0, 0x0, 0x1f, 0xff,
    0xf9, 0x3, 0xff, 0xfb, 0x0, 0x0, 0x1, 0xff,
    0xfb, 0x0, 0x8, 0xff, 0xf5, 0x0, 0x0, 0x1f,
    0xff, 0x40, 0x0, 0xd, 0xff, 0xe1, 0x0, 0x1,
    0xff, 0xf4, 0x0, 0x0, 0x4f, 0xff, 0xa0, 0x0,
    0x1f, 0xff, 0x40, 0x0, 0x0, 0xaf, 0xff, 0x50,
    0x1, 0xff, 0xf4, 0x0, 0x0, 0x1, 0xef, 0xfe,
    0x10, 0x1f, 0xff, 0x40, 0x0, 0x0, 0x5, 0xff,
    0xfa, 0x1, 0xff, 0xf4, 0x0, 0x0, 0x0, 0xb,
    0xff, 0xf4,

    /* U+004C "L" */
    0x1f, 0xff, 0x40, 0x0, 0x0, 0x0, 0x1, 0xff,
    0xf4, 0x0, 0x0, 0x0, 0x0, 0x1f, 0xff, 0x40,
    0x0, 0x0, 0x0, 0x1, 0xff, 0xf4, 0x0, 0x0,
    0x0, 0x0, 0x1f, 0xff, 0x40, 0x0, 0x0, 0x0,
    0x1, 0xff, 0xf4, 0x0, 0x0, 0x0, 0x0, 0x1f,
    0xff, 0x40, 0x0, 0x0, 0x0, 0x1, 0xff, 0xf4,
    0x0, 0x0, 0x0, 0x0, 0x1f, 0xff, 0x40, 0x0,
    0x0, 0x0, 0x1, 0xff, 0xf4, 0x0, 0x0, 0x0,
    0x0, 0x1f, 0xff, 0x40, 0x0, 0x0, 0x0, 0x1,
    0xff, 0xf4, 0x0, 0x0, 0x0, 0x0, 0x1f, 0xff,
    0x40, 0x0, 0x0, 0x0, 0x1, 0xff, 0xf4, 0x0,
    0x0, 0x0, 0x0, 0x1f, 0xff, 0x40, 0x0, 0x0,
    0x0, 0x1, 0xff, 0xf4, 0x0, 0x0, 0x0, 0x0,
    0x1f, 0xff, 0x40, 0x0, 0x0, 0x0, 0x1, 0xff,
    0xff, 0xff, 0xff, 0xff, 0xfa, 0x1f, 0xff, 0xff,
    0xff, 0xff, 0xff, 0xa1, 0xff, 0xff, 0xff, 0xff,
    0xff, 0xfa,

    /* U+004D "M" */
    0x1f, 0xff, 0xff, 0x20, 0x0, 0x0, 0x0, 0x3,
    0xff, 0xff, 0xf1, 0x1f, 0xff, 0xff, 0x80, 0x0,
    0x0, 0x0, 0x8, 0xff, 0xff, 0xf1, 0x1f, 0xff,
    0xff, 0xe0, 0x0, 0x0, 0x0, 0xe, 0xff, 0xff,
    0xf1, 0x1f, 0xff, 0xff, 0xf3, 0x0, 0x0, 0x0,
    0x3f, 0xfe, 0xff, 0xf1, 0x1f, 0xff, 0xbf, 0xf9,
    0x0, 0x0, 0x0, 0x9f, 0xfb, 0xff, 0xf1, 0x1f,
    0xff, 0x7f, 0xfe, 0x0, 0x0, 0x0, 0xef, 0xf7,
    0xff, 0xf1, 0x1f, 0xff, 0x3f, 0xff, 0x40, 0x0,
    0x4, 0xff, 0xe4, 0xff, 0xf1, 0x1f, 0xff, 0x3b,
    0xff, 0x90, 0x0, 0xa, 0xff, 0xa4, 0xff, 0xf1,
    0x1f, 0xff, 0x37, 0xff, 0xe0, 0x0, 0xf, 0xff,
    0x54, 0xff, 0xf1, 0x1f, 0xff, 0x32, 0xff, 0xf4,
    0x0, 0x5f, 0xff, 0x14, 0xff, 0xf1, 0x1f, 0xff,
    0x30, 0xcf, 0xfa, 0x0, 0xaf, 0xfb, 0x4, 0xff,
    0xf1, 0x1f, 0xff, 0x30, 0x6f, 0xfe, 0x0, 0xef,
    0xf5, 0x4, 0xff, 0xf1, 0x1f, 0xff, 0x30, 0x1f,
    0xff, 0x32, 0xff, 0xf0, 0x4, 0xff, 0xf1, 0x1f,
    0xff, 0x30, 0xb, 0xff, 0x66, 0xff, 0xa0, 0x4,
    0xff, 0xf1, 0x1f, 0xff, 0x30, 0x6, 0xff, 0xaa,
    0xff, 0x50, 0x4, 0xff, 0xf1, 0x1f, 0xff, 0x30,
    0x0, 0xff, 0xee, 0xff, 0x0, 0x4, 0xff, 0xf1,
    0x1f, 0xff, 0x30, 0x0, 0xaf, 0xff, 0xfa, 0x0,
    0x4, 0xff, 0xf1, 0x1f, 0xff, 0x30, 0x0, 0x5f,
    0xff, 0xf4, 0x0, 0x4, 0xff, 0xf1, 0x1f, 0xff,
    0x30, 0x0, 0xf, 0xff, 0xe0, 0x0, 0x4, 0xff,
    0xf1, 0x1f, 0xff, 0x30, 0x0, 0xa, 0xff, 0x90,
    0x0, 0x4, 0xff, 0xf1,

    /* U+004E "N" */
    0x1f, 0xff, 0xf1, 0x0, 0x0, 0x0, 0x9, 0xff,
    0xd1, 0xff, 0xff, 0xa0, 0x0, 0x0, 0x0, 0x9f,
    0xfd, 0x1f, 0xff, 0xff, 0x30, 0x0, 0x0, 0x9,
    0xff, 0xd1, 0xff, 0xff, 0xfc, 0x0, 0x0, 0x0,
    0x9f, 0xfd, 0x1f, 0xff, 0xef, 0xf6, 0x0, 0x0,
    0x9, 0xff, 0xd1, 0xff, 0xf7, 0xff, 0xe1, 0x0,
    0x0, 0x9f, 0xfd, 0x1f, 0xff, 0x3d, 0xff, 0x90,
    0x0, 0x9, 0xff, 0xd1, 0xff, 0xf4, 0x5f, 0xff,
    0x30, 0x0, 0x9f, 0xfd, 0x1f, 0xff, 0x50, 0xcf,
    0xfc, 0x0, 0x9, 0xff, 0xd1, 0xff, 0xf5, 0x3,
    0xff, 0xf6, 0x0, 0x9f, 0xfd, 0x1f, 0xff, 0x50,
    0xa, 0xff, 0xe0, 0x9, 0xff, 0xd1, 0xff, 0xf5,
    0x0, 0x1f, 0xff, 0x80, 0x9f, 0xfd, 0x1f, 0xff,
    0x50, 0x0, 0x7f, 0xff, 0x19, 0xff, 0xd1, 0xff,
    0xf5, 0x0, 0x0, 0xdf, 0xf9, 0x8f, 0xfd, 0x1f,
    0xff, 0x50, 0x0, 0x4, 0xff, 0xf9, 0xff, 0xd1,
    0xff, 0xf5, 0x0, 0x0, 0xb, 0xff, 0xef, 0xfd,
    0x1f, 0xff, 0x50, 0x0, 0x0, 0x2f, 0xff, 0xff,
    0xd1, 0xff, 0xf5, 0x0, 0x0, 0x0, 0x8f, 0xff,
    0xfd, 0x1f, 0xff, 0x50, 0x0, 0x0, 0x0, 0xdf,
    0xff, 0xd1, 0xff, 0xf5, 0x0, 0x0, 0x0, 0x5,
    0xff, 0xfd,

    /* U+004F "O" */
    0x0, 0x0, 0x4, 0xad, 0xff, 0xda, 0x40, 0x0,
    0x0, 0x0, 0x1, 0xcf, 0xff, 0xff, 0xff, 0xfb,
    0x10, 0x0, 0x0, 0x2e, 0xff, 0xff, 0xff, 0xff,
    0xff, 0xe2, 0x0, 0x0, 0xdf, 0xff, 0xd6, 0x33,
    0x6d, 0xff, 0xfd, 0x0, 0x7, 0xff, 0xf9, 0x0,
    0x0, 0x0, 0xaf, 0xff, 0x70, 0xe, 0xff, 0xc0,
    0x0, 0x0, 0x0, 0xd, 0xff, 0xe0, 0x3f, 0xff,
    0x40, 0x0, 0x0, 0x0, 0x5, 0xff, 0xf3, 0x7f,
    0xff, 0x0, 0x0, 0x0, 0x0, 0x0, 0xff, 0xf7,
    0x9f, 0xfc, 0x0, 0x0, 0x0, 0x0, 0x0, 0xdf,
    0xf9, 0xaf, 0xfb, 0x0, 0x0, 0x0, 0x0, 0x0,
    0xcf, 0xfa, 0xaf, 0xfb, 0x0, 0x0, 0x0, 0x0,
    0x0, 0xcf, 0xfa, 0x9f, 0xfc, 0x0, 0x0, 0x0,
    0x0, 0x0, 0xdf, 0xf9, 0x7f, 0xff, 0x0, 0x0,
    0x0, 0x0, 0x0, 0xff, 0xf7, 0x3f, 0xff, 0x40,
    0x0, 0x0, 0x0, 0x5, 0xff, 0xf3, 0xe, 0xff,
    0xc0, 0x0, 0x0, 0x0, 0xd, 0xff, 0xe0, 0x7,
    0xff, 0xf9, 0x0, 0x0, 0x0, 0xaf, 0xff, 0x70,
    0x0, 0xdf, 0xff, 0xd6, 0x33, 0x6d, 0xff, 0xfd,
    0x0, 0x0, 0x2e, 0xff, 0xff, 0xff, 0xff, 0xff,
    0xe2, 0x0, 0x0, 0x1, 0xcf, 0xff, 0xff, 0xff,
    0xfb, 0x10, 0x0, 0x0, 0x0, 0x4, 0xad, 0xff,
    0xda, 0x40, 0x0, 0x0,

    /* U+0050 "P" */
    0x1f, 0xff, 0xff, 0xff, 0xfd, 0x93, 0x0, 0x1,
    0xff, 0xff, 0xff, 0xff, 0xff, 0xf7, 0x0, 0x1f,
    0xff, 0xff, 0xff, 0xff, 0xff, 0xf6, 0x1, 0xff,
    0xf4, 0x0, 0x1, 0x6f, 0xff, 0xf0, 0x1f, 0xff,
    0x40, 0x0, 0x0, 0x6f, 0xff, 0x51, 0xff, 0xf4,
    0x0, 0x0, 0x0, 0xff, 0xf8, 0x1f, 0xff, 0x40,
    0x0, 0x0, 0xd, 0xff, 0x91, 0xff, 0xf4, 0x0,
    0x0, 0x0, 0xff, 0xf8, 0x1f, 0xff, 0x40, 0x0,
    0x0, 0x6f, 0xff, 0x51, 0xff, 0xf4, 0x0, 0x0,
    0x5f, 0xff, 0xf0, 0x1f, 0xff, 0xfe, 0xee, 0xff,
    0xff, 0xf6, 0x1, 0xff, 0xff, 0xff, 0xff, 0xff,
    0xf7, 0x0, 0x1f, 0xff, 0xff, 0xff, 0xfd, 0x93,
    0x0, 0x1, 0xff, 0xf4, 0x0, 0x0, 0x0, 0x0,
    0x0, 0x1f, 0xff, 0x40, 0x0, 0x0, 0x0, 0x0,
    0x1, 0xff, 0xf4, 0x0, 0x0, 0x0, 0x0, 0x0,
    0x1f, 0xff, 0x40, 0x0, 0x0, 0x0, 0x0, 0x1,
    0xff, 0xf4, 0x0, 0x0, 0x0, 0x0, 0x0, 0x1f,
    0xff, 0x40, 0x0, 0x0, 0x0, 0x0, 0x1, 0xff,
    0xf4, 0x0, 0x0, 0x0, 0x0, 0x0,

    /* U+0051 "Q" */
    0x0, 0x0, 0x4, 0xad, 0xff, 0xda, 0x40, 0x0,
    0x0, 0x0, 0x1, 0xcf, 0xff, 0xff, 0xff, 0xfb,
    0x10, 0x0, 0x0, 0x2e, 0xff, 0xff, 0xff, 0xff,
    0xff, 0xe2, 0x0, 0x0, 0xdf, 0xff, 0xd6, 0x33,
    0x6d, 0xff, 0xfd, 0x0, 0x7, 0xff, 0xf9, 0x0,
    0x0, 0x0, 0xaf, 0xff, 0x70, 0xe, 0xff, 0xc0,
    0x0, 0x0, 0x0, 0xd, 0xff, 0xe0, 0x3f, 0xff,
    0x40, 0x0, 0x0, 0x0, 0x5, 0xff, 0xf3, 0x7f,
    0xff, 0x0, 0x0, 0x0, 0x0, 0x0, 0xff, 0xf7,
    0x9f, 0xfc, 0x0, 0x0, 0x0, 0x0, 0x0, 0xdf,
    0xf9, 0xaf, 0xfb, 0x0, 0x0, 0x0, 0x0, 0x0,
    0xcf, 0xfa, 0xaf, 0xfb, 0x0, 0x0, 0x0, 0x0,
    0x0, 0xcf, 0xfa, 0x9f, 0xfc, 0x0, 0x0, 0x0,
    0x0, 0x0, 0xdf, 0xf8, 0x7f, 0xff, 0x0, 0x0,
    0x0, 0x0, 0x0, 0xff, 0xf6, 0x3f, 0xff, 0x40,
    0x0, 0x9c, 0xc3, 0x5, 0xff, 0xf2, 0xe, 0xff,
    0xc0, 0x0, 0x2f, 0xfe, 0x1d, 0xff, 0xd0, 0x7,
    0xff, 0xf9, 0x0, 0x5, 0xff, 0xef, 0xff, 0x60,
    0x0, 0xdf, 0xff, 0xd6, 0x33, 0xdf, 0xff, 0xfc,
    0x0, 0x0, 0x2e, 0xff, 0xff, 0xff, 0xff, 0xff,
    0xe1, 0x0, 0x0, 0x1, 0xcf, 0xff, 0xff, 0xff,
    0xff, 0xe1, 0x0, 0x0, 0x0, 0x4, 0xad, 0xff,
    0xd9, 0x9f, 0xfc, 0x0, 0x0, 0x0, 0x0, 0x0,
    0x0, 0x0, 0xb, 0xff, 0x80, 0x0, 0x0, 0x0,
    0x0, 0x0, 0x0, 0x1, 0x88, 0x70,

    /* U+0052 "R" */
    0x1f, 0xff, 0xff, 0xff, 0xfd, 0xa3, 0x0, 0x0,
    0x1f, 0xff, 0xff, 0xff, 0xff, 0xff, 0x80, 0x0,
    0x1f, 0xff, 0xff, 0xff, 0xff, 0xff, 0xf7, 0x0,
    0x1f, 0xff, 0x40, 0x0, 0x16, 0xff, 0xff, 0x10,
    0x1f, 0xff, 0x40, 0x0, 0x0, 0x5f, 0xff, 0x50,
    0x1f, 0xff, 0x40, 0x0, 0x0, 0xf, 0xff, 0x80,
    0x1f, 0xff, 0x40, 0x0, 0x0, 0xd, 0xff, 0x90,
    0x1f, 0xff, 0x40, 0x0, 0x0, 0xf, 0xff, 0x80,
    0x1f, 0xff, 0x40, 0x0, 0x0, 0x5f, 0xff, 0x60,
    0x1f, 0xff, 0x40, 0x0, 0x16, 0xef, 0xff, 0x0,
    0x1f, 0xff, 0xff, 0xff, 0xff, 0xff, 0xf7, 0x0,
    0x1f, 0xff, 0xff, 0xff, 0xff, 0xff, 0x80, 0x0,
    0x1f, 0xff, 0xfe, 0xee, 0xff, 0xf7, 0x0, 0x0,
    0x1f, 0xff, 0x40, 0x0, 0xdf, 0xfd, 0x0, 0x0,
    0x1f, 0xff, 0x40, 0x0, 0x5f, 0xff, 0x60, 0x0,
    0x1f, 0xff, 0x40, 0x0, 0xc, 0xff, 0xe0, 0x0,
    0x1f, 0xff, 0x40, 0x0, 0x4, 0xff, 0xf7, 0x0,
    0x1f, 0xff, 0x40, 0x0, 0x0, 0xcf, 0xfe, 0x10,
    0x1f, 0xff, 0x40, 0x0, 0x0, 0x3f, 0xff, 0x80,
    0x1f, 0xff, 0x40, 0x0, 0x0, 0xb, 0xff, 0xf1,

    /* U+0053 "S" */
    0x0, 0x0, 0x6b, 0xef, 0xec, 0x81, 0x0, 0x0,
    0x3, 0xef, 0xff, 0xff, 0xff, 0xf6, 0x0, 0x3,
    0xff, 0xff, 0xff, 0xff, 0xff, 0xf5, 0x0, 0xcf,
    0xff, 0x82, 0x1, 0x6e, 0xff, 0xe0, 0x1f, 0xff,
    0x70, 0x0, 0x0, 0x4f, 0xff, 0x43, 0xff, 0xf3,
    0x0, 0x0, 0x0, 0x99, 0x93, 0x3f, 0xff, 0x60,
    0x0, 0x0, 0x0, 0x0, 0x0, 0xef, 0xff, 0x71,
    0x0, 0x0, 0x0, 0x0, 0x6, 0xff, 0xff, 0xfc,
    0x72, 0x0, 0x0, 0x0, 0x6, 0xff, 0xff, 0xff,
    0xfd, 0x60, 0x0, 0x0, 0x1, 0x8d, 0xff, 0xff,
    0xff, 0xd1, 0x0, 0x0, 0x0, 0x1, 0x6a, 0xff,
    0xff, 0xd0, 0x0, 0x0, 0x0, 0x0, 0x1, 0xaf,
    0xff, 0x60, 0x0, 0x0, 0x0, 0x0, 0x0, 0xdf,
    0xf9, 0xbf, 0xfa, 0x0, 0x0, 0x0, 0xb, 0xff,
    0xa8, 0xff, 0xf1, 0x0, 0x0, 0x2, 0xff, 0xf8,
    0x3f, 0xff, 0xe6, 0x20, 0x26, 0xef, 0xff, 0x30,
    0x9f, 0xff, 0xff, 0xff, 0xff, 0xff, 0x90, 0x0,
    0x9f, 0xff, 0xff, 0xff, 0xff, 0x90, 0x0, 0x0,
    0x28, 0xcf, 0xfe, 0xd8, 0x30, 0x0,

    /* U+0054 "T" */
    0xff, 0xff, 0xff, 0xff, 0xff, 0xff, 0xff, 0xf1,
    0xff, 0xff, 0xff, 0xff, 0xff, 0xff, 0xff, 0xf1,
    0xff, 0xff, 0xff, 0xff, 0xff, 0xff, 0xff, 0xf1,
    0x0, 0x0, 0x1, 0xff, 0xf4, 0x0, 0x0, 0x0,
    0x0, 0x0, 0x1, 0xff, 0xf4, 0x0, 0x0, 0x0,
    0x0, 0x0, 0x1, 0xff, 0xf4, 0x0, 0x0, 0x0,
    0x0, 0x0, 0x1, 0xff, 0xf4, 0x0, 0x0, 0x0,
    0x0, 0x0, 0x1, 0xff, 0xf4, 0x0, 0x0, 0x0,
    0x0, 0x0, 0x1, 0xff, 0xf4, 0x0, 0x0, 0x0,
    0x0, 0x0, 0x1, 0xff, 0xf4, 0x0, 0x0, 0x0,
    0x0, 0x0, 0x1, 0xff, 0xf4, 0x0, 0x0, 0x0,
    0x0, 0x0, 0x1, 0xff, 0xf4, 0x0, 0x0, 0x0,
    0x0, 0x0, 0x1, 0xff, 0xf4, 0x0, 0x0, 0x0,
    0x0, 0x0, 0x1, 0xff, 0xf4, 0x0, 0x0, 0x0,
    0x0, 0x0, 0x1, 0xff, 0xf4, 0x0, 0x0, 0x0,
    0x0, 0x0, 0x1, 0xff, 0xf4, 0x0, 0x0, 0x0,
    0x0, 0x0, 0x1, 0xff, 0xf4, 0x0, 0x0, 0x0,
    0x0, 0x0, 0x1, 0xff, 0xf4, 0x0, 0x0, 0x0,
    0x0, 0x0, 0x1, 0xff, 0xf4, 0x0, 0x0, 0x0,
    0x0, 0x0, 0x1, 0xff, 0xf4, 0x0, 0x0, 0x0,

    /* U+0055 "U" */
    0x1f, 0xff, 0x40, 0x0, 0x0, 0x0, 0x2f, 0xff,
    0x31, 0xff, 0xf4, 0x0, 0x0, 0x0, 0x2, 0xff,
    0xf3, 0x1f, 0xff, 0x40, 0x0, 0x0, 0x0, 0x2f,
    0xff, 0x31, 0xff, 0xf4, 0x0, 0x0, 0x0, 0x2,
    0xff, 0xf3, 0x1f, 0xff, 0x40, 0x0, 0x0, 0x0,
    0x2f, 0xff, 0x31, 0xff, 0xf4, 0x0, 0x0, 0x0,
    0x2, 0xff, 0xf3, 0x1f, 0xff, 0x40, 0x0, 0x0,
    0x0, 0x2f, 0xff, 0x31, 0xff, 0xf4, 0x0, 0x0,
    0x0, 0x2, 0xff, 0xf3, 0x1f, 0xff, 0x40, 0x0,
    0x0, 0x0, 0x2f, 0xff, 0x31, 0xff, 0xf4, 0x0,
    0x0, 0x0, 0x2, 0xff, 0xf3, 0x1f, 0xff, 0x40,
    0x0, 0x0, 0x0, 0x2f, 0xff, 0x31, 0xff, 0xf4,
    0x0, 0x0, 0x0, 0x2, 0xff, 0xf3, 0x1f, 0xff,
    0x40, 0x0, 0x0, 0x0, 0x2f, 0xff, 0x30, 0xff,
    0xf6, 0x0, 0x0, 0x0, 0x4, 0xff, 0xf2, 0xe,
    0xff, 0xb0, 0x0, 0x0, 0x0, 0x9f, 0xff, 0x0,
    0x9f, 0xff, 0x60, 0x0, 0x0, 0x4f, 0xff, 0xb0,
    0x2, 0xff, 0xff, 0xa4, 0x34, 0x9f, 0xff, 0xf4,
    0x0, 0x6, 0xff, 0xff, 0xff, 0xff, 0xff, 0xf8,
    0x0, 0x0, 0x5, 0xff, 0xff, 0xff, 0xff, 0xf7,
    0x0, 0x0, 0x0, 0x1, 0x7c, 0xef, 0xec, 0x72,
    0x0, 0x0,

    /* U+0056 "V" */
    0x3f, 0xff, 0x80, 0x0, 0x0, 0x0, 0x0, 0x9f,
    0xff, 0x20, 0xdf, 0xfd, 0x0, 0x0, 0x0, 0x0,
    0xe, 0xff, 0xc0, 0x8, 0xff, 0xf2, 0x0, 0x0,
    0x0, 0x3, 0xff, 0xf7, 0x0, 0x2f, 0xff, 0x70,
    0x0, 0x0, 0x0, 0x8f, 0xff, 0x20, 0x0, 0xdf,
    0xfc, 0x0, 0x0, 0x0, 0xd, 0xff, 0xc0, 0x0,
    0x8, 0xff, 0xf2, 0x0, 0x0, 0x2, 0xff, 0xf7,
    0x0, 0x0, 0x2f, 0xff, 0x70, 0x0, 0x0, 0x7f,
    0xff, 0x20, 0x0, 0x0, 0xdf, 0xfc, 0x0, 0x0,
    0xc, 0xff, 0xc0, 0x0, 0x0, 0x8, 0xff, 0xf1,
    0x0, 0x1, 0xff, 0xf7, 0x0, 0x0, 0x0, 0x2f,
    0xff, 0x60, 0x0, 0x6f, 0xff, 0x20, 0x0, 0x0,
    0x0, 0xdf, 0xfb, 0x0, 0xa, 0xff, 0xd0, 0x0,
    0x0, 0x0, 0x7, 0xff, 0xf0, 0x0, 0xff, 0xf7,
    0x0, 0x0, 0x0, 0x0, 0x2f, 0xff, 0x40, 0x4f,
    0xff, 0x20, 0x0, 0x0, 0x0, 0x0, 0xdf, 0xf9,
    0x8, 0xff, 0xd0, 0x0, 0x0, 0x0, 0x0, 0x7,
    0xff, 0xd0, 0xcf, 0xf7, 0x0, 0x0, 0x0, 0x0,
    0x0, 0x2f, 0xff, 0x2f, 0xff, 0x20, 0x0, 0x0,
    0x0, 0x0, 0x0, 0xcf, 0xfa, 0xff, 0xd0, 0x0,
    0x0, 0x0, 0x0, 0x0, 0x7, 0xff, 0xff, 0xf7,
    0x0, 0x0, 0x0, 0x0, 0x0, 0x0, 0x2f, 0xff,
    0xff, 0x20, 0x0, 0x0, 0x0, 0x0, 0x0, 0x0,
    0xcf, 0xff, 0xd0, 0x0, 0x0, 0x0,

    /* U+0057 "W" */
    0x3f, 0xff, 0x60, 0x0, 0x0, 0xa, 0xff, 0xf2,
    0x0, 0x0, 0x0, 0xef, 0xfc, 0xf, 0xff, 0xa0,
    0x0, 0x0, 0xe, 0xff, 0xf6, 0x0, 0x0, 0x1,
    0xff, 0xf8, 0xb, 0xff, 0xd0, 0x0, 0x0, 0x2f,
    0xff, 0xfa, 0x0, 0x0, 0x5, 0xff, 0xf3, 0x7,
    0xff, 0xf1, 0x0, 0x0, 0x6f, 0xff, 0xfe, 0x0,
    0x0, 0x9, 0xff, 0xf0, 0x3, 0xff, 0xf5, 0x0,
    0x0, 0x9f, 0xfe, 0xff, 0x20, 0x0, 0xc, 0xff,
    0xb0, 0x0, 0xff, 0xf8, 0x0, 0x0, 0xdf, 0xf9,
    0xff, 0x60, 0x0, 0xf, 0xff, 0x70, 0x0, 0xbf,
    0xfc, 0x0, 0x1, 0xff, 0xd6, 0xff, 0x90, 0x0,
    0x4f, 0xff, 0x30, 0x0, 0x7f, 0xff, 0x0, 0x5,
    0xff, 0xa2, 0xff, 0xd0, 0x0, 0x7f, 0xff, 0x0,
    0x0, 0x3f, 0xff, 0x30, 0x9, 0xff, 0x70, 0xff,
    0xf1, 0x0, 0xbf, 0xfb, 0x0, 0x0, 0xe, 0xff,
    0x70, 0xd, 0xff, 0x30, 0xbf, 0xf5, 0x0, 0xff,
    0xf7, 0x0, 0x0, 0xb, 0xff, 0xb0, 0x1f, 0xff,
    0x0, 0x7f, 0xf9, 0x2, 0xff, 0xf3, 0x0, 0x0,
    0x6, 0xff, 0xe0, 0x4f, 0xfb, 0x0, 0x3f, 0xfc,
    0x6, 0xff, 0xe0, 0x0, 0x0, 0x2, 0xff, 0xf1,
    0x7f, 0xf7, 0x0, 0xf, 0xff, 0x9, 0xff, 0xa0,
    0x0, 0x0, 0x0, 0xef, 0xf4, 0xbf, 0xf3, 0x0,
    0xb, 0xff, 0x2c, 0xff, 0x60, 0x0, 0x0, 0x0,
    0xaf, 0xf7, 0xef, 0xf0, 0x0, 0x7, 0xff, 0x5f,
    0xff, 0x20, 0x0, 0x0, 0x0, 0x6f, 0xfa, 0xff,
    0xb0, 0x0, 0x3, 0xff, 0xaf, 0xfe, 0x0, 0x0,
    0x0, 0x0, 0x2f, 0xff, 0xff, 0x70, 0x0, 0x0,
    0xff, 0xff, 0xfa, 0x0, 0x0, 0x0, 0x0, 0xe,
    0xff, 0xff, 0x30, 0x0, 0x0, 0xbf, 0xff, 0xf6,
    0x0, 0x0, 0x0, 0x0, 0xa, 0xff, 0xff, 0x0,
    0x0, 0x0, 0x7f, 0xff, 0xf2, 0x0, 0x0, 0x0,
    0x0, 0x6, 0xff, 0xfb, 0x0, 0x0, 0x0, 0x3f,
    0xff, 0xe0, 0x0, 0x0,

    /* U+0058 "X" */
    0x7, 0xff, 0xf7, 0x0, 0x0, 0x0, 0x9, 0xff,
    0xf3, 0x0, 0xc, 0xff, 0xf2, 0x0, 0x0, 0x4,
    0xff, 0xf9, 0x0, 0x0, 0x3f, 0xff, 0xb0, 0x0,
    0x0, 0xdf, 0xfe, 0x0, 0x0, 0x0, 0x8f, 0xff,
    0x50, 0x0, 0x8f, 0xff, 0x40, 0x0, 0x0, 0x0,
    0xdf, 0xfe, 0x0, 0x2f, 0xff, 0xa0, 0x0, 0x0,
    0x0, 0x4, 0xff, 0xf7, 0xb, 0xff, 0xe1, 0x0,
    0x0, 0x0, 0x0, 0x9, 0xff, 0xe4, 0xff, 0xf5,
    0x0, 0x0, 0x0, 0x0, 0x0, 0x1e, 0xff, 0xff,
    0xfb, 0x0, 0x0, 0x0, 0x0, 0x0, 0x0, 0x5f,
    0xff, 0xff, 0x20, 0x0, 0x0, 0x0, 0x0, 0x0,
    0x0, 0xbf, 0xff, 0x80, 0x0, 0x0, 0x0, 0x0,
    0x0, 0x0, 0x1e, 0xff, 0xfd, 0x0, 0x0, 0x0,
    0x0, 0x0, 0x0, 0xa, 0xff, 0xff, 0xf8, 0x0,
    0x0, 0x0, 0x0, 0x0, 0x5, 0xff, 0xfb, 0xff,
    0xf3, 0x0, 0x0, 0x0, 0x0, 0x1, 0xef, 0xfb,
    0xe, 0xff, 0xd0, 0x0, 0x0, 0x0, 0x0, 0xaf,
    0xff, 0x20, 0x6f, 0xff, 0x70, 0x0, 0x0, 0x0,
    0x5f, 0xff, 0x70, 0x0, 0xcf, 0xff, 0x20, 0x0,
    0x0, 0x1e, 0xff, 0xd0, 0x0, 0x3, 0xff, 0xfc,
    0x0, 0x0, 0xa, 0xff, 0xf3, 0x0, 0x0, 0x8,
    0xff, 0xf6, 0x0, 0x5, 0xff, 0xf8, 0x0, 0x0,
    0x0, 0xd, 0xff, 0xf1, 0x1, 0xef, 0xfd, 0x0,
    0x0, 0x0, 0x0, 0x4f, 0xff, 0xb0,

    /* U+0059 "Y" */
    0x1f, 0xff, 0xd0, 0x0, 0x0, 0x0, 0x4, 0xff,
    0xf9, 0x8, 0xff, 0xf6, 0x0, 0x0, 0x0, 0xc,
    0xff, 0xf1, 0x0, 0xef, 0xfe, 0x0, 0x0, 0x0,
    0x5f, 0xff, 0x70, 0x0, 0x5f, 0xff, 0x70, 0x0,
    0x0, 0xdf, 0xfe, 0x0, 0x0, 0xc, 0xff, 0xe1,
    0x0, 0x6, 0xff, 0xf5, 0x0, 0x0, 0x3, 0xff,
    0xf8, 0x0, 0xe, 0xff, 0xc0, 0x0, 0x0, 0x0,
    0xaf, 0xff, 0x10, 0x6f, 0xff, 0x30, 0x0, 0x0,
    0x0, 0x1f, 0xff, 0x90, 0xef, 0xfa, 0x0, 0x0,
    0x0, 0x0, 0x8, 0xff, 0xf6, 0xff, 0xf2, 0x0,
    0x0, 0x0, 0x0, 0x0, 0xef, 0xff, 0xff, 0x80,
    0x0, 0x0, 0x0, 0x0, 0x0, 0x6f, 0xff, 0xfe,
    0x10, 0x0, 0x0, 0x0, 0x0, 0x0, 0xc, 0xff,
    0xf6, 0x0, 0x0, 0x0, 0x0, 0x0, 0x0, 0x6,
    0xff, 0xf0, 0x0, 0x0, 0x0, 0x0, 0x0, 0x0,
    0x6, 0xff, 0xf0, 0x0, 0x0, 0x0, 0x0, 0x0,
    0x0, 0x6, 0xff, 0xf0, 0x0, 0x0, 0x0, 0x0,
    0x0, 0x0, 0x6, 0xff, 0xf0, 0x0, 0x0, 0x0,
    0x0, 0x0, 0x0, 0x6, 0xff, 0xf0, 0x0, 0x0,
    0x0, 0x0, 0x0, 0x0, 0x6, 0xff, 0xf0, 0x0,
    0x0, 0x0, 0x0, 0x0, 0x0, 0x6, 0xff, 0xf0,
    0x0, 0x0, 0x0, 0x0, 0x0, 0x0, 0x6, 0xff,
    0xf0, 0x0, 0x0, 0x0,

    /* U+005A "Z" */
    0x8f, 0xff, 0xff, 0xff, 0xff, 0xff, 0xff, 0x78,
    0xff, 0xff, 0xff, 0xff, 0xff, 0xff, 0xf7, 0x8f,
    0xff, 0xff, 0xff, 0xff, 0xff, 0xff, 0x30, 0x0,
    0x0, 0x0, 0x0, 0x1d, 0xff, 0x90, 0x0, 0x0,
    0x0, 0x0, 0xa, 0xff, 0xe0, 0x0, 0x0, 0x0,
    0x0, 0x6, 0xff, 0xf4, 0x0, 0x0, 0x0, 0x0,
    0x1, 0xff, 0xfa, 0x0, 0x0, 0x0, 0x0, 0x0,
    0xbf, 0xfe, 0x10, 0x0, 0x0, 0x0, 0x0, 0x6f,
    0xff, 0x50, 0x0, 0x0, 0x0, 0x0, 0x1e, 0xff,
    0xa0, 0x0, 0x0, 0x0, 0x0, 0xb, 0xff, 0xe1,
    0x0, 0x0, 0x0, 0x0, 0x5, 0xff, 0xf5, 0x0,
    0x0, 0x0, 0x0, 0x1, 0xef, 0xfb, 0x0, 0x0,
    0x0, 0x0, 0x0, 0xaf, 0xff, 0x10, 0x0, 0x0,
    0x0, 0x0, 0x4f, 0xff, 0x60, 0x0, 0x0, 0x0,
    0x0, 0x1e, 0xff, 0xa0, 0x0, 0x0, 0x0, 0x0,
    0x9, 0xff, 0xd0, 0x0, 0x0, 0x0, 0x0, 0x4,
    0xff, 0xff, 0xff, 0xff, 0xff, 0xff, 0xf7, 0x7f,
    0xff, 0xff, 0xff, 0xff, 0xff, 0xff, 0x87, 0xff,
    0xff, 0xff, 0xff, 0xff, 0xff, 0xf8,

    /* U+005B "[" */
    0x5b, 0xbb, 0xbb, 0x38, 0xff, 0xff, 0xf5, 0x8f,
    0xff, 0xff, 0x58, 0xff, 0xa0, 0x0, 0x8f, 0xfa,
    0x0, 0x8, 0xff, 0xa0, 0x0, 0x8f, 0xfa, 0x0,
    0x8, 0xff, 0xa0, 0x0, 0x8f, 0xfa, 0x0, 0x8,
    0xff, 0xa0, 0x0, 0x8f, 0xfa, 0x0, 0x8, 0xff,
    0xa0, 0x0, 0x8f, 0xfa, 0x0, 0x8, 0xff, 0xa0,
    0x0, 0x8f, 0xfa, 0x0, 0x8, 0xff, 0xa0, 0x0,
    0x8f, 0xfa, 0x0, 0x8, 0xff, 0xa0, 0x0, 0x8f,
    0xfa, 0x0, 0x8, 0xff, 0xa0, 0x0, 0x8f, 0xfa,
    0x0, 0x8, 0xff, 0xa0, 0x0, 0x8f, 0xfe, 0xbb,
    0x38, 0xff, 0xff, 0xf5, 0x8f, 0xff, 0xff, 0x50,

    /* U+005C "\\" */
    0x38, 0x83, 0x0, 0x0, 0x0, 0x4f, 0xf9, 0x0,
    0x0, 0x0, 0xf, 0xfd, 0x0, 0x0, 0x0, 0xc,
    0xff, 0x10, 0x0, 0x0, 0x8, 0xff, 0x50, 0x0,
    0x0, 0x4, 0xff, 0x90, 0x0, 0x0, 0x0, 0xff,
    0xe0, 0x0, 0x0, 0x0, 0xcf, 0xf2, 0x0, 0x0,
    0x0, 0x7f, 0xf6, 0x0, 0x0, 0x0, 0x3f, 0xfa,
    0x0, 0x0, 0x0, 0xf, 0xfe, 0x0, 0x0, 0x0,
    0xb, 0xff, 0x20, 0x0, 0x0, 0x7, 0xff, 0x70,
    0x0, 0x0, 0x3, 0xff, 0xb0, 0x0, 0x0, 0x0,
    0xef, 0xf0, 0x0, 0x0, 0x0, 0xaf, 0xf3, 0x0,
    0x0, 0x0, 0x6f, 0xf7, 0x0, 0x0, 0x0, 0x2f,
    0xfb, 0x0, 0x0, 0x0, 0xe, 0xff, 0x0, 0x0,
    0x0, 0xa, 0xff, 0x40, 0x0, 0x0, 0x6, 0xff,
    0x80, 0x0, 0x0, 0x1, 0xff, 0xc0, 0x0, 0x0,
    0x0, 0xdf, 0xf0, 0x0, 0x0, 0x0, 0x9f, 0xf4,

    /* U+005D "]" */
    0x6b, 0xbb, 0xbb, 0x29, 0xff, 0xff, 0xf3, 0x9f,
    0xff, 0xff, 0x30, 0x0, 0xff, 0xf3, 0x0, 0xf,
    0xff, 0x30, 0x0, 0xff, 0xf3, 0x0, 0xf, 0xff,
    0x30, 0x0, 0xff, 0xf3, 0x0, 0xf, 0xff, 0x30,
    0x0, 0xff, 0xf3, 0x0, 0xf, 0xff, 0x30, 0x0,
    0xff, 0xf3, 0x0, 0xf, 0xff, 0x30, 0x0, 0xff,
    0xf3, 0x0, 0xf, 0xff, 0x30, 0x0, 0xff, 0xf3,
    0x0, 0xf, 0xff, 0x30, 0x0, 0xff, 0xf3, 0x0,
    0xf, 0xff, 0x30, 0x0, 0xff, 0xf3, 0x0, 0xf,
    0xff, 0x30, 0x0, 0xff, 0xf3, 0x6b, 0xbf, 0xff,
    0x39, 0xff, 0xff, 0xf3, 0x9f, 0xff, 0xff, 0x30,

    /* U+005E "^" */
    0x0, 0x0, 0x28, 0x86, 0x0, 0x0, 0x0, 0x0,
    0xaf, 0xff, 0x20, 0x0, 0x0, 0x2, 0xff, 0xff,
    0xa0, 0x0, 0x0, 0x9, 0xfe, 0x8f, 0xf1, 0x0,
    0x0, 0x1f, 0xf8, 0x1f, 0xf8, 0x0, 0x0, 0x7f,
    0xf2, 0x9, 0xff, 0x0, 0x0, 0xef, 0xb0, 0x2,
    0xff, 0x70, 0x6, 0xff, 0x40, 0x0, 0xcf, 0xe0,
    0xd, 0xfd, 0x0, 0x0, 0x5f, 0xf5,

    /* U+005F "_" */
    0xcc, 0xcc, 0xcc, 0xcc, 0xcc, 0xcc, 0x2f, 0xff,
    0xff, 0xff, 0xff, 0xff, 0xf3, 0xff, 0xff, 0xff,
    0xff, 0xff, 0xff, 0x30,

    /* U+0060 "`" */
    0x1, 0x10, 0xa, 0xff, 0x70, 0x1e, 0xfd, 0x0,
    0x6f, 0xf5, 0x0, 0xbf, 0xc0,

    /* U+0061 "a" */
    0x0, 0x0, 0x6c, 0xef, 0xdb, 0x50, 0x0, 0x0,
    0x3e, 0xff, 0xff, 0xff, 0xfb, 0x0, 0x1, 0xef,
    0xff, 0xcb, 0xdf, 0xff, 0x80, 0x6, 0xff, 0xe3,
    0x0, 0x9, 0xff, 0xe0, 0x0, 0x14, 0x30, 0x0,
    0x3, 0xff, 0xf1, 0x0, 0x0, 0x0, 0x0, 0x7,
    0xff, 0xf2, 0x0, 0x1, 0x58, 0xcd, 0xff, 0xff,
    0xf2, 0x0, 0x8f, 0xff, 0xff, 0xff, 0xff, 0xf2,
    0x7, 0xff, 0xfd, 0x86, 0x31, 0xff, 0xf2, 0xd,
    0xff, 0x90, 0x0, 0x1, 0xff, 0xf2, 0xf, 0xff,
    0x30, 0x0, 0x5, 0xff, 0xf2, 0xe, 0xff, 0x70,
    0x0, 0x2e, 0xff, 0xf2, 0xa, 0xff, 0xfb, 0x9b,
    0xfe, 0xff, 0xf2, 0x1, 0xef, 0xff, 0xff, 0xf4,
    0xff, 0xf2, 0x0, 0x19, 0xdf, 0xeb, 0x30, 0xff,
    0xf2,

    /* U+0062 "b" */
    0x4f, 0xff, 0x0, 0x0, 0x0, 0x0, 0x0, 0x4,
    0xff, 0xf0, 0x0, 0x0, 0x0, 0x0, 0x0, 0x4f,
    0xff, 0x0, 0x0, 0x0, 0x0, 0x0, 0x4, 0xff,
    0xf0, 0x0, 0x0, 0x0, 0x0, 0x0, 0x4f, 0xff,
    0x0, 0x0, 0x0, 0x0, 0x0, 0x4, 0xff, 0xf0,
    0x2a, 0xef, 0xd7, 0x0, 0x0, 0x4f, 0xff, 0x2e,
    0xff, 0xff, 0xfd, 0x10, 0x4, 0xff, 0xfc, 0xff,
    0xdf, 0xff, 0xfc, 0x0, 0x4f, 0xff, 0xf7, 0x0,
    0x1b, 0xff, 0xf5, 0x4, 0xff, 0xfa, 0x0, 0x0,
    0xe, 0xff, 0xa0, 0x4f, 0xff, 0x40, 0x0, 0x0,
    0x9f, 0xfe, 0x4, 0xff, 0xf1, 0x0, 0x0, 0x6,
    0xff, 0xf0, 0x4f, 0xff, 0x0, 0x0, 0x0, 0x4f,
    0xff, 0x14, 0xff, 0xf1, 0x0, 0x0, 0x6, 0xff,
    0xf0, 0x4f, 0xff, 0x40, 0x0, 0x0, 0x9f, 0xfe,
    0x4, 0xff, 0xfb, 0x0, 0x0, 0xf, 0xff, 0xa0,
    0x4f, 0xff, 0xf7, 0x0, 0x1b, 0xff, 0xf5, 0x4,
    0xff, 0xfc, 0xff, 0xdf, 0xff, 0xfc, 0x0, 0x4f,
    0xff, 0x2e, 0xff, 0xff, 0xfd, 0x10, 0x4, 0xff,
    0xf0, 0x2a, 0xef, 0xd7, 0x0, 0x0,

    /* U+0063 "c" */
    0x0, 0x2, 0x9d, 0xff, 0xd8, 0x10, 0x0, 0x0,
    0x6f, 0xff, 0xff, 0xff, 0xe4, 0x0, 0x5, 0xff,
    0xff, 0xde, 0xff, 0xff, 0x20, 0xe, 0xff, 0xd2,
    0x0, 0x3e, 0xff, 0xa0, 0x5f, 0xff, 0x30, 0x0,
    0x5, 0xfe, 0xa0, 0xaf, 0xfc, 0x0, 0x0, 0x0,
    0x20, 0x0, 0xcf, 0xf9, 0x0, 0x0, 0x0, 0x0,
    0x0, 0xdf, 0xf8, 0x0, 0x0, 0x0, 0x0, 0x0,
    0xcf, 0xf9, 0x0, 0x0, 0x0, 0x0, 0x0, 0xaf,
    0xfc, 0x0, 0x0, 0x0, 0x30, 0x0, 0x5f, 0xff,
    0x20, 0x0, 0x5, 0xff, 0xc0, 0xe, 0xff, 0xd2,
    0x0, 0x3e, 0xff, 0xa0, 0x5, 0xff, 0xff, 0xdd,
    0xff, 0xff, 0x20, 0x0, 0x6f, 0xff, 0xff, 0xff,
    0xf4, 0x0, 0x0, 0x2, 0x9d, 0xff, 0xd8, 0x10,
    0x0,

    /* U+0064 "d" */
    0x0, 0x0, 0x0, 0x0, 0x0, 0xdf, 0xf7, 0x0,
    0x0, 0x0, 0x0, 0x0, 0xdf, 0xf7, 0x0, 0x0,
    0x0, 0x0, 0x0, 0xdf, 0xf7, 0x0, 0x0, 0x0,
    0x0, 0x0, 0xdf, 0xf7, 0x0, 0x0, 0x0, 0x0,
    0x0, 0xdf, 0xf7, 0x0, 0x5, 0xce, 0xfb, 0x30,
    0xdf, 0xf7, 0x0, 0xaf, 0xff, 0xff, 0xf4, 0xdf,
    0xf7, 0x8, 0xff, 0xff, 0xee, 0xfe, 0xef, 0xf7,
    0x2f, 0xff, 0xd2, 0x0, 0x4f, 0xff, 0xf7, 0x7f,
    0xff, 0x30, 0x0, 0x7, 0xff, 0xf7, 0xbf, 0xfc,
    0x0, 0x0, 0x0, 0xff, 0xf7, 0xcf, 0xf9, 0x0,
    0x0, 0x0, 0xdf, 0xf7, 0xdf, 0xf8, 0x0, 0x0,
    0x0, 0xcf, 0xf7, 0xcf, 0xf9, 0x0, 0x0, 0x0,
    0xdf, 0xf7, 0xbf, 0xfc, 0x0, 0x0, 0x1, 0xff,
    0xf7, 0x7f, 0xff, 0x30, 0x0, 0x7, 0xff, 0xf7,
    0x2f, 0xff, 0xd2, 0x0, 0x4f, 0xff, 0xf7, 0x8,
    0xff, 0xff, 0xde, 0xfe, 0xdf, 0xf7, 0x0, 0xaf,
    0xff, 0xff, 0xf5, 0xcf, 0xf7, 0x0, 0x5, 0xce,
    0xfc, 0x40, 0xcf, 0xf7,

    /* U+0065 "e" */
    0x0, 0x2, 0x9d, 0xfe, 0xc6, 0x0, 0x0, 0x0,
    0x6f, 0xff, 0xff, 0xff, 0xd2, 0x0, 0x5, 0xff,
    0xff, 0xcd, 0xff, 0xfd, 0x0, 0xe, 0xff, 0xa0,
    0x0, 0x3e, 0xff, 0x80, 0x5f, 0xfd, 0x0, 0x0,
    0x5, 0xff, 0xe0, 0xaf, 0xf8, 0x0, 0x0, 0x0,
    0xff, 0xf1, 0xcf, 0xff, 0xff, 0xff, 0xff, 0xff,
    0xf3, 0xdf, 0xff, 0xff, 0xff, 0xff, 0xff, 0xf4,
    0xcf, 0xfa, 0x55, 0x55, 0x55, 0x55, 0x51, 0xaf,
    0xf9, 0x0, 0x0, 0x0, 0x0, 0x0, 0x6f, 0xfe,
    0x10, 0x0, 0x1, 0x74, 0x10, 0x1e, 0xff, 0xb1,
    0x0, 0xa, 0xff, 0xe0, 0x5, 0xff, 0xff, 0xbb,
    0xff, 0xff, 0x60, 0x0, 0x6f, 0xff, 0xff, 0xff,
    0xf7, 0x0, 0x0, 0x2, 0x8d, 0xff, 0xd9, 0x30,
    0x0,

    /* U+0066 "f" */
    0x0, 0x0, 0x18, 0xcd, 0xc7, 0x0, 0x2, 0xef,
    0xff, 0xf8, 0x0, 0xb, 0xff, 0xff, 0xf4, 0x0,
    0xf, 0xff, 0x90, 0x10, 0x0, 0x1f, 0xff, 0x20,
    0x0, 0x0, 0x2f, 0xff, 0x20, 0x0, 0xcf, 0xff,
    0xff, 0xff, 0xf3, 0xcf, 0xff, 0xff, 0xff, 0xf3,
    0x8b, 0xbf, 0xff, 0xbb, 0xb2, 0x0, 0x2f, 0xff,
    0x20, 0x0, 0x0, 0x2f, 0xff, 0x20, 0x0, 0x0,
    0x2f, 0xff, 0x20, 0x0, 0x0, 0x2f, 0xff, 0x20,
    0x0, 0x0, 0x2f, 0xff, 0x20, 0x0, 0x0, 0x2f,
    0xff, 0x20, 0x0, 0x0, 0x2f, 0xff, 0x20, 0x0,
    0x0, 0x2f, 0xff, 0x20, 0x0, 0x0, 0x2f, 0xff,
    0x20, 0x0, 0x0, 0x2f, 0xff, 0x20, 0x0, 0x0,
    0x2f, 0xff, 0x20, 0x0, 0x0, 0x2f, 0xff, 0x20,
    0x0,

    /* U+0067 "g" */
    0x0, 0x5, 0xce, 0xfc, 0x40, 0xbf, 0xf8, 0x0,
    0xaf, 0xff, 0xff, 0xf5, 0xbf, 0xf8, 0x7, 0xff,
    0xff, 0xee, 0xfe, 0xdf, 0xf8, 0x1f, 0xff, 0xd3,
    0x0, 0x5f, 0xff, 0xf8, 0x6f, 0xff, 0x40, 0x0,
    0x7, 0xff, 0xf8, 0xaf, 0xfd, 0x0, 0x0, 0x1,
    0xff, 0xf8, 0xcf, 0xfa, 0x0, 0x0, 0x0, 0xdf,
    0xf8, 0xdf, 0xf8, 0x0, 0x0, 0x0, 0xcf, 0xf8,
    0xcf, 0xf9, 0x0, 0x0, 0x0, 0xdf, 0xf8, 0xbf,
    0xfb, 0x0, 0x0, 0x0, 0xff, 0xf8, 0x7f, 0xff,
    0x20, 0x0, 0x5, 0xff, 0xf8, 0x2f, 0xff, 0xc1,
    0x0, 0x2e, 0xff, 0xf8, 0x9, 0xff, 0xff, 0xcc,
    0xfe, 0xef, 0xf8, 0x0, 0xbf, 0xff, 0xff, 0xf5,
    0xcf, 0xf8, 0x0, 0x6, 0xcf, 0xfc, 0x40, 0xcf,
    0xf8, 0x0, 0x0, 0x0, 0x0, 0x0, 0xcf, 0xf7,
    0x0, 0x13, 0x0, 0x0, 0x0, 0xff, 0xf5, 0x1b,
    0xff, 0x40, 0x0, 0x9, 0xff, 0xf1, 0xd, 0xff,
    0xfd, 0xab, 0xef, 0xff, 0x80, 0x1, 0xdf, 0xff,
    0xff, 0xff, 0xf9, 0x0, 0x0, 0x5, 0xbd, 0xff,
    0xd9, 0x30, 0x0,

    /* U+0068 "h" */
    0x4f, 0xff, 0x0, 0x0, 0x0, 0x0, 0x0, 0x4f,
    0xff, 0x0, 0x0, 0x0, 0x0, 0x0, 0x4f, 0xff,
    0x0, 0x0, 0x0, 0x0, 0x0, 0x4f, 0xff, 0x0,
    0x0, 0x0, 0x0, 0x0, 0x4f, 0xff, 0x0, 0x0,
    0x0, 0x0, 0x0, 0x4f, 0xff, 0x2, 0x9e, 0xfd,
    0x80, 0x0, 0x4f, 0xff, 0x2e, 0xff, 0xff, 0xfc,
    0x0, 0x4f, 0xff, 0xbf, 0xff, 0xff, 0xff, 0x80,
    0x4f, 0xff, 0xf6, 0x0, 0x5f, 0xff, 0xe0, 0x4f,
    0xff, 0x80, 0x0, 0x7, 0xff, 0xf1, 0x4f, 0xff,
    0x20, 0x0, 0x3, 0xff, 0xf2, 0x4f, 0xff, 0x0,
    0x0, 0x2, 0xff, 0xf2, 0x4f, 0xff, 0x0, 0x0,
    0x2, 0xff, 0xf2, 0x4f, 0xff, 0x0, 0x0, 0x2,
    0xff, 0xf2, 0x4f, 0xff, 0x0, 0x0, 0x2, 0xff,
    0xf2, 0x4f, 0xff, 0x0, 0x0, 0x2, 0xff, 0xf2,
    0x4f, 0xff, 0x0, 0x0, 0x2, 0xff, 0xf2, 0x4f,
    0xff, 0x0, 0x0, 0x2, 0xff, 0xf2, 0x4f, 0xff,
    0x0, 0x0, 0x2, 0xff, 0xf2, 0x4f, 0xff, 0x0,
    0x0, 0x2, 0xff, 0xf2,

    /* U+0069 "i" */
    0x7, 0xb5, 0x5, 0xff, 0xf2, 0x6f, 0xff, 0x30,
    0xbf, 0x90, 0x0, 0x0, 0x0, 0x0, 0x0, 0x4f,
    0xff, 0x4, 0xff, 0xf0, 0x4f, 0xff, 0x4, 0xff,
    0xf0, 0x4f, 0xff, 0x4, 0xff, 0xf0, 0x4f, 0xff,
    0x4, 0xff, 0xf0, 0x4f, 0xff, 0x4, 0xff, 0xf0,
    0x4f, 0xff, 0x4, 0xff, 0xf0, 0x4f, 0xff, 0x4,
    0xff, 0xf0, 0x4f, 0xff, 0x0,

    /* U+006A "j" */
    0x0, 0xb, 0xf9, 0x0, 0x7, 0xff, 0xf3, 0x0,
    0x5f, 0xff, 0x20, 0x0, 0x7b, 0x50, 0x0, 0x0,
    0x0, 0x0, 0x4, 0xff, 0xf0, 0x0, 0x4f, 0xff,
    0x0, 0x4, 0xff, 0xf0, 0x0, 0x4f, 0xff, 0x0,
    0x4, 0xff, 0xf0, 0x0, 0x4f, 0xff, 0x0, 0x4,
    0xff, 0xf0, 0x0, 0x4f, 0xff, 0x0, 0x4, 0xff,
    0xf0, 0x0, 0x4f, 0xff, 0x0, 0x4, 0xff, 0xf0,
    0x0, 0x4f, 0xff, 0x0, 0x4, 0xff, 0xf0, 0x0,
    0x4f, 0xff, 0x0, 0x4, 0xff, 0xf0, 0x0, 0x4f,
    0xff, 0x0, 0x4, 0xff, 0xf0, 0x0, 0x9f, 0xfe,
    0x6, 0xef, 0xff, 0xa0, 0x8f, 0xff, 0xe1, 0x8,
    0xfd, 0x91, 0x0,

    /* U+006B "k" */
    0x4f, 0xff, 0x0, 0x0, 0x0, 0x0, 0x0, 0x4f,
    0xff, 0x0, 0x0, 0x0, 0x0, 0x0, 0x4f, 0xff,
    0x0, 0x0, 0x0, 0x0, 0x0, 0x4f, 0xff, 0x0,
    0x0, 0x0, 0x0, 0x0, 0x4f, 0xff, 0x0, 0x0,
    0x0, 0x0, 0x0, 0x4f, 0xff, 0x0, 0x0, 0x1e,
    0xff, 0xc0, 0x4f, 0xff, 0x0, 0x0, 0xdf, 0xfe,
    0x10, 0x4f, 0xff, 0x0, 0xb, 0xff, 0xf3, 0x0,
    0x4f, 0xff, 0x0, 0x8f, 0xff, 0x50, 0x0, 0x4f,
    0xff, 0x6, 0xff, 0xf7, 0x0, 0x0, 0x4f, 0xff,
    0x4f, 0xff, 0x90, 0x0, 0x0, 0x4f, 0xff, 0xff,
    0xfe, 0x0, 0x0, 0x0, 0x4f, 0xff, 0xff, 0xff,
    0x70, 0x0, 0x0, 0x4f, 0xff, 0xfd, 0xff, 0xf2,
    0x0, 0x0, 0x4f, 0xff, 0x72, 0xff, 0xfd, 0x0,
    0x0, 0x4f, 0xff, 0x0, 0x6f, 0xff, 0x80, 0x0,
    0x4f, 0xff, 0x0, 0xb, 0xff, 0xf3, 0x0, 0x4f,
    0xff, 0x0, 0x1, 0xff, 0xfd, 0x0, 0x4f, 0xff,
    0x0, 0x0, 0x5f, 0xff, 0x90, 0x4f, 0xff, 0x0,
    0x0, 0xa, 0xff, 0xf4,

    /* U+006C "l" */
    0x4f, 0xff, 0x4, 0xff, 0xf0, 0x4f, 0xff, 0x4,
    0xff, 0xf0, 0x4f, 0xff, 0x4, 0xff, 0xf0, 0x4f,
    0xff, 0x4, 0xff, 0xf0, 0x4f, 0xff, 0x4, 0xff,
    0xf0, 0x4f, 0xff, 0x4, 0xff, 0xf0, 0x4f, 0xff,
    0x4, 0xff, 0xf0, 0x4f, 0xff, 0x4, 0xff, 0xf0,
    0x4f, 0xff, 0x4, 0xff, 0xf0, 0x4f, 0xff, 0x4,
    0xff, 0xf0,

    /* U+006D "m" */
    0x4f, 0xfd, 0x3, 0xbe, 0xea, 0x10, 0x4, 0xbe,
    0xfc, 0x50, 0x4, 0xff, 0xe4, 0xff, 0xff, 0xfd,
    0x6, 0xff, 0xff, 0xff, 0x80, 0x4f, 0xff, 0xdf,
    0xcd, 0xff, 0xf8, 0xff, 0xcd, 0xff, 0xff, 0x24,
    0xff, 0xfd, 0x10, 0x9, 0xff, 0xfe, 0x20, 0x5,
    0xff, 0xf7, 0x4f, 0xff, 0x40, 0x0, 0xf, 0xff,
    0x80, 0x0, 0xc, 0xff, 0x94, 0xff, 0xf1, 0x0,
    0x0, 0xef, 0xf5, 0x0, 0x0, 0xaf, 0xfa, 0x4f,
    0xff, 0x0, 0x0, 0xe, 0xff, 0x50, 0x0, 0xa,
    0xff, 0xa4, 0xff, 0xf0, 0x0, 0x0, 0xef, 0xf5,
    0x0, 0x0, 0xaf, 0xfa, 0x4f, 0xff, 0x0, 0x0,
    0xe, 0xff, 0x50, 0x0, 0xa, 0xff, 0xa4, 0xff,
    0xf0, 0x0, 0x0, 0xef, 0xf5, 0x0, 0x0, 0xaf,
    0xfa, 0x4f, 0xff, 0x0, 0x0, 0xe, 0xff, 0x50,
    0x0, 0xa, 0xff, 0xa4, 0xff, 0xf0, 0x0, 0x0,
    0xef, 0xf5, 0x0, 0x0, 0xaf, 0xfa, 0x4f, 0xff,
    0x0, 0x0, 0xe, 0xff, 0x50, 0x0, 0xa, 0xff,
    0xa4, 0xff, 0xf0, 0x0, 0x0, 0xef, 0xf5, 0x0,
    0x0, 0xaf, 0xfa, 0x4f, 0xff, 0x0, 0x0, 0xe,
    0xff, 0x50, 0x0, 0xa, 0xff, 0xa0,

    /* U+006E "n" */
    0x4f, 0xfe, 0x2, 0xae, 0xfd, 0x80, 0x0, 0x4f,
    0xfe, 0x3e, 0xff, 0xff, 0xfc, 0x0, 0x4f, 0xfe,
    0xcf, 0xdd, 0xff, 0xff, 0x70, 0x4f, 0xff, 0xe4,
    0x0, 0x3e, 0xff, 0xe0, 0x4f, 0xff, 0x60, 0x0,
    0x6, 0xff, 0xf1, 0x4f, 0xff, 0x20, 0x0, 0x3,
    0xff, 0xf2, 0x4f, 0xff, 0x0, 0x0, 0x2, 0xff,
    0xf2, 0x4f, 0xff, 0x0, 0x0, 0x2, 0xff, 0xf2,
    0x4f, 0xff, 0x0, 0x0, 0x2, 0xff, 0xf2, 0x4f,
    0xff, 0x0, 0x0, 0x2, 0xff, 0xf2, 0x4f, 0xff,
    0x0, 0x0, 0x2, 0xff, 0xf2, 0x4f, 0xff, 0x0,
    0x0, 0x2, 0xff, 0xf2, 0x4f, 0xff, 0x0, 0x0,
    0x2, 0xff, 0xf2, 0x4f, 0xff, 0x0, 0x0, 0x2,
    0xff, 0xf2, 0x4f, 0xff, 0x0, 0x0, 0x2, 0xff,
    0xf2,

    /* U+006F "o" */
    0x0, 0x2, 0x9d, 0xfe, 0xc7, 0x10, 0x0, 0x0,
    0x6f, 0xff, 0xff, 0xff, 0xe3, 0x0, 0x5, 0xff,
    0xff, 0xde, 0xff, 0xff, 0x20, 0xe, 0xff, 0xd2,
    0x0, 0x4e, 0xff, 0xc0, 0x5f, 0xff, 0x30, 0x0,
    0x5, 0xff, 0xf2, 0xaf, 0xfc, 0x0, 0x0, 0x0,
    0xef, 0xf7, 0xcf, 0xf9, 0x0, 0x0, 0x0, 0xbf,
    0xf9, 0xdf, 0xf8, 0x0, 0x0, 0x0, 0xaf, 0xfa,
    0xcf, 0xf9, 0x0, 0x0, 0x0, 0xbf, 0xf9, 0xaf,
    0xfc, 0x0, 0x0, 0x0, 0xef, 0xf7, 0x5f, 0xff,
    0x20, 0x0, 0x5, 0xff, 0xf3, 0xe, 0xff, 0xd2,
    0x0, 0x3e, 0xff, 0xc0, 0x5, 0xff, 0xff, 0xdd,
    0xff, 0xff, 0x20, 0x0, 0x6f, 0xff, 0xff, 0xff,
    0xe4, 0x0, 0x0, 0x2, 0x9d, 0xfe, 0xc7, 0x10,
    0x0,

    /* U+0070 "p" */
    0x4f, 0xff, 0x2, 0xae, 0xfd, 0x70, 0x0, 0x4,
    0xff, 0xf2, 0xff, 0xff, 0xff, 0xd1, 0x0, 0x4f,
    0xff, 0xdf, 0xca, 0xdf, 0xff, 0xc0, 0x4, 0xff,
    0xff, 0x40, 0x0, 0x9f, 0xff, 0x50, 0x4f, 0xff,
    0x90, 0x0, 0x0, 0xef, 0xfa, 0x4, 0xff, 0xf3,
    0x0, 0x0, 0x8, 0xff, 0xe0, 0x4f, 0xff, 0x10,
    0x0, 0x0, 0x6f, 0xff, 0x4, 0xff, 0xf0, 0x0,
    0x0, 0x4, 0xff, 0xf1, 0x4f, 0xff, 0x10, 0x0,
    0x0, 0x6f, 0xff, 0x4, 0xff, 0xf4, 0x0, 0x0,
    0x9, 0xff, 0xe0, 0x4f, 0xff, 0xb0, 0x0, 0x1,
    0xff, 0xfa, 0x4, 0xff, 0xff, 0x70, 0x1, 0xbf,
    0xff, 0x50, 0x4f, 0xff, 0xcf, 0xfd, 0xff, 0xff,
    0xc0, 0x4, 0xff, 0xf2, 0xef, 0xff, 0xff, 0xd1,
    0x0, 0x4f, 0xff, 0x2, 0xae, 0xfd, 0x70, 0x0,
    0x4, 0xff, 0xf0, 0x0, 0x0, 0x0, 0x0, 0x0,
    0x4f, 0xff, 0x0, 0x0, 0x0, 0x0, 0x0, 0x4,
    0xff, 0xf0, 0x0, 0x0, 0x0, 0x0, 0x0, 0x4f,
    0xff, 0x0, 0x0, 0x0, 0x0, 0x0, 0x4, 0xff,
    0xf0, 0x0, 0x0, 0x0, 0x0, 0x0, 0x4f, 0xff,
    0x0, 0x0, 0x0, 0x0, 0x0, 0x0,

    /* U+0071 "q" */
    0x0, 0x5, 0xce, 0xfb, 0x30, 0xcf, 0xf7, 0x0,
    0xaf, 0xff, 0xff, 0xf4, 0xcf, 0xf7, 0x8, 0xff,
    0xff, 0xee, 0xfe, 0xdf, 0xf7, 0x2f, 0xff, 0xd2,
    0x0, 0x4f, 0xff, 0xf7, 0x7f, 0xff, 0x30, 0x0,
    0x7, 0xff, 0xf7, 0xbf, 0xfc, 0x0, 0x0, 0x0,
    0xff, 0xf7, 0xcf, 0xf9, 0x0, 0x0, 0x0, 0xdf,
    0xf7, 0xdf, 0xf8, 0x0, 0x0, 0x0, 0xcf, 0xf7,
    0xcf, 0xf9, 0x0, 0x0, 0x0, 0xdf, 0xf7, 0xbf,
    0xfc, 0x0, 0x0, 0x1, 0xff, 0xf7, 0x7f, 0xff,
    0x30, 0x0, 0x7, 0xff, 0xf7, 0x2f, 0xff, 0xd2,
    0x0, 0x4f, 0xff, 0xf7, 0x8, 0xff, 0xff, 0xde,
    0xfe, 0xef, 0xf7, 0x0, 0xaf, 0xff, 0xff, 0xf4,
    0xdf, 0xf7, 0x0, 0x5, 0xce, 0xfc, 0x40, 0xdf,
    0xf7, 0x0, 0x0, 0x0, 0x0, 0x0, 0xdf, 0xf7,
    0x0, 0x0, 0x0, 0x0, 0x0, 0xdf, 0xf7, 0x0,
    0x0, 0x0, 0x0, 0x0, 0xdf, 0xf7, 0x0, 0x0,
    0x0, 0x0, 0x0, 0xdf, 0xf7, 0x0, 0x0, 0x0,
    0x0, 0x0, 0xdf, 0xf7, 0x0, 0x0, 0x0, 0x0,
    0x0, 0xdf, 0xf7,

    /* U+0072 "r" */
    0x0, 0x0, 0x0, 0x0, 0x4, 0xff, 0xf0, 0x5c,
    0xfd, 0x4f, 0xff, 0x5f, 0xff, 0xd4, 0xff, 0xfe,
    0xff, 0xec, 0x4f, 0xff, 0xf7, 0x0, 0x4, 0xff,
    0xf7, 0x0, 0x0, 0x4f, 0xff, 0x20, 0x0, 0x4,
    0xff, 0xf0, 0x0, 0x0, 0x4f, 0xff, 0x0, 0x0,
    0x4, 0xff, 0xf0, 0x0, 0x0, 0x4f, 0xff, 0x0,
    0x0, 0x4, 0xff, 0xf0, 0x0, 0x0, 0x4f, 0xff,
    0x0, 0x0, 0x4, 0xff, 0xf0, 0x0, 0x0, 0x4f,
    0xff, 0x0, 0x0, 0x4, 0xff, 0xf0, 0x0, 0x0,

    /* U+0073 "s" */
    0x0, 0x18, 0xce, 0xfe, 0xa4, 0x0, 0x0, 0x4f,
    0xff, 0xff, 0xff, 0xf7, 0x0, 0xe, 0xff, 0xfb,
    0x9d, 0xff, 0xf4, 0x5, 0xff, 0xf2, 0x0, 0x9,
    0xff, 0xa0, 0x7f, 0xfe, 0x0, 0x0, 0x4, 0x10,
    0x4, 0xff, 0xf9, 0x20, 0x0, 0x0, 0x0, 0xc,
    0xff, 0xff, 0xeb, 0x71, 0x0, 0x0, 0x1a, 0xff,
    0xff, 0xff, 0xf9, 0x0, 0x0, 0x1, 0x7a, 0xef,
    0xff, 0xfa, 0x0, 0x0, 0x0, 0x0, 0x2c, 0xff,
    0xf0, 0x36, 0x94, 0x0, 0x0, 0x3f, 0xff, 0x2b,
    0xff, 0xd1, 0x0, 0x8, 0xff, 0xf0, 0x4f, 0xff,
    0xfb, 0xad, 0xff, 0xf9, 0x0, 0x7f, 0xff, 0xff,
    0xff, 0xfa, 0x0, 0x0, 0x29, 0xdf, 0xfe, 0xa4,
    0x0, 0x0,

    /* U+0074 "t" */
    0x0, 0x58, 0x84, 0x0, 0x0, 0xb, 0xff, 0x90,
    0x0, 0x0, 0xbf, 0xf9, 0x0, 0x0, 0xb, 0xff,
    0x90, 0x0, 0xcf, 0xff, 0xff, 0xff, 0x5c, 0xff,
    0xff, 0xff, 0xf5, 0x8b, 0xef, 0xfd, 0xbb, 0x30,
    0xb, 0xff, 0x90, 0x0, 0x0, 0xbf, 0xf9, 0x0,
    0x0, 0xb, 0xff, 0x90, 0x0, 0x0, 0xbf, 0xf9,
    0x0, 0x0, 0xb, 0xff, 0x90, 0x0, 0x0, 0xbf,
    0xf9, 0x0, 0x0, 0xb, 0xff, 0x90, 0x0, 0x0,
    0xbf, 0xf9, 0x0, 0x0, 0xb, 0xff, 0xc0, 0x0,
    0x0, 0x7f, 0xff, 0xed, 0x40, 0x1, 0xef, 0xff,
    0xf7, 0x0, 0x1, 0xae, 0xfe, 0x70,

    /* U+0075 "u" */
    0x4f, 0xff, 0x0, 0x0, 0x2, 0xff, 0xf2, 0x4f,
    0xff, 0x0, 0x0, 0x2, 0xff, 0xf2, 0x4f, 0xff,
    0x0, 0x0, 0x2, 0xff, 0xf2, 0x4f, 0xff, 0x0,
    0x0, 0x2, 0xff, 0xf2, 0x4f, 0xff, 0x0, 0x0,
    0x2, 0xff, 0xf2, 0x4f, 0xff, 0x0, 0x0, 0x2,
    0xff, 0xf2, 0x4f, 0xff, 0x0, 0x0, 0x2, 0xff,
    0xf2, 0x4f, 0xff, 0x0, 0x0, 0x2, 0xff, 0xf2,
    0x4f, 0xff, 0x0, 0x0, 0x2, 0xff, 0xf2, 0x3f,
    0xff, 0x20, 0x0, 0x4, 0xff, 0xf2, 0x2f, 0xff,
    0x60, 0x0, 0x9, 0xff, 0xf2, 0xf, 0xff, 0xe4,
    0x0, 0x7f, 0xff, 0xf2, 0x9, 0xff, 0xff, 0xff,
    0xfa, 0xff, 0xf2, 0x1, 0xdf, 0xff, 0xff, 0xd1,
    0xff, 0xf2, 0x0, 0x18, 0xdf, 0xe9, 0x10, 0xff,
    0xf2,

    /* U+0076 "v" */
    0x5f, 0xff, 0x20, 0x0, 0x0, 0xe, 0xff, 0x90,
    0xff, 0xf8, 0x0, 0x0, 0x3, 0xff, 0xf3, 0x9,
    0xff, 0xd0, 0x0, 0x0, 0x8f, 0xfe, 0x0, 0x4f,
    0xff, 0x20, 0x0, 0xd, 0xff, 0x80, 0x0, 0xef,
    0xf7, 0x0, 0x2, 0xff, 0xf2, 0x0, 0x9, 0xff,
    0xc0, 0x0, 0x7f, 0xfd, 0x0, 0x0, 0x3f, 0xff,
    0x10, 0xc, 0xff, 0x70, 0x0, 0x0, 0xdf, 0xf6,
    0x1, 0xff, 0xf2, 0x0, 0x0, 0x8, 0xff, 0xb0,
    0x6f, 0xfc, 0x0, 0x0, 0x0, 0x2f, 0xff, 0xa,
    0xff, 0x60, 0x0, 0x0, 0x0, 0xcf, 0xf4, 0xff,
    0xf1, 0x0, 0x0, 0x0, 0x7, 0xff, 0xaf, 0xfb,
    0x0, 0x0, 0x0, 0x0, 0x1f, 0xff, 0xff, 0x50,
    0x0, 0x0, 0x0, 0x0, 0xcf, 0xff, 0xf0, 0x0,
    0x0, 0x0, 0x0, 0x6, 0xff, 0xfa, 0x0, 0x0,
    0x0,

    /* U+0077 "w" */
    0x4f, 0xff, 0x20, 0x0, 0xc, 0xff, 0x90, 0x0,
    0x5, 0xff, 0xf1, 0xf, 0xff, 0x60, 0x0, 0xf,
    0xff, 0xd0, 0x0, 0x9, 0xff, 0xd0, 0xb, 0xff,
    0xa0, 0x0, 0x4f, 0xff, 0xf1, 0x0, 0xd, 0xff,
    0x80, 0x7, 0xff, 0xd0, 0x0, 0x7f, 0xff, 0xf5,
    0x0, 0x1f, 0xff, 0x40, 0x2, 0xff, 0xf1, 0x0,
    0xbf, 0xdf, 0xf9, 0x0, 0x5f, 0xff, 0x0, 0x0,
    0xef, 0xf5, 0x0, 0xff, 0x9c, 0xfd, 0x0, 0x8f,
    0xfb, 0x0, 0x0, 0x9f, 0xf9, 0x3, 0xff, 0x58,
    0xff, 0x0, 0xcf, 0xf6, 0x0, 0x0, 0x5f, 0xfc,
    0x7, 0xff, 0x15, 0xff, 0x40, 0xff, 0xf2, 0x0,
    0x0, 0x1f, 0xff, 0xb, 0xfd, 0x1, 0xff, 0x73,
    0xff, 0xd0, 0x0, 0x0, 0xc, 0xff, 0x3e, 0xf9,
    0x0, 0xdf, 0xb6, 0xff, 0x90, 0x0, 0x0, 0x7,
    0xff, 0x8f, 0xf5, 0x0, 0x8f, 0xe9, 0xff, 0x40,
    0x0, 0x0, 0x3, 0xff, 0xef, 0xf1, 0x0, 0x4f,
    0xfe, 0xff, 0x0, 0x0, 0x0, 0x0, 0xef, 0xff,
    0xc0, 0x0, 0xf, 0xff, 0xfb, 0x0, 0x0, 0x0,
    0x0, 0xaf, 0xff, 0x80, 0x0, 0xb, 0xff, 0xf7,
    0x0, 0x0, 0x0, 0x0, 0x5f, 0xff, 0x40, 0x0,
    0x7, 0xff, 0xf2, 0x0, 0x0,

    /* U+0078 "x" */
    0xc, 0xff, 0xd0, 0x0, 0x0, 0xdf, 0xfa, 0x0,
    0x3f, 0xff, 0x60, 0x0, 0x7f, 0xfe, 0x10, 0x0,
    0x9f, 0xfe, 0x0, 0x1f, 0xff, 0x60, 0x0, 0x0,
    0xef, 0xf7, 0x9, 0xff, 0xc0, 0x0, 0x0, 0x5,
    0xff, 0xe2, 0xff, 0xf3, 0x0, 0x0, 0x0, 0xc,
    0xff, 0xef, 0xf9, 0x0, 0x0, 0x0, 0x0, 0x2f,
    0xff, 0xfe, 0x10, 0x0, 0x0, 0x0, 0x0, 0xdf,
    0xff, 0x90, 0x0, 0x0, 0x0, 0x0, 0x6f, 0xff,
    0xff, 0x20, 0x0, 0x0, 0x0, 0x1e, 0xff, 0xaf,
    0xfc, 0x0, 0x0, 0x0, 0x9, 0xff, 0xb0, 0xef,
    0xf6, 0x0, 0x0, 0x3, 0xff, 0xf3, 0x7, 0xff,
    0xe1, 0x0, 0x0, 0xdf, 0xfa, 0x0, 0xd, 0xff,
    0x90, 0x0, 0x7f, 0xff, 0x10, 0x0, 0x5f, 0xff,
    0x30, 0x1f, 0xff, 0x70, 0x0, 0x0, 0xbf, 0xfd,
    0x0,

    /* U+0079 "y" */
    0x5f, 0xff, 0x20, 0x0, 0x0, 0xd, 0xff, 0x90,
    0xff, 0xf7, 0x0, 0x0, 0x2, 0xff, 0xf4, 0xa,
    0xff, 0xc0, 0x0, 0x0, 0x7f, 0xfe, 0x0, 0x4f,
    0xff, 0x10, 0x0, 0xd, 0xff, 0x80, 0x0, 0xef,
    0xf6, 0x0, 0x2, 0xff, 0xf3, 0x0, 0x9, 0xff,
    0xb0, 0x0, 0x7f, 0xfd, 0x0, 0x0, 0x3f, 0xff,
    0x10, 0xc, 0xff, 0x70, 0x0, 0x0, 0xdf, 0xf5,
    0x1, 0xff, 0xf2, 0x0, 0x0, 0x8, 0xff, 0xa0,
    0x6f, 0xfc, 0x0, 0x0, 0x0, 0x2f, 0xfe, 0xb,
    0xff, 0x60, 0x0, 0x0, 0x0, 0xdf, 0xf3, 0xff,
    0xf1, 0x0, 0x0, 0x0, 0x7, 0xff, 0xaf, 0xfb,
    0x0, 0x0, 0x0, 0x0, 0x1f, 0xff, 0xff, 0x50,
    0x0, 0x0, 0x0, 0x0, 0xcf, 0xff, 0xf0, 0x0,
    0x0, 0x0, 0x0, 0x6, 0xff, 0xfa, 0x0, 0x0,
    0x0, 0x0, 0x0, 0x3f, 0xff, 0x40, 0x0, 0x0,
    0x0, 0x0, 0x7, 0xff, 0xe0, 0x0, 0x0, 0x0,
    0x0, 0x1, 0xdf, 0xf8, 0x0, 0x0, 0x0, 0x0,
    0xce, 0xff, 0xff, 0x10, 0x0, 0x0, 0x0, 0x1f,
    0xff, 0xff, 0x50, 0x0, 0x0, 0x0, 0x3, 0xdf,
    0xeb, 0x30, 0x0, 0x0, 0x0, 0x0,

    /* U+007A "z" */
    0x3f, 0xff, 0xff, 0xff, 0xff, 0xfe, 0x3, 0xff,
    0xff, 0xff, 0xff, 0xff, 0xe0, 0x3f, 0xff, 0xff,
    0xff, 0xff, 0xfc, 0x0, 0x0, 0x0, 0x0, 0x8f,
    0xff, 0x20, 0x0, 0x0, 0x0, 0x4f, 0xff, 0x60,
    0x0, 0x0, 0x0, 0x1e, 0xff, 0xa0, 0x0, 0x0,
    0x0, 0xc, 0xff, 0xe1, 0x0, 0x0, 0x0, 0x8,
    0xff, 0xf3, 0x0, 0x0, 0x0, 0x4, 0xff, 0xf8,
    0x0, 0x0, 0x0, 0x1, 0xef, 0xfc, 0x0, 0x0,
    0x0, 0x0, 0xbf, 0xff, 0x20, 0x0, 0x0, 0x0,
    0x7f, 0xff, 0x50, 0x0, 0x0, 0x0, 0x3f, 0xff,
    0xfe, 0xee, 0xee, 0xee, 0x27, 0xff, 0xff, 0xff,
    0xff, 0xff, 0xf2, 0x7f, 0xff, 0xff, 0xff, 0xff,
    0xff, 0x20,

    /* U+007B "{" */
    0x0, 0x0, 0x0, 0x48, 0x94, 0x0, 0x0, 0x1c,
    0xff, 0xf7, 0x0, 0x0, 0xbf, 0xff, 0xf7, 0x0,
    0x2, 0xff, 0xf8, 0x10, 0x0, 0x4, 0xff, 0xd0,
    0x0, 0x0, 0x6, 0xff, 0xb0, 0x0, 0x0, 0x6,
    0xff, 0xa0, 0x0, 0x0, 0x6, 0xff, 0xa0, 0x0,
    0x0, 0x7, 0xff, 0xa0, 0x0, 0x0, 0x9, 0xff,
    0x90, 0x0, 0x0, 0x5f, 0xff, 0x60, 0x0, 0x3f,
    0xff, 0xfb, 0x0, 0x0, 0x3f, 0xfe, 0x40, 0x0,
    0x0, 0x3f, 0xff, 0xf6, 0x0, 0x0, 0x5, 0x9f,
    0xff, 0x40, 0x0, 0x0, 0xb, 0xff, 0x80, 0x0,
    0x0, 0x7, 0xff, 0xa0, 0x0, 0x0, 0x6, 0xff,
    0xa0, 0x0, 0x0, 0x6, 0xff, 0xa0, 0x0, 0x0,
    0x6, 0xff, 0xa0, 0x0, 0x0, 0x5, 0xff, 0xc0,
    0x0, 0x0, 0x3, 0xff, 0xf3, 0x0, 0x0, 0x0,
    0xef, 0xff, 0xb4, 0x0, 0x0, 0x4f, 0xff, 0xf7,
    0x0, 0x0, 0x2, 0x9d, 0xf6,

    /* U+007C "|" */
    0x78, 0x81, 0xef, 0xf3, 0xef, 0xf3, 0xef, 0xf3,
    0xef, 0xf3, 0xef, 0xf3, 0xef, 0xf3, 0xef, 0xf3,
    0xef, 0xf3, 0xef, 0xf3, 0xef, 0xf3, 0xef, 0xf3,
    0xef, 0xf3, 0xef, 0xf3, 0xef, 0xf3, 0xef, 0xf3,
    0xef, 0xf3, 0xef, 0xf3, 0xef, 0xf3, 0xef, 0xf3,
    0xef, 0xf3, 0xef, 0xf3, 0xef, 0xf3, 0xef, 0xf3,
    0xef, 0xf3, 0xef, 0xf3, 0xef, 0xf3, 0xef, 0xf3,
    0xef, 0xf3, 0xef, 0xf3, 0xef, 0xf3, 0xef, 0xf3,
    0xef, 0xf3,

    /* U+007D "}" */
    0x69, 0x73, 0x0, 0x0, 0x0, 0x9f, 0xff, 0xb0,
    0x0, 0x0, 0x9f, 0xff, 0xf9, 0x0, 0x0, 0x2,
    0xaf, 0xff, 0x0, 0x0, 0x0, 0x1f, 0xff, 0x20,
    0x0, 0x0, 0xd, 0xff, 0x30, 0x0, 0x0, 0xd,
    0xff, 0x30, 0x0, 0x0, 0xd, 0xff, 0x30, 0x0,
    0x0, 0xd, 0xff, 0x40, 0x0, 0x0, 0xc, 0xff,
    0x60, 0x0, 0x0, 0x8, 0xff, 0xe4, 0x0, 0x0,
    0x1, 0xcf, 0xff, 0xf0, 0x0, 0x0, 0x6, 0xff,
    0xf0, 0x0, 0x0, 0x9f, 0xff, 0xf0, 0x0, 0x7,
    0xff, 0xf8, 0x40, 0x0, 0xb, 0xff, 0x80, 0x0,
    0x0, 0xd, 0xff, 0x40, 0x0, 0x0, 0xd, 0xff,
    0x30, 0x0, 0x0, 0xd, 0xff, 0x30, 0x0, 0x0,
    0xd, 0xff, 0x30, 0x0, 0x0, 0xf, 0xff, 0x20,
    0x0, 0x0, 0x6f, 0xff, 0x0, 0x0, 0x6c, 0xff,
    0xfb, 0x0, 0x0, 0x9f, 0xff, 0xe2, 0x0, 0x0,
    0x9e, 0xc8, 0x10, 0x0, 0x0,

    /* U+007E "~" */
    0x0, 0x1a, 0xed, 0x80, 0x0, 0x1, 0x66, 0x30,
    0x1d, 0xff, 0xff, 0xd1, 0x0, 0x4f, 0xf6, 0x8,
    0xff, 0xff, 0xff, 0xe3, 0x1c, 0xff, 0x40, 0xcf,
    0xf5, 0x19, 0xff, 0xff, 0xff, 0xf0, 0xe, 0xfc,
    0x0, 0x8, 0xff, 0xff, 0xf7, 0x0, 0x77, 0x50,
    0x0, 0x4, 0xcf, 0xd6, 0x0,

    /* U+00A0 " " */

    /* U+00A1 "¡" */
    0x3d, 0xe7, 0xc, 0xff, 0xf2, 0xdf, 0xff, 0x25,
    0xff, 0xa0, 0x0, 0x10, 0x0, 0x0, 0x0, 0x27,
    0x75, 0x6, 0xff, 0xc0, 0x6f, 0xfc, 0x6, 0xff,
    0xc0, 0x7f, 0xfc, 0x7, 0xff, 0xd0, 0x7f, 0xfd,
    0x7, 0xff, 0xd0, 0x8f, 0xfe, 0x8, 0xff, 0xe0,
    0x8f, 0xfe, 0x9, 0xff, 0xe0, 0x9f, 0xff, 0x9,
    0xff, 0xf0,

    /* U+00A2 "¢" */
    0x0, 0x0, 0x0, 0xe9, 0x0, 0x0, 0x0, 0x0,
    0x0, 0x0, 0xe9, 0x0, 0x0, 0x0, 0x0, 0x0,
    0x59, 0xfd, 0x94, 0x0, 0x0, 0x0, 0x2d, 0xff,
    0xff, 0xff, 0xc1, 0x0, 0x2, 0xef, 0xff, 0xff,
    0xff, 0xfd, 0x0, 0xc, 0xff, 0xf7, 0xfa, 0x8f,
    0xff, 0x80, 0x3f, 0xff, 0x60, 0xe9, 0x8, 0xff,
    0xe0, 0x8f, 0xfe, 0x0, 0xe9, 0x1, 0x84, 0x10,
    0xbf, 0xfa, 0x0, 0xe9, 0x0, 0x0, 0x0, 0xdf,
    0xf8, 0x0, 0xe9, 0x0, 0x0, 0x0, 0xdf, 0xf8,
    0x0, 0xe9, 0x0, 0x0, 0x0, 0xbf, 0xfa, 0x0,
    0xe9, 0x0, 0x0, 0x0, 0x9f, 0xfe, 0x0, 0xe9,
    0x1, 0xa6, 0x20, 0x4f, 0xff, 0x60, 0xe9, 0x8,
    0xff, 0xe0, 0xc, 0xff, 0xf7, 0xfa, 0x8f, 0xff,
    0x80, 0x2, 0xef, 0xff, 0xff, 0xff, 0xfd, 0x0,
    0x0, 0x2d, 0xff, 0xff, 0xff, 0xc1, 0x0, 0x0,
    0x0, 0x59, 0xfd, 0x94, 0x0, 0x0, 0x0, 0x0,
    0x0, 0xe9, 0x0, 0x0, 0x0, 0x0, 0x0, 0x0,
    0xe9, 0x0, 0x0, 0x0,

    /* U+00A3 "£" */
    0x0, 0x0, 0x7, 0xce, 0xfd, 0x81, 0x0, 0x0,
    0x0, 0x2d, 0xff, 0xff, 0xff, 0xe3, 0x0, 0x0,
    0xd, 0xff, 0xff, 0xff, 0xff, 0xe1, 0x0, 0x6,
    0xff, 0xf7, 0x10, 0x5f, 0xff, 0x90, 0x0, 0xcf,
    0xf9, 0x0, 0x0, 0x7f, 0xfe, 0x0, 0xe, 0xff,
    0x50, 0x0, 0x1, 0x97, 0x40, 0x0, 0xff, 0xf3,
    0x0, 0x0, 0x0, 0x0, 0x0, 0xe, 0xff, 0x40,
    0x0, 0x0, 0x0, 0x0, 0x0, 0xef, 0xf4, 0x0,
    0x0, 0x0, 0x0, 0xc, 0xff, 0xff, 0xff, 0xff,
    0xfb, 0x0, 0x0, 0xcf, 0xff, 0xff, 0xff, 0xff,
    0xb0, 0x0, 0x4, 0x5d, 0xff, 0x95, 0x55, 0x53,
    0x0, 0x0, 0x0, 0xbf, 0xf6, 0x0, 0x0, 0x0,
    0x0, 0x0, 0xa, 0xff, 0x70, 0x0, 0x0, 0x0,
    0x0, 0x0, 0xaf, 0xf7, 0x0, 0x0, 0x0, 0x0,
    0x0, 0xb, 0xff, 0x40, 0x0, 0x0, 0x89, 0x91,
    0x5, 0xff, 0x80, 0x0, 0x0, 0x1f, 0xff, 0x1b,
    0xff, 0xff, 0xff, 0xff, 0xff, 0xff, 0xf0, 0xcf,
    0xff, 0xff, 0xff, 0xff, 0xff, 0xf8, 0xc, 0xff,
    0xff, 0xff, 0xff, 0xff, 0xd7, 0x0,

    /* U+00A4 "¤" */
    0x0, 0x60, 0x0, 0x3, 0x54, 0x10, 0x0, 0x25,
    0x0, 0xcf, 0x71, 0x9f, 0xff, 0xff, 0xc4, 0x1d,
    0xf5, 0x1d, 0xff, 0xef, 0xff, 0xff, 0xff, 0xfe,
    0xff, 0x70, 0x1e, 0xff, 0xf8, 0x20, 0x15, 0xdf,
    0xff, 0x80, 0x0, 0xcf, 0xe3, 0x0, 0x0, 0x0,
    0xaf, 0xf3, 0x0, 0x4f, 0xf4, 0x0, 0x0, 0x0,
    0x0, 0xdf, 0xb0, 0xa, 0xfb, 0x0, 0x0, 0x0,
    0x0, 0x5, 0xff, 0x10, 0xdf, 0x60, 0x0, 0x0,
    0x0, 0x0, 0xf, 0xf4, 0xf, 0xf4, 0x0, 0x0,
    0x0, 0x0, 0x0, 0xef, 0x60, 0xef, 0x50, 0x0,
    0x0, 0x0, 0x0, 0xf, 0xf5, 0xc, 0xf8, 0x0,
    0x0, 0x0, 0x0, 0x1, 0xff, 0x30, 0x8f, 0xe0,
    0x0, 0x0, 0x0, 0x0, 0x8f, 0xf0, 0x2, 0xff,
    0x80, 0x0, 0x0, 0x0, 0x2f, 0xf9, 0x0, 0xd,
    0xff, 0x80, 0x0, 0x0, 0x3e, 0xff, 0x50, 0xa,
    0xff, 0xff, 0xe8, 0x67, 0xbf, 0xff, 0xff, 0x31,
    0xef, 0xba, 0xff, 0xff, 0xff, 0xfe, 0x7f, 0xf8,
    0x3, 0xb0, 0x3, 0xae, 0xfe, 0xc6, 0x0, 0x5a,
    0x0, 0x0, 0x0, 0x0, 0x0, 0x0, 0x0, 0x0,
    0x0,

    /* U+00A5 "¥" */
    0x6f, 0xff, 0x20, 0x0, 0x0, 0x7f, 0xff, 0x10,
    0xef, 0xf8, 0x0, 0x0, 0xd, 0xff, 0xa0, 0x8,
    0xff, 0xe0, 0x0, 0x4, 0xff, 0xf3, 0x0, 0x1f,
    0xff, 0x40, 0x0, 0xaf, 0xfc, 0x0, 0x0, 0xaf,
    0xfb, 0x0, 0x1f, 0xff, 0x50, 0x0, 0x3, 0xff,
    0xf1, 0x7, 0xff, 0xd0, 0x0, 0x0, 0xc, 0xff,
    0x80, 0xdf, 0xf7, 0x0, 0x0, 0x0, 0x5f, 0xfe,
    0x4f, 0xff, 0x0, 0x0, 0x0, 0x0, 0xef, 0xfd,
    0xff, 0x90, 0x0, 0x0, 0x0, 0x7, 0xff, 0xff,
    0xf2, 0x0, 0x0, 0x7, 0xff, 0xff, 0xff, 0xff,
    0xff, 0xd0, 0x0, 0x7f, 0xff, 0xff, 0xff, 0xff,
    0xfd, 0x0, 0x1, 0x22, 0x27, 0xff, 0xf2, 0x22,
    0x20, 0x0, 0x12, 0x22, 0x7f, 0xff, 0x22, 0x22,
    0x0, 0x7, 0xff, 0xff, 0xff, 0xff, 0xff, 0xd0,
    0x0, 0x7f, 0xff, 0xff, 0xff, 0xff, 0xfd, 0x0,
    0x0, 0x0, 0x6, 0xff, 0xf0, 0x0, 0x0, 0x0,
    0x0, 0x0, 0x6f, 0xff, 0x0, 0x0, 0x0, 0x0,
    0x0, 0x6, 0xff, 0xf0, 0x0, 0x0, 0x0, 0x0,
    0x0, 0x6f, 0xff, 0x0, 0x0, 0x0,

    /* U+00A6 "¦" */
    0x6f, 0xf9, 0x6f, 0xf9, 0x6f, 0xf9, 0x6f, 0xf9,
    0x6f, 0xf9, 0x6f, 0xf9, 0x6f, 0xf9, 0x6f, 0xf9,
    0x6f, 0xf9, 0x1, 0x10, 0x0, 0x0, 0x0, 0x0,
    0x0, 0x0, 0x0, 0x0, 0x6f, 0xf9, 0x6f, 0xf9,
    0x6f, 0xf9, 0x6f, 0xf9, 0x6f, 0xf9, 0x6f, 0xf9,
    0x6f, 0xf9, 0x6f, 0xf9, 0x6f, 0xf9, 0x2, 0x21,

    /* U+00A7 "§" */
    0x0, 0x5, 0xbe, 0xfe, 0xa2, 0x0, 0x0, 0x9,
    0xff, 0xff, 0xff, 0xf2, 0x0, 0x4, 0xff, 0xfe,
    0xce, 0xff, 0xd0, 0x0, 0xaf, 0xf9, 0x0, 0x1d,
    0xff, 0x40, 0xb, 0xff, 0x40, 0x0, 0x5c, 0x93,
    0x0, 0xaf, 0xf8, 0x0, 0x0, 0x0, 0x0, 0x4,
    0xff, 0xf8, 0x0, 0x0, 0x0, 0x0, 0x8, 0xff,
    0xfe, 0x70, 0x0, 0x0, 0x1, 0x8e, 0xff, 0xff,
    0xe7, 0x0, 0x1, 0xef, 0x92, 0x8f, 0xff, 0xfd,
    0x10, 0x8f, 0xf0, 0x0, 0x17, 0xff, 0xfc, 0xa,
    0xff, 0x0, 0x0, 0x1, 0xdf, 0xf4, 0x7f, 0xf9,
    0x0, 0x0, 0x5, 0xff, 0x61, 0xff, 0xfc, 0x40,
    0x0, 0x4f, 0xf4, 0x4, 0xff, 0xff, 0xc5, 0x2c,
    0xfc, 0x0, 0x1, 0xaf, 0xff, 0xff, 0xd7, 0x0,
    0x0, 0x0, 0x2a, 0xff, 0xff, 0x50, 0x0, 0x0,
    0x0, 0x2, 0xcf, 0xff, 0x10, 0x0, 0x0, 0x0,
    0x0, 0xcf, 0xf6, 0x0, 0x8b, 0xb0, 0x0, 0x8,
    0xff, 0x80, 0xe, 0xff, 0x60, 0x1, 0xdf, 0xf6,
    0x0, 0x7f, 0xff, 0xdc, 0xff, 0xff, 0x10, 0x0,
    0xbf, 0xff, 0xff, 0xff, 0x50, 0x0, 0x0, 0x6c,
    0xff, 0xea, 0x20, 0x0,

    /* U+00A8 "¨" */
    0x6, 0x81, 0x0, 0x28, 0x50, 0x6f, 0xfc, 0x0,
    0xdf, 0xf4, 0x8f, 0xfe, 0x0, 0xff, 0xf6, 0x1c,
    0xe5, 0x0, 0x6f, 0xc0,

    /* U+00A9 "©" */
    0x0, 0x0, 0x0, 0x5a, 0xdf, 0xfd, 0x94, 0x0,
    0x0, 0x0, 0x0, 0x0, 0x4d, 0xff, 0xff, 0xff,
    0xff, 0xc2, 0x0, 0x0, 0x0, 0x8, 0xff, 0xff,
    0xfe, 0xef, 0xff, 0xff, 0x40, 0x0, 0x0, 0x7f,
    0xff, 0xc5, 0x0, 0x1, 0x6e, 0xff, 0xf4, 0x0,
    0x3, 0xff, 0xf7, 0x0, 0x47, 0x74, 0x0, 0xaf,
    0xfe, 0x10, 0xc, 0xff, 0x70, 0x2d, 0xff, 0xff,
    0xc2, 0xb, 0xff, 0x80, 0x3f, 0xfc, 0x2, 0xff,
    0xff, 0xff, 0xfe, 0x11, 0xff, 0xf0, 0x8f, 0xf5,
    0xb, 0xff, 0x71, 0x18, 0xff, 0x90, 0x9f, 0xf4,
    0xbf, 0xf0, 0x1f, 0xf8, 0x0, 0x0, 0xae, 0xc0,
    0x4f, 0xf7, 0xdf, 0xe0, 0x4f, 0xf2, 0x0, 0x0,
    0x0, 0x0, 0x2f, 0xf9, 0xdf, 0xe0, 0x4f, 0xf2,
    0x0, 0x0, 0x0, 0x0, 0x2f, 0xf9, 0xbf, 0xf0,
    0x1f, 0xf8, 0x0, 0x0, 0xbe, 0xa0, 0x4f, 0xf7,
    0x8f, 0xf5, 0xb, 0xff, 0x71, 0x19, 0xff, 0x70,
    0x9f, 0xf4, 0x3f, 0xfc, 0x2, 0xff, 0xff, 0xff,
    0xfd, 0x1, 0xff, 0xf0, 0xc, 0xff, 0x70, 0x3d,
    0xff, 0xff, 0xc2, 0xb, 0xff, 0x80, 0x3, 0xff,
    0xf7, 0x0, 0x47, 0x74, 0x0, 0xaf, 0xfe, 0x10,
    0x0, 0x7f, 0xff, 0xc4, 0x0, 0x1, 0x6e, 0xff,
    0xf4, 0x0, 0x0, 0x8, 0xff, 0xff, 0xfe, 0xef,
    0xff, 0xff, 0x50, 0x0, 0x0, 0x0, 0x5e, 0xff,
    0xff, 0xff, 0xff, 0xc3, 0x0, 0x0, 0x0, 0x0,
    0x0, 0x5a, 0xdf, 0xfd, 0x94, 0x0, 0x0, 0x0,

    /* U+00AA "ª" */
    0x0, 0x17, 0xdf, 0xfc, 0x70, 0x0, 0x2d, 0xff,
    0xff, 0xff, 0xc0, 0xa, 0xff, 0x72, 0x2a, 0xff,
    0x50, 0x2, 0x30, 0x0, 0x2f, 0xf8, 0x0, 0x1,
    0x47, 0x9d, 0xff, 0x90, 0x2c, 0xff, 0xff, 0xff,
    0xf9, 0xe, 0xff, 0x84, 0x21, 0xff, 0x93, 0xff,
    0x70, 0x0, 0x4f, 0xf9, 0x2f, 0xfb, 0x10, 0x4d,
    0xff, 0x90, 0xcf, 0xff, 0xff, 0xbf, 0xf9, 0x0,
    0x8d, 0xfe, 0x80, 0xff, 0x90,

    /* U+00AB "«" */
    0x0, 0x0, 0x2f, 0xff, 0x70, 0x7f, 0xff, 0x20,
    0x0, 0x1d, 0xff, 0xa0, 0x4f, 0xff, 0x50, 0x0,
    0xb, 0xff, 0xc0, 0x2e, 0xff, 0x80, 0x0, 0x9,
    0xff, 0xe1, 0xd, 0xff, 0xb0, 0x0, 0x6, 0xff,
    0xf4, 0xb, 0xff, 0xd1, 0x0, 0x3, 0xff, 0xf7,
    0x8, 0xff, 0xf2, 0x0, 0x0, 0x8f, 0xff, 0x10,
    0xdf, 0xfc, 0x0, 0x0, 0x0, 0xcf, 0xfc, 0x2,
    0xff, 0xf8, 0x0, 0x0, 0x1, 0xef, 0xfa, 0x4,
    0xff, 0xf5, 0x0, 0x0, 0x3, 0xff, 0xf7, 0x7,
    0xff, 0xf2, 0x0, 0x0, 0x5, 0xff, 0xf4, 0xa,
    0xff, 0xd1, 0x0, 0x0, 0x8, 0xff, 0xe1, 0xd,
    0xff, 0xb0, 0x0, 0x0, 0x7, 0x88, 0x50, 0x28,
    0x88, 0x20,

    /* U+00AC "¬" */
    0x3d, 0xdd, 0xdd, 0xdd, 0xdd, 0xdd, 0x3f, 0xff,
    0xff, 0xff, 0xff, 0xff, 0x3f, 0xff, 0xff, 0xff,
    0xff, 0xff, 0x0, 0x0, 0x0, 0x0, 0xe, 0xff,
    0x0, 0x0, 0x0, 0x0, 0xe, 0xff, 0x0, 0x0,
    0x0, 0x0, 0xe, 0xff, 0x0, 0x0, 0x0, 0x0,
    0x7, 0x87,

    /* U+00AE "®" */
    0x0, 0x0, 0x4a, 0xef, 0xeb, 0x50, 0x0, 0x0,
    0x0, 0xa, 0xff, 0xff, 0xff, 0xfd, 0x20, 0x0,
    0x0, 0xcf, 0xe7, 0x10, 0x15, 0xcf, 0xe2, 0x0,
    0x9, 0xfc, 0x10, 0x0, 0x0, 0x9, 0xfd, 0x0,
    0x2f, 0xe1, 0xf, 0xff, 0xfb, 0x10, 0xcf, 0x50,
    0x7f, 0x80, 0xf, 0xb3, 0x8f, 0x80, 0x4f, 0xb0,
    0xaf, 0x30, 0xf, 0xa0, 0x5f, 0x80, 0xf, 0xe0,
    0xbf, 0x20, 0xf, 0xff, 0xfd, 0x10, 0xe, 0xf0,
    0xaf, 0x40, 0xf, 0xb3, 0xed, 0x0, 0xf, 0xe0,
    0x7f, 0x80, 0xf, 0xa0, 0x8f, 0x40, 0x4f, 0xb0,
    0x2f, 0xe1, 0xb, 0x70, 0x1b, 0x70, 0xcf, 0x50,
    0x9, 0xfc, 0x10, 0x0, 0x0, 0xa, 0xfd, 0x0,
    0x0, 0xcf, 0xe7, 0x20, 0x15, 0xcf, 0xe2, 0x0,
    0x0, 0xa, 0xff, 0xff, 0xff, 0xfd, 0x20, 0x0,
    0x0, 0x0, 0x4a, 0xef, 0xeb, 0x60, 0x0, 0x0,

    /* U+00AF "¯" */
    0x35, 0x55, 0x55, 0x52, 0xcf, 0xff, 0xff, 0xf8,
    0xcf, 0xff, 0xff, 0xf8,

    /* U+00B0 "°" */
    0x0, 0x2, 0x66, 0x20, 0x0, 0x0, 0x9f, 0xff,
    0xf8, 0x0, 0x9, 0xff, 0xff, 0xff, 0x70, 0x1f,
    0xfb, 0x12, 0xcf, 0xf0, 0x6f, 0xf1, 0x0, 0x2f,
    0xf4, 0x6f, 0xf0, 0x0, 0xf, 0xf5, 0x4f, 0xf4,
    0x0, 0x5f, 0xf3, 0xe, 0xff, 0x89, 0xff, 0xd0,
    0x4, 0xff, 0xff, 0xff, 0x30, 0x0, 0x3b, 0xee,
    0xa2, 0x0,

    /* U+00B1 "±" */
    0x0, 0x0, 0xa, 0xff, 0x30, 0x0, 0x0, 0x0,
    0x0, 0xa, 0xff, 0x30, 0x0, 0x0, 0x0, 0x0,
    0xa, 0xff, 0x30, 0x0, 0x0, 0x7c, 0xcc, 0xce,
    0xff, 0xdc, 0xcc, 0xc0, 0x9f, 0xff, 0xff, 0xff,
    0xff, 0xff, 0xf1, 0x9f, 0xff, 0xff, 0xff, 0xff,
    0xff, 0xf1, 0x0, 0x0, 0xa, 0xff, 0x30, 0x0,
    0x0, 0x0, 0x0, 0xa, 0xff, 0x30, 0x0, 0x0,
    0x0, 0x0, 0xa, 0xff, 0x30, 0x0, 0x0, 0x0,
    0x0, 0x9, 0xee, 0x20, 0x0, 0x0, 0x0, 0x0,
    0x0, 0x0, 0x0, 0x0, 0x0, 0x7e, 0xee, 0xee,
    0xee, 0xee, 0xee, 0xe0, 0x9f, 0xff, 0xff, 0xff,
    0xff, 0xff, 0xf1, 0x9f, 0xff, 0xff, 0xff, 0xff,
    0xff, 0xf1,

    /* U+00B2 "²" */
    0x1, 0x9d, 0xfe, 0xc6, 0x0, 0x2e, 0xff, 0xff,
    0xff, 0xb0, 0x9f, 0xf6, 0x23, 0xdf, 0xf2, 0x24,
    0x30, 0x0, 0x8f, 0xf1, 0x0, 0x0, 0x5, 0xff,
    0xa0, 0x0, 0x1, 0xaf, 0xfa, 0x0, 0x0, 0x5e,
    0xfe, 0x50, 0x0, 0x1a, 0xff, 0xc4, 0x44, 0x42,
    0x8f, 0xff, 0xff, 0xff, 0xf8, 0x8f, 0xff, 0xff,
    0xff, 0xf8,

    /* U+00B3 "³" */
    0x1, 0x8d, 0xff, 0xd8, 0x20, 0x1e, 0xff, 0xff,
    0xff, 0xe1, 0x4a, 0xa6, 0x33, 0x9f, 0xf5, 0x0,
    0x3, 0xbb, 0xfe, 0x90, 0x0, 0x5, 0xff, 0xfc,
    0x60, 0x0, 0x0, 0x1, 0x9f, 0xf7, 0x46, 0x60,
    0x0, 0x1f, 0xfc, 0x8f, 0xfa, 0x44, 0xbf, 0xfa,
    0x1d, 0xff, 0xff, 0xff, 0xe2, 0x0, 0x7d, 0xff,
    0xd8, 0x10,

    /* U+00B4 "´" */
    0x0, 0x11, 0x10, 0x5, 0xff, 0xc0, 0xc, 0xff,
    0x20, 0x3f, 0xf7, 0x0, 0xaf, 0xd0, 0x0,

    /* U+00B5 "µ" */
    0x4f, 0xff, 0x0, 0x0, 0x2, 0xff, 0xf2, 0x4,
    0xff, 0xf0, 0x0, 0x0, 0x2f, 0xff, 0x20, 0x4f,
    0xff, 0x0, 0x0, 0x2, 0xff, 0xf2, 0x4, 0xff,
    0xf0, 0x0, 0x0, 0x2f, 0xff, 0x20, 0x4f, 0xff,
    0x0, 0x0, 0x2, 0xff, 0xf2, 0x4, 0xff, 0xf0,
    0x0, 0x0, 0x2f, 0xff, 0x20, 0x4f, 0xff, 0x0,
    0x0, 0x2, 0xff, 0xf2, 0x4, 0xff, 0xf0, 0x0,
    0x0, 0x2f, 0xff, 0x20, 0x4f, 0xff, 0x0, 0x0,
    0x2, 0xff, 0xf2, 0x4, 0xff, 0xf1, 0x0, 0x0,
    0x3f, 0xff, 0x20, 0x4f, 0xff, 0x50, 0x0, 0x6,
    0xff, 0xf2, 0x4, 0xff, 0xfd, 0x10, 0x2, 0xef,
    0xff, 0x30, 0x4f, 0xff, 0xff, 0xbb, 0xff, 0xff,
    0xfd, 0x84, 0xff, 0xfa, 0xff, 0xff, 0xb7, 0xff,
    0xfd, 0x4f, 0xff, 0x19, 0xee, 0x90, 0x7, 0xdf,
    0xd4, 0xff, 0xf0, 0x0, 0x0, 0x0, 0x0, 0x0,
    0x4f, 0xff, 0x0, 0x0, 0x0, 0x0, 0x0, 0x4,
    0xff, 0xf0, 0x0, 0x0, 0x0, 0x0, 0x0, 0x4f,
    0xff, 0x0, 0x0, 0x0, 0x0, 0x0, 0x4, 0xff,
    0xf0, 0x0, 0x0, 0x0, 0x0, 0x0, 0x4f, 0xff,
    0x0, 0x0, 0x0, 0x0, 0x0, 0x0,

    /* U+00B6 "¶" */
    0x0, 0x5, 0xbe, 0xff, 0xff, 0xff, 0xb0, 0x1c,
    0xff, 0xff, 0xff, 0xff, 0xfb, 0xb, 0xff, 0xff,
    0xfe, 0xcd, 0xff, 0xb4, 0xff, 0xff, 0xff, 0x90,
    0x2f, 0xfb, 0xaf, 0xff, 0xff, 0xf9, 0x2, 0xff,
    0xbc, 0xff, 0xff, 0xff, 0x90, 0x2f, 0xfb, 0xdf,
    0xff, 0xff, 0xf9, 0x2, 0xff, 0xbb, 0xff, 0xff,
    0xff, 0x90, 0x2f, 0xfb, 0x8f, 0xff, 0xff, 0xf9,
    0x2, 0xff, 0xb2, 0xff, 0xff, 0xff, 0x90, 0x2f,
    0xfb, 0x6, 0xff, 0xff, 0xf9, 0x2, 0xff, 0xb0,
    0x5, 0xef, 0xff, 0x90, 0x2f, 0xfb, 0x0, 0x0,
    0x57, 0x95, 0x2, 0xff, 0xb0, 0x0, 0x0, 0x0,
    0x0, 0x2f, 0xfb, 0x0, 0x0, 0x0, 0x0, 0x2,
    0xff, 0xb0, 0x0, 0x0, 0x0, 0x0, 0x2f, 0xfb,
    0x0, 0x0, 0x0, 0x0, 0x2, 0xff, 0xb0, 0x0,
    0x0, 0x0, 0x0, 0x2f, 0xfb, 0x0, 0x0, 0x0,
    0x0, 0x2, 0xff, 0xb0, 0x0, 0x0, 0x0, 0x0,
    0x2f, 0xfb,

    /* U+00B7 "·" */
    0x1, 0x20, 0x5, 0xff, 0x90, 0xdf, 0xff, 0x1c,
    0xff, 0xf1, 0x3d, 0xe6, 0x0,

    /* U+00B8 "¸" */
    0x8, 0xe0, 0x0, 0xa, 0xe3, 0x0, 0xc, 0xff,
    0xc0, 0x0, 0xb, 0xf4, 0x28, 0x8e, 0xf3, 0x5f,
    0xfe, 0x70,

    /* U+00B9 "¹" */
    0x2, 0xbf, 0xff, 0x6f, 0xff, 0xff, 0xaf, 0x8d,
    0xff, 0x51, 0xc, 0xff, 0x0, 0xc, 0xff, 0x0,
    0xc, 0xff, 0x0, 0xc, 0xff, 0x0, 0xc, 0xff,
    0x0, 0xc, 0xff, 0x0, 0xc, 0xff,

    /* U+00BA "º" */
    0x0, 0x4, 0xbe, 0xfd, 0x92, 0x0, 0x0, 0x8f,
    0xff, 0xff, 0xff, 0x40, 0x5, 0xff, 0xe6, 0x48,
    0xff, 0xe1, 0xc, 0xff, 0x20, 0x0, 0x7f, 0xf7,
    0xf, 0xfc, 0x0, 0x0, 0x1f, 0xfa, 0x1f, 0xfb,
    0x0, 0x0, 0xf, 0xfc, 0xf, 0xfc, 0x0, 0x0,
    0x1f, 0xfa, 0xc, 0xff, 0x20, 0x0, 0x7f, 0xf7,
    0x5, 0xff, 0xe6, 0x48, 0xff, 0xe1, 0x0, 0x8f,
    0xff, 0xff, 0xff, 0x40, 0x0, 0x4, 0xbe, 0xfd,
    0x92, 0x0,

    /* U+00BB "»" */
    0xa, 0xff, 0xd1, 0x1d, 0xff, 0x90, 0x0, 0x0,
    0x0, 0xcf, 0xfb, 0x2, 0xff, 0xf7, 0x0, 0x0,
    0x0, 0x1e, 0xff, 0x90, 0x5f, 0xff, 0x40, 0x0,
    0x0, 0x4, 0xff, 0xf6, 0x8, 0xff, 0xe2, 0x0,
    0x0, 0x0, 0x6f, 0xff, 0x30, 0xbf, 0xfd, 0x0,
    0x0, 0x0, 0xa, 0xff, 0xe1, 0x1d, 0xff, 0xb0,
    0x0, 0x0, 0x4, 0xff, 0xf5, 0x9, 0xff, 0xf1,
    0x0, 0x0, 0x1e, 0xff, 0x90, 0x5f, 0xff, 0x40,
    0x0, 0x0, 0xcf, 0xfc, 0x2, 0xff, 0xf7, 0x0,
    0x0, 0xa, 0xff, 0xe1, 0x1d, 0xff, 0xa0, 0x0,
    0x0, 0x6f, 0xff, 0x30, 0xbf, 0xfc, 0x0, 0x0,
    0x3, 0xff, 0xf5, 0x8, 0xff, 0xe1, 0x0, 0x0,
    0x6, 0x88, 0x50, 0x17, 0x88, 0x30, 0x0, 0x0,

    /* U+00BC "¼" */
    0x8, 0xff, 0xe0, 0x0, 0x0, 0x0, 0x0, 0xbf,
    0xb0, 0x0, 0xbf, 0xff, 0xe0, 0x0, 0x0, 0x0,
    0x6, 0xff, 0x20, 0x0, 0xfc, 0x9f, 0xe0, 0x0,
    0x0, 0x0, 0x1f, 0xf6, 0x0, 0x0, 0x90, 0x8f,
    0xe0, 0x0, 0x0, 0x0, 0xbf, 0xb0, 0x0, 0x0,
    0x0, 0x8f, 0xe0, 0x0, 0x0, 0x6, 0xff, 0x20,
    0x0, 0x0, 0x0, 0x8f, 0xe0, 0x0, 0x0, 0x1f,
    0xf6, 0x0, 0x0, 0x0, 0x0, 0x8f, 0xe0, 0x0,
    0x0, 0xbf, 0xb0, 0x0, 0x0, 0x0, 0x0, 0x8f,
    0xe0, 0x0, 0x6, 0xff, 0x20, 0x0, 0x0, 0x0,
    0x0, 0x8f, 0xe0, 0x0, 0x1f, 0xf6, 0x0, 0x1,
    0x22, 0x10, 0x0, 0x8f, 0xe0, 0x0, 0xbf, 0xb0,
    0x0, 0xe, 0xff, 0x70, 0x0, 0x7e, 0xc0, 0x6,
    0xff, 0x20, 0x0, 0x8f, 0xff, 0x70, 0x0, 0x0,
    0x0, 0x1f, 0xf6, 0x0, 0x1, 0xff, 0xff, 0x70,
    0x0, 0x0, 0x0, 0xbf, 0xb0, 0x0, 0xa, 0xfa,
    0xcf, 0x70, 0x0, 0x0, 0x6, 0xff, 0x20, 0x0,
    0x3f, 0xf2, 0xcf, 0x70, 0x0, 0x0, 0x1f, 0xf6,
    0x0, 0x0, 0xcf, 0x90, 0xcf, 0x70, 0x0, 0x0,
    0xbf, 0xb0, 0x0, 0x5, 0xff, 0x10, 0xcf, 0x70,
    0x0, 0x6, 0xff, 0x20, 0x0, 0xa, 0xff, 0xff,
    0xff, 0xfb, 0x0, 0x1f, 0xf6, 0x0, 0x0, 0xa,
    0xff, 0xff, 0xff, 0xfb, 0x0, 0xbf, 0xb0, 0x0,
    0x0, 0x0, 0x0, 0x0, 0xdf, 0x70, 0x1, 0x88,
    0x10, 0x0, 0x0, 0x0, 0x0, 0x0, 0x68, 0x30,

    /* U+00BD "½" */
    0x4, 0xbb, 0xa0, 0x0, 0x0, 0x0, 0x0, 0x7b,
    0x90, 0x0, 0x7, 0xff, 0xfe, 0x0, 0x0, 0x0,
    0x0, 0x3f, 0xf4, 0x0, 0x0, 0xfe, 0xbf, 0xe0,
    0x0, 0x0, 0x0, 0xd, 0xf9, 0x0, 0x0, 0xd,
    0x28, 0xfe, 0x0, 0x0, 0x0, 0x8, 0xfe, 0x0,
    0x0, 0x0, 0x0, 0x8f, 0xe0, 0x0, 0x0, 0x3,
    0xff, 0x40, 0x0, 0x0, 0x0, 0x8, 0xfe, 0x0,
    0x0, 0x0, 0xcf, 0xa0, 0x0, 0x0, 0x0, 0x0,
    0x8f, 0xe0, 0x0, 0x0, 0x7f, 0xe1, 0x0, 0x0,
    0x0, 0x0, 0x8, 0xfe, 0x0, 0x0, 0x2f, 0xf5,
    0x0, 0x0, 0x0, 0x0, 0x0, 0x8f, 0xe0, 0x0,
    0xc, 0xfa, 0x0, 0x0, 0x0, 0x0, 0x0, 0x8,
    0xfe, 0x0, 0x7, 0xfe, 0x10, 0x6, 0xcf, 0xe9,
    0x10, 0x0, 0x8f, 0xe0, 0x2, 0xff, 0x50, 0x7,
    0xff, 0xff, 0xfd, 0x0, 0x1, 0x32, 0x0, 0xcf,
    0xa0, 0x0, 0xef, 0xa3, 0x7f, 0xf5, 0x0, 0x0,
    0x0, 0x7f, 0xe1, 0x0, 0x3, 0x31, 0x0, 0xff,
    0x50, 0x0, 0x0, 0x2f, 0xf5, 0x0, 0x0, 0x0,
    0x0, 0x4f, 0xf1, 0x0, 0x0, 0xc, 0xfb, 0x0,
    0x0, 0x0, 0x0, 0x2e, 0xf7, 0x0, 0x0, 0x6,
    0xff, 0x10, 0x0, 0x0, 0x0, 0x2e, 0xfa, 0x0,
    0x0, 0x2, 0xff, 0x60, 0x0, 0x0, 0x0, 0x2e,
    0xfb, 0x0, 0x0, 0x0, 0xbf, 0xb0, 0x0, 0x0,
    0x0, 0x2e, 0xfd, 0x21, 0x10, 0x0, 0x6f, 0xf1,
    0x0, 0x0, 0x0, 0xc, 0xff, 0xff, 0xff, 0x90,
    0x1f, 0xf6, 0x0, 0x0, 0x0, 0x0, 0xdf, 0xff,
    0xff, 0xf9,

    /* U+00BE "¾" */
    0x0, 0x0, 0x0, 0x0, 0x0, 0x0, 0x0, 0x0,
    0x0, 0x0, 0x0, 0x4, 0xbf, 0xfc, 0x40, 0x0,
    0x0, 0x0, 0x0, 0xcf, 0xb0, 0x0, 0x4f, 0xff,
    0xff, 0xf3, 0x0, 0x0, 0x0, 0x7, 0xfe, 0x10,
    0x0, 0x8c, 0xa2, 0x1d, 0xf9, 0x0, 0x0, 0x0,
    0x2f, 0xf5, 0x0, 0x0, 0x0, 0x0, 0xd, 0xf8,
    0x0, 0x0, 0x0, 0xcf, 0xb0, 0x0, 0x0, 0x0,
    0x3d, 0xff, 0xa1, 0x0, 0x0, 0x7, 0xfe, 0x10,
    0x0, 0x0, 0x0, 0x3f, 0xff, 0xb2, 0x0, 0x0,
    0x2f, 0xf5, 0x0, 0x0, 0x0, 0x0, 0x0, 0x2c,
    0xfd, 0x0, 0x0, 0xcf, 0xb0, 0x0, 0x0, 0x0,
    0x0, 0x0, 0x7, 0xff, 0x10, 0x7, 0xfe, 0x10,
    0x0, 0x0, 0x0, 0xbd, 0xa3, 0x3d, 0xff, 0x0,
    0x2f, 0xf5, 0x0, 0x1, 0x11, 0x0, 0x7f, 0xff,
    0xff, 0xf7, 0x0, 0xcf, 0xb0, 0x0, 0xe, 0xff,
    0x60, 0x5, 0xcf, 0xec, 0x50, 0x6, 0xfe, 0x10,
    0x0, 0x8f, 0xff, 0x60, 0x0, 0x0, 0x0, 0x0,
    0x2f, 0xf5, 0x0, 0x1, 0xff, 0xff, 0x60, 0x0,
    0x0, 0x0, 0x0, 0xcf, 0xb0, 0x0, 0xa, 0xfa,
    0xcf, 0x60, 0x0, 0x0, 0x0, 0x6, 0xfe, 0x10,
    0x0, 0x3f, 0xf1, 0xcf, 0x60, 0x0, 0x0, 0x0,
    0x2f, 0xf5, 0x0, 0x0, 0xcf, 0x80, 0xcf, 0x60,
    0x0, 0x0, 0x0, 0xcf, 0xb0, 0x0, 0x6, 0xfe,
    0x10, 0xcf, 0x70, 0x0, 0x0, 0x6, 0xfe, 0x10,
    0x0, 0xa, 0xff, 0xff, 0xff, 0xfa, 0x0, 0x0,
    0x2f, 0xf6, 0x0, 0x0, 0xb, 0xff, 0xff, 0xff,
    0xfa, 0x0, 0x0, 0xcf, 0xb0, 0x0, 0x0, 0x0,
    0x0, 0x0, 0xef, 0x60, 0x0, 0x2, 0x88, 0x10,
    0x0, 0x0, 0x0, 0x0, 0x0, 0x78, 0x30,

    /* U+00BF "¿" */
    0x0, 0x0, 0x9, 0xfc, 0x20, 0x0, 0x0, 0x0,
    0x4, 0xff, 0xfa, 0x0, 0x0, 0x0, 0x0, 0x5f,
    0xff, 0xa0, 0x0, 0x0, 0x0, 0x0, 0xcf, 0xe3,
    0x0, 0x0, 0x0, 0x0, 0x0, 0x10, 0x0, 0x0,
    0x0, 0x0, 0x0, 0x0, 0x0, 0x0, 0x0, 0x0,
    0x0, 0x8, 0xaa, 0x10, 0x0, 0x0, 0x0, 0x0,
    0xef, 0xf2, 0x0, 0x0, 0x0, 0x0, 0x2f, 0xff,
    0x10, 0x0, 0x0, 0x0, 0xb, 0xff, 0xd0, 0x0,
    0x0, 0x0, 0x2c, 0xff, 0xf7, 0x0, 0x0, 0x0,
    0x3e, 0xff, 0xf9, 0x0, 0x0, 0x0, 0xe, 0xff,
    0xf6, 0x0, 0x0, 0x0, 0x6, 0xff, 0xf6, 0x0,
    0x0, 0x0, 0x0, 0xaf, 0xfd, 0x0, 0x0, 0x0,
    0x0, 0xb, 0xff, 0xa0, 0x0, 0x2, 0xaa, 0xa0,
    0xaf, 0xfd, 0x0, 0x0, 0x6f, 0xff, 0x6, 0xff,
    0xf8, 0x0, 0x3e, 0xff, 0xb0, 0xd, 0xff, 0xff,
    0xef, 0xff, 0xf3, 0x0, 0x2d, 0xff, 0xff, 0xff,
    0xf5, 0x0, 0x0, 0x7, 0xce, 0xfd, 0x92, 0x0,
    0x0,

    /* U+00C0 "À" */
    0x0, 0x0, 0x1, 0xef, 0xf2, 0x0, 0x0, 0x0,
    0x0, 0x0, 0x0, 0x0, 0x5, 0xff, 0x80, 0x0,
    0x0, 0x0, 0x0, 0x0, 0x0, 0x0, 0xb, 0xff,
    0x0, 0x0, 0x0, 0x0, 0x0, 0x0, 0x0, 0x0,
    0x2f, 0xf6, 0x0, 0x0, 0x0, 0x0, 0x0, 0x0,
    0x0, 0x0, 0x1, 0x0, 0x0, 0x0, 0x0, 0x0,
    0x0, 0x0, 0x0, 0x0, 0x0, 0x0, 0x0, 0x0,
    0x0, 0x0, 0x0, 0x0, 0xe, 0xff, 0xfb, 0x0,
    0x0, 0x0, 0x0, 0x0, 0x0, 0x4, 0xff, 0xff,
    0xf1, 0x0, 0x0, 0x0, 0x0, 0x0, 0x0, 0x9f,
    0xff, 0xff, 0x60, 0x0, 0x0, 0x0, 0x0, 0x0,
    0xe, 0xff, 0xaf, 0xfb, 0x0, 0x0, 0x0, 0x0,
    0x0, 0x4, 0xff, 0xe3, 0xff, 0xf1, 0x0, 0x0,
    0x0, 0x0, 0x0, 0x9f, 0xfa, 0xe, 0xff, 0x60,
    0x0, 0x0, 0x0, 0x0, 0xe, 0xff, 0x60, 0xaf,
    0xfb, 0x0, 0x0, 0x0, 0x0, 0x3, 0xff, 0xf2,
    0x6, 0xff, 0xf1, 0x0, 0x0, 0x0, 0x0, 0x9f,
    0xfe, 0x0, 0x1f, 0xff, 0x60, 0x0, 0x0, 0x0,
    0xe, 0xff, 0x90, 0x0, 0xdf, 0xfc, 0x0, 0x0,
    0x0, 0x3, 0xff, 0xf5, 0x0, 0x8, 0xff, 0xf1,
    0x0, 0x0, 0x0, 0x8f, 0xff, 0x0, 0x0, 0x2f,
    0xff, 0x60, 0x0, 0x0, 0xe, 0xff, 0xfd, 0xdd,
    0xdd, 0xff, 0xfc, 0x0, 0x0, 0x3, 0xff, 0xff,
    0xff, 0xff, 0xff, 0xff, 0xf1, 0x0, 0x0, 0x8f,
    0xff, 0xff, 0xff, 0xff, 0xff, 0xff, 0x70, 0x0,
    0xd, 0xff, 0xb0, 0x0, 0x0, 0x0, 0xdf, 0xfc,
    0x0, 0x3, 0xff, 0xf6, 0x0, 0x0, 0x0, 0x8,
    0xff, 0xf1, 0x0, 0x8f, 0xff, 0x10, 0x0, 0x0,
    0x0, 0x3f, 0xff, 0x70, 0xd, 0xff, 0xc0, 0x0,
    0x0, 0x0, 0x0, 0xef, 0xfc, 0x3, 0xff, 0xf7,
    0x0, 0x0, 0x0, 0x0, 0x9, 0xff, 0xf2,

    /* U+00C1 "Á" */
    0x0, 0x0, 0x0, 0x0, 0x4, 0xff, 0xd0, 0x0,
    0x0, 0x0, 0x0, 0x0, 0x0, 0x0, 0xbf, 0xf3,
    0x0, 0x0, 0x0, 0x0, 0x0, 0x0, 0x0, 0x2f,
    0xf9, 0x0, 0x0, 0x0, 0x0, 0x0, 0x0, 0x0,
    0x9, 0xfe, 0x0, 0x0, 0x0, 0x0, 0x0, 0x0,
    0x0, 0x0, 0x1, 0x0, 0x0, 0x0, 0x0, 0x0,
    0x0, 0x0, 0x0, 0x0, 0x0, 0x0, 0x0, 0x0,
    0x0, 0x0, 0x0, 0x0, 0xe, 0xff, 0xfb, 0x0,
    0x0, 0x0, 0x0, 0x0, 0x0, 0x4, 0xff, 0xff,
    0xf1, 0x0, 0x0, 0x0, 0x0, 0x0, 0x0, 0x9f,
    0xff, 0xff, 0x60, 0x0, 0x0, 0x0, 0x0, 0x0,
    0xe, 0xff, 0xaf, 0xfb, 0x0, 0x0, 0x0, 0x0,
    0x0, 0x4, 0xff, 0xe3, 0xff, 0xf1, 0x0, 0x0,
    0x0, 0x0, 0x0, 0x9f, 0xfa, 0xe, 0xff, 0x60,
    0x0, 0x0, 0x0, 0x0, 0xe, 0xff, 0x60, 0xaf,
    0xfb, 0x0, 0x0, 0x0, 0x0, 0x3, 0xff, 0xf2,
    0x6, 0xff, 0xf1, 0x0, 0x0, 0x0, 0x0, 0x9f,
    0xfe, 0x0, 0x1f, 0xff, 0x60, 0x0, 0x0, 0x0,
    0xe, 0xff, 0x90, 0x0, 0xdf, 0xfc, 0x0, 0x0,
    0x0, 0x3, 0xff, 0xf5, 0x0, 0x8, 0xff, 0xf1,
    0x0, 0x0, 0x0, 0x8f, 0xff, 0x0, 0x0, 0x2f,
    0xff, 0x60, 0x0, 0x0, 0xe, 0xff, 0xfd, 0xdd,
    0xdd, 0xff, 0xfc, 0x0, 0x0, 0x3, 0xff, 0xff,
    0xff, 0xff, 0xff, 0xff, 0xf1, 0x0, 0x0, 0x8f,
    0xff, 0xff, 0xff, 0xff, 0xff, 0xff, 0x70, 0x0,
    0xd, 0xff, 0xb0, 0x0, 0x0, 0x0, 0xdf, 0xfc,
    0x0, 0x3, 0xff, 0xf6, 0x0, 0x0, 0x0, 0x8,
    0xff, 0xf1, 0x0, 0x8f, 0xff, 0x10, 0x0, 0x0,
    0x0, 0x3f, 0xff, 0x70, 0xd, 0xff, 0xc0, 0x0,
    0x0, 0x0, 0x0, 0xef, 0xfc, 0x3, 0xff, 0xf7,
    0x0, 0x0, 0x0, 0x0, 0x9, 0xff, 0xf2,

    /* U+00C2 "Â" */
    0x0, 0x0, 0x0, 0x1, 0x78, 0x70, 0x0, 0x0,
    0x0, 0x0, 0x0, 0x0, 0x1, 0xdf, 0xff, 0xb0,
    0x0, 0x0, 0x0, 0x0, 0x0, 0x1, 0xdf, 0xd4,
    0xef, 0xb0, 0x0, 0x0, 0x0, 0x0, 0x1, 0xdf,
    0xe2, 0x3, 0xff, 0xb0, 0x0, 0x0, 0x0, 0x0,
    0x0, 0x0, 0x0, 0x0, 0x0, 0x0, 0x0, 0x0,
    0x0, 0x0, 0x0, 0x0, 0x0, 0x0, 0x0, 0x0,
    0x0, 0x0, 0x0, 0x0, 0xe, 0xff, 0xfb, 0x0,
    0x0, 0x0, 0x0, 0x0, 0x0, 0x4, 0xff, 0xff,
    0xf1, 0x0, 0x0, 0x0, 0x0, 0x0, 0x0, 0x9f,
    0xff, 0xff, 0x60, 0x0, 0x0, 0x0, 0x0, 0x0,
    0xe, 0xff, 0xaf, 0xfb, 0x0, 0x0, 0x0, 0x0,
    0x0, 0x4, 0xff, 0xe3, 0xff, 0xf1, 0x0, 0x0,
    0x0, 0x0, 0x0, 0x9f, 0xfa, 0xe, 0xff, 0x60,
    0x0, 0x0, 0x0, 0x0, 0xe, 0xff, 0x60, 0xaf,
    0xfb, 0x0, 0x0, 0x0, 0x0, 0x3, 0xff, 0xf2,
    0x6, 0xff, 0xf1, 0x0, 0x0, 0x0, 0x0, 0x9f,
    0xfe, 0x0, 0x1f, 0xff, 0x60, 0x0, 0x0, 0x0,
    0xe, 0xff, 0x90, 0x0, 0xdf, 0xfc, 0x0, 0x0,
    0x0, 0x3, 0xff, 0xf5, 0x0, 0x8, 0xff, 0xf1,
    0x0, 0x0, 0x0, 0x8f, 0xff, 0x0, 0x0, 0x2f,
    0xff, 0x60, 0x0, 0x0, 0xe, 0xff, 0xfd, 0xdd,
    0xdd, 0xff, 0xfc, 0x0, 0x0, 0x3, 0xff, 0xff,
    0xff, 0xff, 0xff, 0xff, 0xf1, 0x0, 0x0, 0x8f,
    0xff, 0xff, 0xff, 0xff, 0xff, 0xff, 0x70, 0x0,
    0xd, 0xff, 0xb0, 0x0, 0x0, 0x0, 0xdf, 0xfc,
    0x0, 0x3, 0xff, 0xf6, 0x0, 0x0, 0x0, 0x8,
    0xff, 0xf1, 0x0, 0x8f, 0xff, 0x10, 0x0, 0x0,
    0x0, 0x3f, 0xff, 0x70, 0xd, 0xff, 0xc0, 0x0,
    0x0, 0x0, 0x0, 0xef, 0xfc, 0x3, 0xff, 0xf7,
    0x0, 0x0, 0x0, 0x0, 0x9, 0xff, 0xf2,

    /* U+00C3 "Ã" */
    0x0, 0x0, 0x0, 0x0, 0x0, 0x0, 0x0, 0x0,
    0x0, 0x0, 0x0, 0x0, 0xa, 0xfe, 0x82, 0x8f,
    0x80, 0x0, 0x0, 0x0, 0x0, 0x6, 0xff, 0xff,
    0xff, 0xf4, 0x0, 0x0, 0x0, 0x0, 0x0, 0xaf,
    0x62, 0x9e, 0xe7, 0x0, 0x0, 0x0, 0x0, 0x0,
    0x0, 0x0, 0x0, 0x0, 0x0, 0x0, 0x0, 0x0,
    0x0, 0x0, 0x0, 0x0, 0x0, 0x0, 0x0, 0x0,
    0x0, 0x0, 0x0, 0x0, 0xe, 0xff, 0xfb, 0x0,
    0x0, 0x0, 0x0, 0x0, 0x0, 0x4, 0xff, 0xff,
    0xf1, 0x0, 0x0, 0x0, 0x0, 0x0, 0x0, 0x9f,
    0xff, 0xff, 0x60, 0x0, 0x0, 0x0, 0x0, 0x0,
    0xe, 0xff, 0xaf, 0xfb, 0x0, 0x0, 0x0, 0x0,
    0x0, 0x4, 0xff, 0xe3, 0xff, 0xf1, 0x0, 0x0,
    0x0, 0x0, 0x0, 0x9f, 0xfa, 0xe, 0xff, 0x60,
    0x0, 0x0, 0x0, 0x0, 0xe, 0xff, 0x60, 0xaf,
    0xfb, 0x0, 0x0, 0x0, 0x0, 0x3, 0xff, 0xf2,
    0x6, 0xff, 0xf1, 0x0, 0x0, 0x0, 0x0, 0x9f,
    0xfe, 0x0, 0x1f, 0xff, 0x60, 0x0, 0x0, 0x0,
    0xe, 0xff, 0x90, 0x0, 0xdf, 0xfc, 0x0, 0x0,
    0x0, 0x3, 0xff, 0xf5, 0x0, 0x8, 0xff, 0xf1,
    0x0, 0x0, 0x0, 0x8f, 0xff, 0x0, 0x0, 0x2f,
    0xff, 0x60, 0x0, 0x0, 0xe, 0xff, 0xfd, 0xdd,
    0xdd, 0xff, 0xfc, 0x0, 0x0, 0x3, 0xff, 0xff,
    0xff, 0xff, 0xff, 0xff, 0xf1, 0x0, 0x0, 0x8f,
    0xff, 0xff, 0xff, 0xff, 0xff, 0xff, 0x70, 0x0,
    0xd, 0xff, 0xb0, 0x0, 0x0, 0x0, 0xdf, 0xfc,
    0x0, 0x3, 0xff, 0xf6, 0x0, 0x0, 0x0, 0x8,
    0xff, 0xf1, 0x0, 0x8f, 0xff, 0x10, 0x0, 0x0,
    0x0, 0x3f, 0xff, 0x70, 0xd, 0xff, 0xc0, 0x0,
    0x0, 0x0, 0x0, 0xef, 0xfc, 0x3, 0xff, 0xf7,
    0x0, 0x0, 0x0, 0x0, 0x9, 0xff, 0xf2,

    /* U+00C4 "Ä" */
    0x0, 0x0, 0x2, 0x95, 0x0, 0x6, 0x81, 0x0,
    0x0, 0x0, 0x0, 0x0, 0xef, 0xf4, 0x6, 0xff,
    0xc0, 0x0, 0x0, 0x0, 0x0, 0xf, 0xff, 0x50,
    0x7f, 0xfe, 0x0, 0x0, 0x0, 0x0, 0x0, 0x7f,
    0xb0, 0x1, 0xce, 0x50, 0x0, 0x0, 0x0, 0x0,
    0x0, 0x0, 0x0, 0x0, 0x0, 0x0, 0x0, 0x0,
    0x0, 0x0, 0x0, 0x0, 0x0, 0x0, 0x0, 0x0,
    0x0, 0x0, 0x0, 0x0, 0xe, 0xff, 0xfb, 0x0,
    0x0, 0x0, 0x0, 0x0, 0x0, 0x4, 0xff, 0xff,
    0xf1, 0x0, 0x0, 0x0, 0x0, 0x0, 0x0, 0x9f,
    0xff, 0xff, 0x60, 0x0, 0x0, 0x0, 0x0, 0x0,
    0xe, 0xff, 0xaf, 0xfb, 0x0, 0x0, 0x0, 0x0,
    0x0, 0x4, 0xff, 0xe3, 0xff, 0xf1, 0x0, 0x0,
    0x0, 0x0, 0x0, 0x9f, 0xfa, 0xe, 0xff, 0x60,
    0x0, 0x0, 0x0, 0x0, 0xe, 0xff, 0x60, 0xaf,
    0xfb, 0x0, 0x0, 0x0, 0x0, 0x3, 0xff, 0xf2,
    0x6, 0xff, 0xf1, 0x0, 0x0, 0x0, 0x0, 0x9f,
    0xfe, 0x0, 0x1f, 0xff, 0x60, 0x0, 0x0, 0x0,
    0xe, 0xff, 0x90, 0x0, 0xdf, 0xfc, 0x0, 0x0,
    0x0, 0x3, 0xff, 0xf5, 0x0, 0x8, 0xff, 0xf1,
    0x0, 0x0, 0x0, 0x8f, 0xff, 0x0, 0x0, 0x2f,
    0xff, 0x60, 0x0, 0x0, 0xe, 0xff, 0xfd, 0xdd,
    0xdd, 0xff, 0xfc, 0x0, 0x0, 0x3, 0xff, 0xff,
    0xff, 0xff, 0xff, 0xff, 0xf1, 0x0, 0x0, 0x8f,
    0xff, 0xff, 0xff, 0xff, 0xff, 0xff, 0x70, 0x0,
    0xd, 0xff, 0xb0, 0x0, 0x0, 0x0, 0xdf, 0xfc,
    0x0, 0x3, 0xff, 0xf6, 0x0, 0x0, 0x0, 0x8,
    0xff, 0xf1, 0x0, 0x8f, 0xff, 0x10, 0x0, 0x0,
    0x0, 0x3f, 0xff, 0x70, 0xd, 0xff, 0xc0, 0x0,
    0x0, 0x0, 0x0, 0xef, 0xfc, 0x3, 0xff, 0xf7,
    0x0, 0x0, 0x0, 0x0, 0x9, 0xff, 0xf2,

    /* U+00C5 "Å" */
    0x0, 0x0, 0x0, 0x6, 0xdf, 0xc4, 0x0, 0x0,
    0x0, 0x0, 0x0, 0x0, 0x6, 0xff, 0xcf, 0xf4,
    0x0, 0x0, 0x0, 0x0, 0x0, 0x0, 0xdf, 0x20,
    0x4f, 0xb0, 0x0, 0x0, 0x0, 0x0, 0x0, 0xf,
    0xf0, 0x1, 0xfd, 0x0, 0x0, 0x0, 0x0, 0x0,
    0x0, 0xcf, 0x60, 0x8f, 0xa0, 0x0, 0x0, 0x0,
    0x0, 0x0, 0x3, 0xff, 0xff, 0xe1, 0x0, 0x0,
    0x0, 0x0, 0x0, 0x0, 0x2, 0x8a, 0x81, 0x0,
    0x0, 0x0, 0x0, 0x0, 0x0, 0x0, 0xef, 0xff,
    0xb0, 0x0, 0x0, 0x0, 0x0, 0x0, 0x0, 0x4f,
    0xff, 0xff, 0x10, 0x0, 0x0, 0x0, 0x0, 0x0,
    0x9, 0xff, 0xff, 0xf6, 0x0, 0x0, 0x0, 0x0,
    0x0, 0x0, 0xef, 0xfa, 0xff, 0xb0, 0x0, 0x0,
    0x0, 0x0, 0x0, 0x4f, 0xfe, 0x3f, 0xff, 0x10,
    0x0, 0x0, 0x0, 0x0, 0x9, 0xff, 0xa0, 0xef,
    0xf6, 0x0, 0x0, 0x0, 0x0, 0x0, 0xef, 0xf6,
    0xa, 0xff, 0xb0, 0x0, 0x0, 0x0, 0x0, 0x3f,
    0xff, 0x20, 0x6f, 0xff, 0x10, 0x0, 0x0, 0x0,
    0x9, 0xff, 0xe0, 0x1, 0xff, 0xf6, 0x0, 0x0,
    0x0, 0x0, 0xef, 0xf9, 0x0, 0xd, 0xff, 0xc0,
    0x0, 0x0, 0x0, 0x3f, 0xff, 0x50, 0x0, 0x8f,
    0xff, 0x10, 0x0, 0x0, 0x8, 0xff, 0xf0, 0x0,
    0x2, 0xff, 0xf6, 0x0, 0x0, 0x0, 0xef, 0xff,
    0xdd, 0xdd, 0xdf, 0xff, 0xc0, 0x0, 0x0, 0x3f,
    0xff, 0xff, 0xff, 0xff, 0xff, 0xff, 0x10, 0x0,
    0x8, 0xff, 0xff, 0xff, 0xff, 0xff, 0xff, 0xf7,
    0x0, 0x0, 0xdf, 0xfb, 0x0, 0x0, 0x0, 0xd,
    0xff, 0xc0, 0x0, 0x3f, 0xff, 0x60, 0x0, 0x0,
    0x0, 0x8f, 0xff, 0x10, 0x8, 0xff, 0xf1, 0x0,
    0x0, 0x0, 0x3, 0xff, 0xf7, 0x0, 0xdf, 0xfc,
    0x0, 0x0, 0x0, 0x0, 0xe, 0xff, 0xc0, 0x3f,
    0xff, 0x70, 0x0, 0x0, 0x0, 0x0, 0x9f, 0xff,
    0x20,

    /* U+00C6 "Æ" */
    0x0, 0x0, 0x0, 0x0, 0x1f, 0xff, 0xff, 0xff,
    0xff, 0xff, 0xff, 0xff, 0xc0, 0x0, 0x0, 0x0,
    0x8, 0xff, 0xff, 0xff, 0xff, 0xff, 0xff, 0xff,
    0xfc, 0x0, 0x0, 0x0, 0x0, 0xef, 0xf9, 0x8f,
    0xff, 0xff, 0xff, 0xff, 0xff, 0xc0, 0x0, 0x0,
    0x0, 0x6f, 0xff, 0x15, 0xff, 0xe0, 0x0, 0x0,
    0x0, 0x0, 0x0, 0x0, 0x0, 0xc, 0xff, 0xb0,
    0x5f, 0xfe, 0x0, 0x0, 0x0, 0x0, 0x0, 0x0,
    0x0, 0x3, 0xff, 0xf4, 0x5, 0xff, 0xe0, 0x0,
    0x0, 0x0, 0x0, 0x0, 0x0, 0x0, 0xaf, 0xfe,
    0x0, 0x5f, 0xfe, 0x0, 0x0, 0x0, 0x0, 0x0,
    0x0, 0x0, 0x1f, 0xff, 0x70, 0x5, 0xff, 0xe0,
    0x0, 0x0, 0x0, 0x0, 0x0, 0x0, 0x7, 0xff,
    0xf1, 0x0, 0x5f, 0xfe, 0x0, 0x0, 0x0, 0x0,
    0x0, 0x0, 0x0, 0xef, 0xfa, 0x0, 0x5, 0xff,
    0xff, 0xff, 0xff, 0xff, 0xf2, 0x0, 0x0, 0x5f,
    0xff, 0x40, 0x0, 0x5f, 0xff, 0xff, 0xff, 0xff,
    0xff, 0x20, 0x0, 0xc, 0xff, 0xd0, 0x0, 0x5,
    0xff, 0xff, 0xff, 0xff, 0xff, 0xf2, 0x0, 0x2,
    0xff, 0xfd, 0xaa, 0xaa, 0xcf, 0xfe, 0x0, 0x0,
    0x0, 0x0, 0x0, 0x0, 0x9f, 0xff, 0xff, 0xff,
    0xff, 0xff, 0xe0, 0x0, 0x0, 0x0, 0x0, 0x0,
    0x1f, 0xff, 0xff, 0xff, 0xff, 0xff, 0xfe, 0x0,
    0x0, 0x0, 0x0, 0x0, 0x7, 0xff, 0xf3, 0x0,
    0x0, 0x5, 0xff, 0xe0, 0x0, 0x0, 0x0, 0x0,
    0x0, 0xdf, 0xfc, 0x0, 0x0, 0x0, 0x5f, 0xfe,
    0x0, 0x0, 0x0, 0x0, 0x0, 0x4f, 0xff, 0x60,
    0x0, 0x0, 0x5, 0xff, 0xff, 0xff, 0xff, 0xff,
    0xfd, 0xb, 0xff, 0xf0, 0x0, 0x0, 0x0, 0x5f,
    0xff, 0xff, 0xff, 0xff, 0xff, 0xd2, 0xff, 0xf9,
    0x0, 0x0, 0x0, 0x5, 0xff, 0xff, 0xff, 0xff,
    0xff, 0xfd,

    /* U+00C7 "Ç" */
    0x0, 0x0, 0x4, 0xad, 0xff, 0xd9, 0x40, 0x0,
    0x0, 0x0, 0x2c, 0xff, 0xff, 0xff, 0xff, 0xb1,
    0x0, 0x0, 0x2e, 0xff, 0xff, 0xff, 0xff, 0xff,
    0xd1, 0x0, 0xd, 0xff, 0xfd, 0x63, 0x36, 0xdf,
    0xff, 0xb0, 0x7, 0xff, 0xfa, 0x0, 0x0, 0x0,
    0xaf, 0xff, 0x40, 0xef, 0xfc, 0x0, 0x0, 0x0,
    0x0, 0xef, 0xf9, 0x3f, 0xff, 0x40, 0x0, 0x0,
    0x0, 0x7, 0xcc, 0xa7, 0xff, 0xf0, 0x0, 0x0,
    0x0, 0x0, 0x0, 0x0, 0x9f, 0xfc, 0x0, 0x0,
    0x0, 0x0, 0x0, 0x0, 0xa, 0xff, 0xb0, 0x0,
    0x0, 0x0, 0x0, 0x0, 0x0, 0xaf, 0xfb, 0x0,
    0x0, 0x0, 0x0, 0x0, 0x0, 0x9, 0xff, 0xc0,
    0x0, 0x0, 0x0, 0x0, 0x0, 0x0, 0x7f, 0xff,
    0x0, 0x0, 0x0, 0x0, 0x0, 0x0, 0x4, 0xff,
    0xf4, 0x0, 0x0, 0x0, 0x0, 0x7c, 0xca, 0xe,
    0xff, 0xc0, 0x0, 0x0, 0x0, 0xe, 0xff, 0x90,
    0x7f, 0xff, 0x90, 0x0, 0x0, 0xa, 0xff, 0xf3,
    0x0, 0xdf, 0xff, 0xd6, 0x33, 0x6d, 0xff, 0xfb,
    0x0, 0x2, 0xef, 0xff, 0xff, 0xff, 0xff, 0xfd,
    0x0, 0x0, 0x2, 0xcf, 0xff, 0xff, 0xff, 0xfa,
    0x10, 0x0, 0x0, 0x0, 0x4a, 0xdf, 0xfd, 0x93,
    0x0, 0x0, 0x0, 0x0, 0x0, 0x0, 0xe9, 0x0,
    0x0, 0x0, 0x0, 0x0, 0x0, 0x0, 0xf, 0xfc,
    0x30, 0x0, 0x0, 0x0, 0x0, 0x0, 0x1, 0x8a,
    0xfd, 0x0, 0x0, 0x0, 0x0, 0x0, 0x0, 0x0,
    0xe, 0xf0, 0x0, 0x0, 0x0, 0x0, 0x0, 0x5,
    0x8a, 0xfd, 0x0, 0x0, 0x0, 0x0, 0x0, 0x0,
    0xaf, 0xfc, 0x30, 0x0, 0x0,

    /* U+00C8 "È" */
    0x0, 0x5, 0xff, 0xc0, 0x0, 0x0, 0x0, 0x0,
    0x0, 0xbf, 0xf3, 0x0, 0x0, 0x0, 0x0, 0x0,
    0x2f, 0xfa, 0x0, 0x0, 0x0, 0x0, 0x0, 0x7,
    0xff, 0x10, 0x0, 0x0, 0x0, 0x0, 0x0, 0x11,
    0x0, 0x0, 0x0, 0x0, 0x0, 0x0, 0x0, 0x0,
    0x0, 0x0, 0x1f, 0xff, 0xff, 0xff, 0xff, 0xff,
    0xf3, 0x1f, 0xff, 0xff, 0xff, 0xff, 0xff, 0xf3,
    0x1f, 0xff, 0xff, 0xff, 0xff, 0xff, 0xf2, 0x1f,
    0xff, 0x40, 0x0, 0x0, 0x0, 0x0, 0x1f, 0xff,
    0x40, 0x0, 0x0, 0x0, 0x0, 0x1f, 0xff, 0x40,
    0x0, 0x0, 0x0, 0x0, 0x1f, 0xff, 0x40, 0x0,
    0x0, 0x0, 0x0, 0x1f, 0xff, 0x40, 0x0, 0x0,
    0x0, 0x0, 0x1f, 0xff, 0x40, 0x0, 0x0, 0x0,
    0x0, 0x1f, 0xff, 0xff, 0xff, 0xff, 0xff, 0x80,
    0x1f, 0xff, 0xff, 0xff, 0xff, 0xff, 0x80, 0x1f,
    0xff, 0xff, 0xff, 0xff, 0xff, 0x80, 0x1f, 0xff,
    0x40, 0x0, 0x0, 0x0, 0x0, 0x1f, 0xff, 0x40,
    0x0, 0x0, 0x0, 0x0, 0x1f, 0xff, 0x40, 0x0,
    0x0, 0x0, 0x0, 0x1f, 0xff, 0x40, 0x0, 0x0,
    0x0, 0x0, 0x1f, 0xff, 0x40, 0x0, 0x0, 0x0,
    0x0, 0x1f, 0xff, 0xff, 0xff, 0xff, 0xff, 0xf3,
    0x1f, 0xff, 0xff, 0xff, 0xff, 0xff, 0xf4, 0x1f,
    0xff, 0xff, 0xff, 0xff, 0xff, 0xf4,

    /* U+00C9 "É" */
    0x0, 0x0, 0x0, 0xa, 0xff, 0x70, 0x0, 0x0,
    0x0, 0x0, 0x1f, 0xfd, 0x0, 0x0, 0x0, 0x0,
    0x0, 0x7f, 0xf3, 0x0, 0x0, 0x0, 0x0, 0x0,
    0xef, 0x90, 0x0, 0x0, 0x0, 0x0, 0x0, 0x11,
    0x0, 0x0, 0x0, 0x0, 0x0, 0x0, 0x0, 0x0,
    0x0, 0x0, 0x1f, 0xff, 0xff, 0xff, 0xff, 0xff,
    0xf3, 0x1f, 0xff, 0xff, 0xff, 0xff, 0xff, 0xf3,
    0x1f, 0xff, 0xff, 0xff, 0xff, 0xff, 0xf2, 0x1f,
    0xff, 0x40, 0x0, 0x0, 0x0, 0x0, 0x1f, 0xff,
    0x40, 0x0, 0x0, 0x0, 0x0, 0x1f, 0xff, 0x40,
    0x0, 0x0, 0x0, 0x0, 0x1f, 0xff, 0x40, 0x0,
    0x0, 0x0, 0x0, 0x1f, 0xff, 0x40, 0x0, 0x0,
    0x0, 0x0, 0x1f, 0xff, 0x40, 0x0, 0x0, 0x0,
    0x0, 0x1f, 0xff, 0xff, 0xff, 0xff, 0xff, 0x80,
    0x1f, 0xff, 0xff, 0xff, 0xff, 0xff, 0x80, 0x1f,
    0xff, 0xff, 0xff, 0xff, 0xff, 0x80, 0x1f, 0xff,
    0x40, 0x0, 0x0, 0x0, 0x0, 0x1f, 0xff, 0x40,
    0x0, 0x0, 0x0, 0x0, 0x1f, 0xff, 0x40, 0x0,
    0x0, 0x0, 0x0, 0x1f, 0xff, 0x40, 0x0, 0x0,
    0x0, 0x0, 0x1f, 0xff, 0x40, 0x0, 0x0, 0x0,
    0x0, 0x1f, 0xff, 0xff, 0xff, 0xff, 0xff, 0xf3,
    0x1f, 0xff, 0xff, 0xff, 0xff, 0xff, 0xf4, 0x1f,
    0xff, 0xff, 0xff, 0xff, 0xff, 0xf4,

    /* U+00CA "Ê" */
    0x0, 0x0, 0x4, 0x88, 0x50, 0x0, 0x0, 0x0,
    0x0, 0x4f, 0xff, 0xf6, 0x0, 0x0, 0x0, 0x4,
    0xff, 0x97, 0xff, 0x60, 0x0, 0x0, 0x4f, 0xfb,
    0x0, 0x8f, 0xf5, 0x0, 0x0, 0x0, 0x0, 0x0,
    0x0, 0x0, 0x0, 0x0, 0x0, 0x0, 0x0, 0x0,
    0x0, 0x0, 0x1f, 0xff, 0xff, 0xff, 0xff, 0xff,
    0xf3, 0x1f, 0xff, 0xff, 0xff, 0xff, 0xff, 0xf3,
    0x1f, 0xff, 0xff, 0xff, 0xff, 0xff, 0xf2, 0x1f,
    0xff, 0x40, 0x0, 0x0, 0x0, 0x0, 0x1f, 0xff,
    0x40, 0x0, 0x0, 0x0, 0x0, 0x1f, 0xff, 0x40,
    0x0, 0x0, 0x0, 0x0, 0x1f, 0xff, 0x40, 0x0,
    0x0, 0x0, 0x0, 0x1f, 0xff, 0x40, 0x0, 0x0,
    0x0, 0x0, 0x1f, 0xff, 0x40, 0x0, 0x0, 0x0,
    0x0, 0x1f, 0xff, 0xff, 0xff, 0xff, 0xff, 0x80,
    0x1f, 0xff, 0xff, 0xff, 0xff, 0xff, 0x80, 0x1f,
    0xff, 0xff, 0xff, 0xff, 0xff, 0x80, 0x1f, 0xff,
    0x40, 0x0, 0x0, 0x0, 0x0, 0x1f, 0xff, 0x40,
    0x0, 0x0, 0x0, 0x0, 0x1f, 0xff, 0x40, 0x0,
    0x0, 0x0, 0x0, 0x1f, 0xff, 0x40, 0x0, 0x0,
    0x0, 0x0, 0x1f, 0xff, 0x40, 0x0, 0x0, 0x0,
    0x0, 0x1f, 0xff, 0xff, 0xff, 0xff, 0xff, 0xf3,
    0x1f, 0xff, 0xff, 0xff, 0xff, 0xff, 0xf4, 0x1f,
    0xff, 0xff, 0xff, 0xff, 0xff, 0xf4,

    /* U+00CB "Ë" */
    0x0, 0x5, 0x92, 0x0, 0x18, 0x70, 0x0, 0x0,
    0x4f, 0xfe, 0x0, 0xbf, 0xf6, 0x0, 0x0, 0x5f,
    0xff, 0x0, 0xdf, 0xf8, 0x0, 0x0, 0xb, 0xf7,
    0x0, 0x5e, 0xd1, 0x0, 0x0, 0x0, 0x0, 0x0,
    0x0, 0x0, 0x0, 0x0, 0x0, 0x0, 0x0, 0x0,
    0x0, 0x0, 0x1f, 0xff, 0xff, 0xff, 0xff, 0xff,
    0xf3, 0x1f, 0xff, 0xff, 0xff, 0xff, 0xff, 0xf3,
    0x1f, 0xff, 0xff, 0xff, 0xff, 0xff, 0xf2, 0x1f,
    0xff, 0x40, 0x0, 0x0, 0x0, 0x0, 0x1f, 0xff,
    0x40, 0x0, 0x0, 0x0, 0x0, 0x1f, 0xff, 0x40,
    0x0, 0x0, 0x0, 0x0, 0x1f, 0xff, 0x40, 0x0,
    0x0, 0x0, 0x0, 0x1f, 0xff, 0x40, 0x0, 0x0,
    0x0, 0x0, 0x1f, 0xff, 0x40, 0x0, 0x0, 0x0,
    0x0, 0x1f, 0xff, 0xff, 0xff, 0xff, 0xff, 0x80,
    0x1f, 0xff, 0xff, 0xff, 0xff, 0xff, 0x80, 0x1f,
    0xff, 0xff, 0xff, 0xff, 0xff, 0x80, 0x1f, 0xff,
    0x40, 0x0, 0x0, 0x0, 0x0, 0x1f, 0xff, 0x40,
    0x0, 0x0, 0x0, 0x0, 0x1f, 0xff, 0x40, 0x0,
    0x0, 0x0, 0x0, 0x1f, 0xff, 0x40, 0x0, 0x0,
    0x0, 0x0, 0x1f, 0xff, 0x40, 0x0, 0x0, 0x0,
    0x0, 0x1f, 0xff, 0xff, 0xff, 0xff, 0xff, 0xf3,
    0x1f, 0xff, 0xff, 0xff, 0xff, 0xff, 0xf4, 0x1f,
    0xff, 0xff, 0xff, 0xff, 0xff, 0xf4,

    /* U+00CC "Ì" */
    0xc, 0xff, 0x40, 0x0, 0x3f, 0xfb, 0x0, 0x0,
    0x8f, 0xf2, 0x0, 0x0, 0xef, 0x90, 0x0, 0x0,
    0x10, 0x0, 0x0, 0x0, 0x0, 0x0, 0x1f, 0xff,
    0x40, 0x1, 0xff, 0xf4, 0x0, 0x1f, 0xff, 0x40,
    0x1, 0xff, 0xf4, 0x0, 0x1f, 0xff, 0x40, 0x1,
    0xff, 0xf4, 0x0, 0x1f, 0xff, 0x40, 0x1, 0xff,
    0xf4, 0x0, 0x1f, 0xff, 0x40, 0x1, 0xff, 0xf4,
    0x0, 0x1f, 0xff, 0x40, 0x1, 0xff, 0xf4, 0x0,
    0x1f, 0xff, 0x40, 0x1, 0xff, 0xf4, 0x0, 0x1f,
    0xff, 0x40, 0x1, 0xff, 0xf4, 0x0, 0x1f, 0xff,
    0x40, 0x1, 0xff, 0xf4, 0x0, 0x1f, 0xff, 0x40,
    0x1, 0xff, 0xf4,

    /* U+00CD "Í" */
    0x0, 0x1f, 0xfe, 0x10, 0x8, 0xff, 0x50, 0x0,
    0xef, 0xb0, 0x0, 0x6f, 0xf2, 0x0, 0x0, 0x10,
    0x0, 0x0, 0x0, 0x0, 0x0, 0x1f, 0xff, 0x40,
    0x1, 0xff, 0xf4, 0x0, 0x1f, 0xff, 0x40, 0x1,
    0xff, 0xf4, 0x0, 0x1f, 0xff, 0x40, 0x1, 0xff,
    0xf4, 0x0, 0x1f, 0xff, 0x40, 0x1, 0xff, 0xf4,
    0x0, 0x1f, 0xff, 0x40, 0x1, 0xff, 0xf4, 0x0,
    0x1f, 0xff, 0x40, 0x1, 0xff, 0xf4, 0x0, 0x1f,
    0xff, 0x40, 0x1, 0xff, 0xf4, 0x0, 0x1f, 0xff,
    0x40, 0x1, 0xff, 0xf4, 0x0, 0x1f, 0xff, 0x40,
    0x1, 0xff, 0xf4, 0x0, 0x1f, 0xff, 0x40, 0x1,
    0xff, 0xf4, 0x0,

    /* U+00CE "Î" */
    0x0, 0x0, 0x78, 0x71, 0x0, 0x0, 0x0, 0xbf,
    0xff, 0xd1, 0x0, 0x0, 0xbf, 0xf4, 0xdf, 0xd1,
    0x0, 0xbf, 0xf4, 0x2, 0xef, 0xc1, 0x0, 0x0,
    0x0, 0x0, 0x0, 0x0, 0x0, 0x0, 0x0, 0x0,
    0x0, 0x0, 0x1, 0xff, 0xf4, 0x0, 0x0, 0x0,
    0x1f, 0xff, 0x40, 0x0, 0x0, 0x1, 0xff, 0xf4,
    0x0, 0x0, 0x0, 0x1f, 0xff, 0x40, 0x0, 0x0,
    0x1, 0xff, 0xf4, 0x0, 0x0, 0x0, 0x1f, 0xff,
    0x40, 0x0, 0x0, 0x1, 0xff, 0xf4, 0x0, 0x0,
    0x0, 0x1f, 0xff, 0x40, 0x0, 0x0, 0x1, 0xff,
    0xf4, 0x0, 0x0, 0x0, 0x1f, 0xff, 0x40, 0x0,
    0x0, 0x1, 0xff, 0xf4, 0x0, 0x0, 0x0, 0x1f,
    0xff, 0x40, 0x0, 0x0, 0x1, 0xff, 0xf4, 0x0,
    0x0, 0x0, 0x1f, 0xff, 0x40, 0x0, 0x0, 0x1,
    0xff, 0xf4, 0x0, 0x0, 0x0, 0x1f, 0xff, 0x40,
    0x0, 0x0, 0x1, 0xff, 0xf4, 0x0, 0x0, 0x0,
    0x1f, 0xff, 0x40, 0x0, 0x0, 0x1, 0xff, 0xf4,
    0x0, 0x0, 0x0, 0x1f, 0xff, 0x40, 0x0,

    /* U+00CF "Ï" */
    0x18, 0x60, 0x0, 0x59, 0x30, 0xbf, 0xf6, 0x3,
    0xff, 0xe0, 0xdf, 0xf8, 0x5, 0xff, 0xf1, 0x5e,
    0xc1, 0x0, 0xbf, 0x70, 0x0, 0x0, 0x0, 0x0,
    0x0, 0x0, 0x0, 0x0, 0x0, 0x0, 0x0, 0x1f,
    0xff, 0x40, 0x0, 0x0, 0x1f, 0xff, 0x40, 0x0,
    0x0, 0x1f, 0xff, 0x40, 0x0, 0x0, 0x1f, 0xff,
    0x40, 0x0, 0x0, 0x1f, 0xff, 0x40, 0x0, 0x0,
    0x1f, 0xff, 0x40, 0x0, 0x0, 0x1f, 0xff, 0x40,
    0x0, 0x0, 0x1f, 0xff, 0x40, 0x0, 0x0, 0x1f,
    0xff, 0x40, 0x0, 0x0, 0x1f, 0xff, 0x40, 0x0,
    0x0, 0x1f, 0xff, 0x40, 0x0, 0x0, 0x1f, 0xff,
    0x40, 0x0, 0x0, 0x1f, 0xff, 0x40, 0x0, 0x0,
    0x1f, 0xff, 0x40, 0x0, 0x0, 0x1f, 0xff, 0x40,
    0x0, 0x0, 0x1f, 0xff, 0x40, 0x0, 0x0, 0x1f,
    0xff, 0x40, 0x0, 0x0, 0x1f, 0xff, 0x40, 0x0,
    0x0, 0x1f, 0xff, 0x40, 0x0, 0x0, 0x1f, 0xff,
    0x40, 0x0,

    /* U+00D0 "Ð" */
    0x0, 0x5f, 0xff, 0xff, 0xff, 0xec, 0x71, 0x0,
    0x0, 0x0, 0x5, 0xff, 0xff, 0xff, 0xff, 0xff,
    0xf7, 0x0, 0x0, 0x0, 0x5f, 0xff, 0xff, 0xff,
    0xff, 0xff, 0xfa, 0x0, 0x0, 0x5, 0xff, 0xf1,
    0x11, 0x13, 0x8e, 0xff, 0xf7, 0x0, 0x0, 0x5f,
    0xff, 0x10, 0x0, 0x0, 0x1d, 0xff, 0xf1, 0x0,
    0x5, 0xff, 0xf1, 0x0, 0x0, 0x0, 0x2f, 0xff,
    0x70, 0x0, 0x5f, 0xff, 0x10, 0x0, 0x0, 0x0,
    0xaf, 0xfc, 0x0, 0x5, 0xff, 0xf1, 0x0, 0x0,
    0x0, 0x6, 0xff, 0xf0, 0x0, 0x5f, 0xff, 0x10,
    0x0, 0x0, 0x0, 0x3f, 0xff, 0x2c, 0xff, 0xff,
    0xff, 0xff, 0xf6, 0x0, 0x2, 0xff, 0xf3, 0xcf,
    0xff, 0xff, 0xff, 0xff, 0x60, 0x0, 0x2f, 0xff,
    0x35, 0x7d, 0xff, 0xf8, 0x77, 0x73, 0x0, 0x3,
    0xff, 0xf2, 0x0, 0x5f, 0xff, 0x10, 0x0, 0x0,
    0x0, 0x6f, 0xff, 0x0, 0x5, 0xff, 0xf1, 0x0,
    0x0, 0x0, 0xb, 0xff, 0xc0, 0x0, 0x5f, 0xff,
    0x10, 0x0, 0x0, 0x2, 0xff, 0xf7, 0x0, 0x5,
    0xff, 0xf1, 0x0, 0x0, 0x1, 0xdf, 0xff, 0x10,
    0x0, 0x5f, 0xff, 0x11, 0x11, 0x38, 0xff, 0xff,
    0x60, 0x0, 0x5, 0xff, 0xff, 0xff, 0xff, 0xff,
    0xff, 0x90, 0x0, 0x0, 0x5f, 0xff, 0xff, 0xff,
    0xff, 0xff, 0x70, 0x0, 0x0, 0x5, 0xff, 0xff,
    0xff, 0xfe, 0xb7, 0x10, 0x0, 0x0,

    /* U+00D1 "Ñ" */
    0x0, 0x0, 0x0, 0x0, 0x0, 0x0, 0x0, 0x0,
    0x0, 0x0, 0x0, 0x5e, 0xfb, 0x42, 0xff, 0x0,
    0x0, 0x0, 0x0, 0xe, 0xff, 0xff, 0xff, 0xb0,
    0x0, 0x0, 0x0, 0x3, 0xfc, 0x16, 0xcf, 0xc1,
    0x0, 0x0, 0x0, 0x0, 0x0, 0x0, 0x0, 0x0,
    0x0, 0x0, 0x0, 0x0, 0x0, 0x0, 0x0, 0x0,
    0x0, 0x0, 0x0, 0x1f, 0xff, 0xf1, 0x0, 0x0,
    0x0, 0x9, 0xff, 0xd1, 0xff, 0xff, 0xa0, 0x0,
    0x0, 0x0, 0x9f, 0xfd, 0x1f, 0xff, 0xff, 0x30,
    0x0, 0x0, 0x9, 0xff, 0xd1, 0xff, 0xff, 0xfc,
    0x0, 0x0, 0x0, 0x9f, 0xfd, 0x1f, 0xff, 0xef,
    0xf6, 0x0, 0x0, 0x9, 0xff, 0xd1, 0xff, 0xf7,
    0xff, 0xe1, 0x0, 0x0, 0x9f, 0xfd, 0x1f, 0xff,
    0x3d, 0xff, 0x90, 0x0, 0x9, 0xff, 0xd1, 0xff,
    0xf4, 0x5f, 0xff, 0x30, 0x0, 0x9f, 0xfd, 0x1f,
    0xff, 0x50, 0xcf, 0xfc, 0x0, 0x9, 0xff, 0xd1,
    0xff, 0xf5, 0x3, 0xff, 0xf6, 0x0, 0x9f, 0xfd,
    0x1f, 0xff, 0x50, 0xa, 0xff, 0xe0, 0x9, 0xff,
    0xd1, 0xff, 0xf5, 0x0, 0x1f, 0xff, 0x80, 0x9f,
    0xfd, 0x1f, 0xff, 0x50, 0x0, 0x7f, 0xff, 0x19,
    0xff, 0xd1, 0xff, 0xf5, 0x0, 0x0, 0xdf, 0xf9,
    0x8f, 0xfd, 0x1f, 0xff, 0x50, 0x0, 0x4, 0xff,
    0xf9, 0xff, 0xd1, 0xff, 0xf5, 0x0, 0x0, 0xb,
    0xff, 0xef, 0xfd, 0x1f, 0xff, 0x50, 0x0, 0x0,
    0x2f, 0xff, 0xff, 0xd1, 0xff, 0xf5, 0x0, 0x0,
    0x0, 0x8f, 0xff, 0xfd, 0x1f, 0xff, 0x50, 0x0,
    0x0, 0x0, 0xdf, 0xff, 0xd1, 0xff, 0xf5, 0x0,
    0x0, 0x0, 0x5, 0xff, 0xfd,

    /* U+00D2 "Ò" */
    0x0, 0x0, 0x6, 0xff, 0xa0, 0x0, 0x0, 0x0,
    0x0, 0x0, 0x0, 0x0, 0xcf, 0xf2, 0x0, 0x0,
    0x0, 0x0, 0x0, 0x0, 0x0, 0x2f, 0xf8, 0x0,
    0x0, 0x0, 0x0, 0x0, 0x0, 0x0, 0x8, 0xff,
    0x0, 0x0, 0x0, 0x0, 0x0, 0x0, 0x0, 0x0,
    0x11, 0x0, 0x0, 0x0, 0x0, 0x0, 0x0, 0x0,
    0x0, 0x0, 0x0, 0x0, 0x0, 0x0, 0x0, 0x0,
    0x4, 0xad, 0xff, 0xda, 0x40, 0x0, 0x0, 0x0,
    0x1, 0xcf, 0xff, 0xff, 0xff, 0xfb, 0x10, 0x0,
    0x0, 0x2e, 0xff, 0xff, 0xff, 0xff, 0xff, 0xe2,
    0x0, 0x0, 0xdf, 0xff, 0xd6, 0x33, 0x6d, 0xff,
    0xfd, 0x0, 0x7, 0xff, 0xf9, 0x0, 0x0, 0x0,
    0xaf, 0xff, 0x70, 0xe, 0xff, 0xc0, 0x0, 0x0,
    0x0, 0xd, 0xff, 0xe0, 0x3f, 0xff, 0x40, 0x0,
    0x0, 0x0, 0x5, 0xff, 0xf3, 0x7f, 0xff, 0x0,
    0x0, 0x0, 0x0, 0x0, 0xff, 0xf7, 0x9f, 0xfc,
    0x0, 0x0, 0x0, 0x0, 0x0, 0xdf, 0xf9, 0xaf,
    0xfb, 0x0, 0x0, 0x0, 0x0, 0x0, 0xcf, 0xfa,
    0xaf, 0xfb, 0x0, 0x0, 0x0, 0x0, 0x0, 0xcf,
    0xfa, 0x9f, 0xfc, 0x0, 0x0, 0x0, 0x0, 0x0,
    0xdf, 0xf9, 0x7f, 0xff, 0x0, 0x0, 0x0, 0x0,
    0x0, 0xff, 0xf7, 0x3f, 0xff, 0x40, 0x0, 0x0,
    0x0, 0x5, 0xff, 0xf3, 0xe, 0xff, 0xc0, 0x0,
    0x0, 0x0, 0xd, 0xff, 0xe0, 0x7, 0xff, 0xf9,
    0x0, 0x0, 0x0, 0xaf, 0xff, 0x70, 0x0, 0xdf,
    0xff, 0xd6, 0x33, 0x6d, 0xff, 0xfd, 0x0, 0x0,
    0x2e, 0xff, 0xff, 0xff, 0xff, 0xff, 0xe2, 0x0,
    0x0, 0x1, 0xcf, 0xff, 0xff, 0xff, 0xfb, 0x10,
    0x0, 0x0, 0x0, 0x4, 0xad, 0xff, 0xda, 0x40,
    0x0, 0x0,

    /* U+00D3 "Ó" */
    0x0, 0x0, 0x0, 0x0, 0xb, 0xff, 0x60, 0x0,
    0x0, 0x0, 0x0, 0x0, 0x0, 0x2f, 0xfc, 0x0,
    0x0, 0x0, 0x0, 0x0, 0x0, 0x0, 0x9f, 0xf2,
    0x0, 0x0, 0x0, 0x0, 0x0, 0x0, 0x0, 0xff,
    0x70, 0x0, 0x0, 0x0, 0x0, 0x0, 0x0, 0x0,
    0x11, 0x0, 0x0, 0x0, 0x0, 0x0, 0x0, 0x0,
    0x0, 0x0, 0x0, 0x0, 0x0, 0x0, 0x0, 0x0,
    0x4, 0xad, 0xff, 0xda, 0x40, 0x0, 0x0, 0x0,
    0x1, 0xcf, 0xff, 0xff, 0xff, 0xfb, 0x10, 0x0,
    0x0, 0x2e, 0xff, 0xff, 0xff, 0xff, 0xff, 0xe2,
    0x0, 0x0, 0xdf, 0xff, 0xd6, 0x33, 0x6d, 0xff,
    0xfd, 0x0, 0x7, 0xff, 0xf9, 0x0, 0x0, 0x0,
    0xaf, 0xff, 0x70, 0xe, 0xff, 0xc0, 0x0, 0x0,
    0x0, 0xd, 0xff, 0xe0, 0x3f, 0xff, 0x40, 0x0,
    0x0, 0x0, 0x5, 0xff, 0xf3, 0x7f, 0xff, 0x0,
    0x0, 0x0, 0x0, 0x0, 0xff, 0xf7, 0x9f, 0xfc,
    0x0, 0x0, 0x0, 0x0, 0x0, 0xdf, 0xf9, 0xaf,
    0xfb, 0x0, 0x0, 0x0, 0x0, 0x0, 0xcf, 0xfa,
    0xaf, 0xfb, 0x0, 0x0, 0x0, 0x0, 0x0, 0xcf,
    0xfa, 0x9f, 0xfc, 0x0, 0x0, 0x0, 0x0, 0x0,
    0xdf, 0xf9, 0x7f, 0xff, 0x0, 0x0, 0x0, 0x0,
    0x0, 0xff, 0xf7, 0x3f, 0xff, 0x40, 0x0, 0x0,
    0x0, 0x5, 0xff, 0xf3, 0xe, 0xff, 0xc0, 0x0,
    0x0, 0x0, 0xd, 0xff, 0xe0, 0x7, 0xff, 0xf9,
    0x0, 0x0, 0x0, 0xaf, 0xff, 0x70, 0x0, 0xdf,
    0xff, 0xd6, 0x33, 0x6d, 0xff, 0xfd, 0x0, 0x0,
    0x2e, 0xff, 0xff, 0xff, 0xff, 0xff, 0xe2, 0x0,
    0x0, 0x1, 0xcf, 0xff, 0xff, 0xff, 0xfb, 0x10,
    0x0, 0x0, 0x0, 0x4, 0xad, 0xff, 0xda, 0x40,
    0x0, 0x0,

    /* U+00D4 "Ô" */
    0x0, 0x0, 0x0, 0xb, 0xff, 0xb0, 0x0, 0x0,
    0x0, 0x0, 0x0, 0x0, 0xaf, 0xff, 0xfa, 0x0,
    0x0, 0x0, 0x0, 0x0, 0x8, 0xff, 0x55, 0xff,
    0x70, 0x0, 0x0, 0x0, 0x0, 0x6f, 0xf9, 0x0,
    0x9f, 0xf5, 0x0, 0x0, 0x0, 0x0, 0x0, 0x0,
    0x0, 0x0, 0x0, 0x0, 0x0, 0x0, 0x0, 0x0,
    0x0, 0x0, 0x0, 0x0, 0x0, 0x0, 0x0, 0x0,
    0x4, 0xad, 0xff, 0xda, 0x40, 0x0, 0x0, 0x0,
    0x1, 0xcf, 0xff, 0xff, 0xff, 0xfb, 0x10, 0x0,
    0x0, 0x2e, 0xff, 0xff, 0xff, 0xff, 0xff, 0xe2,
    0x0, 0x0, 0xdf, 0xff, 0xd6, 0x33, 0x6d, 0xff,
    0xfd, 0x0, 0x7, 0xff, 0xf9, 0x0, 0x0, 0x0,
    0xaf, 0xff, 0x70, 0xe, 0xff, 0xc0, 0x0, 0x0,
    0x0, 0xd, 0xff, 0xe0, 0x3f, 0xff, 0x40, 0x0,
    0x0, 0x0, 0x5, 0xff, 0xf3, 0x7f, 0xff, 0x0,
    0x0, 0x0, 0x0, 0x0, 0xff, 0xf7, 0x9f, 0xfc,
    0x0, 0x0, 0x0, 0x0, 0x0, 0xdf, 0xf9, 0xaf,
    0xfb, 0x0, 0x0, 0x0, 0x0, 0x0, 0xcf, 0xfa,
    0xaf, 0xfb, 0x0, 0x0, 0x0, 0x0, 0x0, 0xcf,
    0xfa, 0x9f, 0xfc, 0x0, 0x0, 0x0, 0x0, 0x0,
    0xdf, 0xf9, 0x7f, 0xff, 0x0, 0x0, 0x0, 0x0,
    0x0, 0xff, 0xf7, 0x3f, 0xff, 0x40, 0x0, 0x0,
    0x0, 0x5, 0xff, 0xf3, 0xe, 0xff, 0xc0, 0x0,
    0x0, 0x0, 0xd, 0xff, 0xe0, 0x7, 0xff, 0xf9,
    0x0, 0x0, 0x0, 0xaf, 0xff, 0x70, 0x0, 0xdf,
    0xff, 0xd6, 0x33, 0x6d, 0xff, 0xfd, 0x0, 0x0,
    0x2e, 0xff, 0xff, 0xff, 0xff, 0xff, 0xe2, 0x0,
    0x0, 0x1, 0xcf, 0xff, 0xff, 0xff, 0xfb, 0x10,
    0x0, 0x0, 0x0, 0x4, 0xad, 0xff, 0xda, 0x40,
    0x0, 0x0,

    /* U+00D5 "Õ" */
    0x0, 0x0, 0x2, 0xcf, 0x80, 0xc, 0xf1, 0x0,
    0x0, 0x0, 0x0, 0xa, 0xff, 0xf9, 0x2f, 0xf0,
    0x0, 0x0, 0x0, 0x0, 0xf, 0xf2, 0xaf, 0xff,
    0xa0, 0x0, 0x0, 0x0, 0x0, 0x2f, 0xd0, 0x8,
    0xfc, 0x10, 0x0, 0x0, 0x0, 0x0, 0x0, 0x0,
    0x0, 0x0, 0x0, 0x0, 0x0, 0x0, 0x0, 0x0,
    0x0, 0x0, 0x0, 0x0, 0x0, 0x0, 0x0, 0x0,
    0x4, 0xad, 0xff, 0xda, 0x40, 0x0, 0x0, 0x0,
    0x1, 0xcf, 0xff, 0xff, 0xff, 0xfb, 0x10, 0x0,
    0x0, 0x2e, 0xff, 0xff, 0xff, 0xff, 0xff, 0xe2,
    0x0, 0x0, 0xdf, 0xff, 0xd6, 0x33, 0x6d, 0xff,
    0xfd, 0x0, 0x7, 0xff, 0xf9, 0x0, 0x0, 0x0,
    0xaf, 0xff, 0x70, 0xe, 0xff, 0xc0, 0x0, 0x0,
    0x0, 0xd, 0xff, 0xe0, 0x3f, 0xff, 0x40, 0x0,
    0x0, 0x0, 0x5, 0xff, 0xf3, 0x7f, 0xff, 0x0,
    0x0, 0x0, 0x0, 0x0, 0xff, 0xf7, 0x9f, 0xfc,
    0x0, 0x0, 0x0, 0x0, 0x0, 0xdf, 0xf9, 0xaf,
    0xfb, 0x0, 0x0, 0x0, 0x0, 0x0, 0xcf, 0xfa,
    0xaf, 0xfb, 0x0, 0x0, 0x0, 0x0, 0x0, 0xcf,
    0xfa, 0x9f, 0xfc, 0x0, 0x0, 0x0, 0x0, 0x0,
    0xdf, 0xf9, 0x7f, 0xff, 0x0, 0x0, 0x0, 0x0,
    0x0, 0xff, 0xf7, 0x3f, 0xff, 0x40, 0x0, 0x0,
    0x0, 0x5, 0xff, 0xf3, 0xe, 0xff, 0xc0, 0x0,
    0x0, 0x0, 0xd, 0xff, 0xe0, 0x7, 0xff, 0xf9,
    0x0, 0x0, 0x0, 0xaf, 0xff, 0x70, 0x0, 0xdf,
    0xff, 0xd6, 0x33, 0x6d, 0xff, 0xfd, 0x0, 0x0,
    0x2e, 0xff, 0xff, 0xff, 0xff, 0xff, 0xe2, 0x0,
    0x0, 0x1, 0xcf, 0xff, 0xff, 0xff, 0xfb, 0x10,
    0x0, 0x0, 0x0, 0x4, 0xad, 0xff, 0xda, 0x40,
    0x0, 0x0,

    /* U+00D6 "Ö" */
    0x0, 0x0, 0x6, 0x81, 0x0, 0x28, 0x60, 0x0,
    0x0, 0x0, 0x0, 0x5f, 0xfc, 0x0, 0xdf, 0xf5,
    0x0, 0x0, 0x0, 0x0, 0x7f, 0xfe, 0x0, 0xef,
    0xf7, 0x0, 0x0, 0x0, 0x0, 0x1c, 0xe5, 0x0,
    0x6e, 0xc1, 0x0, 0x0, 0x0, 0x0, 0x0, 0x0,
    0x0, 0x0, 0x0, 0x0, 0x0, 0x0, 0x0, 0x0,
    0x0, 0x0, 0x0, 0x0, 0x0, 0x0, 0x0, 0x0,
    0x4, 0xad, 0xff, 0xda, 0x40, 0x0, 0x0, 0x0,
    0x1, 0xcf, 0xff, 0xff, 0xff, 0xfb, 0x10, 0x0,
    0x0, 0x2e, 0xff, 0xff, 0xff, 0xff, 0xff, 0xe2,
    0x0, 0x0, 0xdf, 0xff, 0xd6, 0x33, 0x6d, 0xff,
    0xfd, 0x0, 0x7, 0xff, 0xf9, 0x0, 0x0, 0x0,
    0xaf, 0xff, 0x70, 0xe, 0xff, 0xc0, 0x0, 0x0,
    0x0, 0xd, 0xff, 0xe0, 0x3f, 0xff, 0x40, 0x0,
    0x0, 0x0, 0x5, 0xff, 0xf3, 0x7f, 0xff, 0x0,
    0x0, 0x0, 0x0, 0x0, 0xff, 0xf7, 0x9f, 0xfc,
    0x0, 0x0, 0x0, 0x0, 0x0, 0xdf, 0xf9, 0xaf,
    0xfb, 0x0, 0x0, 0x0, 0x0, 0x0, 0xcf, 0xfa,
    0xaf, 0xfb, 0x0, 0x0, 0x0, 0x0, 0x0, 0xcf,
    0xfa, 0x9f, 0xfc, 0x0, 0x0, 0x0, 0x0, 0x0,
    0xdf, 0xf9, 0x7f, 0xff, 0x0, 0x0, 0x0, 0x0,
    0x0, 0xff, 0xf7, 0x3f, 0xff, 0x40, 0x0, 0x0,
    0x0, 0x5, 0xff, 0xf3, 0xe, 0xff, 0xc0, 0x0,
    0x0, 0x0, 0xd, 0xff, 0xe0, 0x7, 0xff, 0xf9,
    0x0, 0x0, 0x0, 0xaf, 0xff, 0x70, 0x0, 0xdf,
    0xff, 0xd6, 0x33, 0x6d, 0xff, 0xfd, 0x0, 0x0,
    0x2e, 0xff, 0xff, 0xff, 0xff, 0xff, 0xe2, 0x0,
    0x0, 0x1, 0xcf, 0xff, 0xff, 0xff, 0xfb, 0x10,
    0x0, 0x0, 0x0, 0x4, 0xad, 0xff, 0xda, 0x40,
    0x0, 0x0,

    /* U+00D7 "×" */
    0x0, 0x40, 0x0, 0x0, 0x0, 0x13, 0x0, 0x9,
    0xf6, 0x0, 0x0, 0x0, 0xcf, 0x30, 0x6f, 0xff,
    0x50, 0x0, 0xc, 0xff, 0xe0, 0xc, 0xff, 0xf5,
    0x0, 0xbf, 0xff, 0x50, 0x0, 0xcf, 0xff, 0x4b,
    0xff, 0xf6, 0x0, 0x0, 0x1d, 0xff, 0xff, 0xff,
    0x70, 0x0, 0x0, 0x1, 0xdf, 0xff, 0xf7, 0x0,
    0x0, 0x0, 0x0, 0xaf, 0xff, 0xf3, 0x0, 0x0,
    0x0, 0x8, 0xff, 0xff, 0xfe, 0x20, 0x0, 0x0,
    0x8f, 0xff, 0xae, 0xff, 0xe2, 0x0, 0x7, 0xff,
    0xfa, 0x3, 0xef, 0xfe, 0x10, 0x5f, 0xff, 0xb0,
    0x0, 0x3f, 0xff, 0xd0, 0x1d, 0xfb, 0x0, 0x0,
    0x3, 0xff, 0x70, 0x1, 0xa0, 0x0, 0x0, 0x0,
    0x48, 0x0,

    /* U+00D8 "Ø" */
    0x0, 0x0, 0x0, 0x0, 0x0, 0x0, 0x0, 0x21,
    0x0, 0x0, 0x0, 0x4, 0xad, 0xff, 0xda, 0x40,
    0xde, 0x30, 0x0, 0x1, 0xcf, 0xff, 0xff, 0xff,
    0xff, 0xff, 0x20, 0x0, 0x2e, 0xff, 0xff, 0xff,
    0xff, 0xff, 0xf9, 0x0, 0x0, 0xdf, 0xff, 0xd6,
    0x33, 0x6d, 0xff, 0xfd, 0x0, 0x7, 0xff, 0xf9,
    0x0, 0x0, 0x9, 0xff, 0xff, 0x70, 0xe, 0xff,
    0xc0, 0x0, 0x0, 0x4f, 0xff, 0xff, 0xe0, 0x3f,
    0xff, 0x40, 0x0, 0x0, 0xef, 0xb5, 0xff, 0xf3,
    0x7f, 0xff, 0x0, 0x0, 0xa, 0xff, 0x10, 0xff,
    0xf7, 0x9f, 0xfc, 0x0, 0x0, 0x4f, 0xf5, 0x0,
    0xdf, 0xf9, 0xaf, 0xfb, 0x0, 0x1, 0xef, 0xb0,
    0x0, 0xcf, 0xfa, 0xaf, 0xfb, 0x0, 0xa, 0xfe,
    0x10, 0x0, 0xcf, 0xfa, 0x9f, 0xfc, 0x0, 0x5f,
    0xf5, 0x0, 0x0, 0xdf, 0xf9, 0x7f, 0xff, 0x1,
    0xef, 0xa0, 0x0, 0x0, 0xff, 0xf7, 0x3f, 0xff,
    0x4b, 0xfe, 0x10, 0x0, 0x5, 0xff, 0xf3, 0xe,
    0xff, 0xff, 0xf4, 0x0, 0x0, 0xd, 0xff, 0xe0,
    0x7, 0xff, 0xff, 0x90, 0x0, 0x0, 0xaf, 0xff,
    0x70, 0x0, 0xdf, 0xff, 0xe6, 0x33, 0x6d, 0xff,
    0xfd, 0x0, 0x0, 0x9f, 0xff, 0xff, 0xff, 0xff,
    0xff, 0xe2, 0x0, 0x2, 0xff, 0xff, 0xff, 0xff,
    0xff, 0xfb, 0x10, 0x0, 0x3, 0xed, 0x4, 0xad,
    0xff, 0xda, 0x40, 0x0, 0x0, 0x0, 0x12, 0x0,
    0x0, 0x0, 0x0, 0x0, 0x0, 0x0,

    /* U+00D9 "Ù" */
    0x0, 0x0, 0xd, 0xff, 0x40, 0x0, 0x0, 0x0,
    0x0, 0x0, 0x0, 0x3f, 0xfb, 0x0, 0x0, 0x0,
    0x0, 0x0, 0x0, 0x0, 0x9f, 0xf2, 0x0, 0x0,
    0x0, 0x0, 0x0, 0x0, 0x0, 0xef, 0x90, 0x0,
    0x0, 0x0, 0x0, 0x0, 0x0, 0x0, 0x10, 0x0,
    0x0, 0x0, 0x0, 0x0, 0x0, 0x0, 0x0, 0x0,
    0x0, 0x0, 0x0, 0x1f, 0xff, 0x40, 0x0, 0x0,
    0x0, 0x2f, 0xff, 0x31, 0xff, 0xf4, 0x0, 0x0,
    0x0, 0x2, 0xff, 0xf3, 0x1f, 0xff, 0x40, 0x0,
    0x0, 0x0, 0x2f, 0xff, 0x31, 0xff, 0xf4, 0x0,
    0x0, 0x0, 0x2, 0xff, 0xf3, 0x1f, 0xff, 0x40,
    0x0, 0x0, 0x0, 0x2f, 0xff, 0x31, 0xff, 0xf4,
    0x0, 0x0, 0x0, 0x2, 0xff, 0xf3, 0x1f, 0xff,
    0x40, 0x0, 0x0, 0x0, 0x2f, 0xff, 0x31, 0xff,
    0xf4, 0x0, 0x0, 0x0, 0x2, 0xff, 0xf3, 0x1f,
    0xff, 0x40, 0x0, 0x0, 0x0, 0x2f, 0xff, 0x31,
    0xff, 0xf4, 0x0, 0x0, 0x0, 0x2, 0xff, 0xf3,
    0x1f, 0xff, 0x40, 0x0, 0x0, 0x0, 0x2f, 0xff,
    0x31, 0xff, 0xf4, 0x0, 0x0, 0x0, 0x2, 0xff,
    0xf3, 0x1f, 0xff, 0x40, 0x0, 0x0, 0x0, 0x2f,
    0xff, 0x30, 0xff, 0xf6, 0x0, 0x0, 0x0, 0x4,
    0xff, 0xf2, 0xe, 0xff, 0xb0, 0x0, 0x0, 0x0,
    0x9f, 0xff, 0x0, 0x9f, 0xff, 0x60, 0x0, 0x0,
    0x4f, 0xff, 0xb0, 0x2, 0xff, 0xff, 0xa4, 0x34,
    0x9f, 0xff, 0xf4, 0x0, 0x6, 0xff, 0xff, 0xff,
    0xff, 0xff, 0xf8, 0x0, 0x0, 0x5, 0xff, 0xff,
    0xff, 0xff, 0xf7, 0x0, 0x0, 0x0, 0x1, 0x7c,
    0xef, 0xec, 0x72, 0x0, 0x0,

    /* U+00DA "Ú" */
    0x0, 0x0, 0x0, 0x0, 0x2f, 0xfe, 0x0, 0x0,
    0x0, 0x0, 0x0, 0x0, 0x9, 0xff, 0x50, 0x0,
    0x0, 0x0, 0x0, 0x0, 0x0, 0xff, 0xb0, 0x0,
    0x0, 0x0, 0x0, 0x0, 0x0, 0x7f, 0xf1, 0x0,
    0x0, 0x0, 0x0, 0x0, 0x0, 0x0, 0x10, 0x0,
    0x0, 0x0, 0x0, 0x0, 0x0, 0x0, 0x0, 0x0,
    0x0, 0x0, 0x0, 0x1f, 0xff, 0x40, 0x0, 0x0,
    0x0, 0x2f, 0xff, 0x31, 0xff, 0xf4, 0x0, 0x0,
    0x0, 0x2, 0xff, 0xf3, 0x1f, 0xff, 0x40, 0x0,
    0x0, 0x0, 0x2f, 0xff, 0x31, 0xff, 0xf4, 0x0,
    0x0, 0x0, 0x2, 0xff, 0xf3, 0x1f, 0xff, 0x40,
    0x0, 0x0, 0x0, 0x2f, 0xff, 0x31, 0xff, 0xf4,
    0x0, 0x0, 0x0, 0x2, 0xff, 0xf3, 0x1f, 0xff,
    0x40, 0x0, 0x0, 0x0, 0x2f, 0xff, 0x31, 0xff,
    0xf4, 0x0, 0x0, 0x0, 0x2, 0xff, 0xf3, 0x1f,
    0xff, 0x40, 0x0, 0x0, 0x0, 0x2f, 0xff, 0x31,
    0xff, 0xf4, 0x0, 0x0, 0x0, 0x2, 0xff, 0xf3,
    0x1f, 0xff, 0x40, 0x0, 0x0, 0x0, 0x2f, 0xff,
    0x31, 0xff, 0xf4, 0x0, 0x0, 0x0, 0x2, 0xff,
    0xf3, 0x1f, 0xff, 0x40, 0x0, 0x0, 0x0, 0x2f,
    0xff, 0x30, 0xff, 0xf6, 0x0, 0x0, 0x0, 0x4,
    0xff, 0xf2, 0xe, 0xff, 0xb0, 0x0, 0x0, 0x0,
    0x9f, 0xff, 0x0, 0x9f, 0xff, 0x60, 0x0, 0x0,
    0x4f, 0xff, 0xb0, 0x2, 0xff, 0xff, 0xa4, 0x34,
    0x9f, 0xff, 0xf4, 0x0, 0x6, 0xff, 0xff, 0xff,
    0xff, 0xff, 0xf8, 0x0, 0x0, 0x5, 0xff, 0xff,
    0xff, 0xff, 0xf7, 0x0, 0x0, 0x0, 0x1, 0x7c,
    0xef, 0xec, 0x72, 0x0, 0x0,

    /* U+00DB "Û" */
    0x0, 0x0, 0x0, 0x3f, 0xff, 0x50, 0x0, 0x0,
    0x0, 0x0, 0x0, 0x2e, 0xfe, 0xff, 0x30, 0x0,
    0x0, 0x0, 0x0, 0x1d, 0xfd, 0x1c, 0xfe, 0x20,
    0x0, 0x0, 0x0, 0xc, 0xff, 0x20, 0x1e, 0xfd,
    0x10, 0x0, 0x0, 0x0, 0x0, 0x0, 0x0, 0x0,
    0x0, 0x0, 0x0, 0x0, 0x0, 0x0, 0x0, 0x0,
    0x0, 0x0, 0x0, 0x1f, 0xff, 0x40, 0x0, 0x0,
    0x0, 0x2f, 0xff, 0x31, 0xff, 0xf4, 0x0, 0x0,
    0x0, 0x2, 0xff, 0xf3, 0x1f, 0xff, 0x40, 0x0,
    0x0, 0x0, 0x2f, 0xff, 0x31, 0xff, 0xf4, 0x0,
    0x0, 0x0, 0x2, 0xff, 0xf3, 0x1f, 0xff, 0x40,
    0x0, 0x0, 0x0, 0x2f, 0xff, 0x31, 0xff, 0xf4,
    0x0, 0x0, 0x0, 0x2, 0xff, 0xf3, 0x1f, 0xff,
    0x40, 0x0, 0x0, 0x0, 0x2f, 0xff, 0x31, 0xff,
    0xf4, 0x0, 0x0, 0x0, 0x2, 0xff, 0xf3, 0x1f,
    0xff, 0x40, 0x0, 0x0, 0x0, 0x2f, 0xff, 0x31,
    0xff, 0xf4, 0x0, 0x0, 0x0, 0x2, 0xff, 0xf3,
    0x1f, 0xff, 0x40, 0x0, 0x0, 0x0, 0x2f, 0xff,
    0x31, 0xff, 0xf4, 0x0, 0x0, 0x0, 0x2, 0xff,
    0xf3, 0x1f, 0xff, 0x40, 0x0, 0x0, 0x0, 0x2f,
    0xff, 0x30, 0xff, 0xf6, 0x0, 0x0, 0x0, 0x4,
    0xff, 0xf2, 0xe, 0xff, 0xb0, 0x0, 0x0, 0x0,
    0x9f, 0xff, 0x0, 0x9f, 0xff, 0x60, 0x0, 0x0,
    0x4f, 0xff, 0xb0, 0x2, 0xff, 0xff, 0xa4, 0x34,
    0x9f, 0xff, 0xf4, 0x0, 0x6, 0xff, 0xff, 0xff,
    0xff, 0xff, 0xf8, 0x0, 0x0, 0x5, 0xff, 0xff,
    0xff, 0xff, 0xf7, 0x0, 0x0, 0x0, 0x1, 0x7c,
    0xef, 0xec, 0x72, 0x0, 0x0,

    /* U+00DC "Ü" */
    0x0, 0x0, 0x5e, 0xc1, 0x0, 0xbf, 0x70, 0x0,
    0x0, 0x0, 0xe, 0xff, 0x70, 0x5f, 0xff, 0x0,
    0x0, 0x0, 0x0, 0xcf, 0xf6, 0x4, 0xff, 0xe0,
    0x0, 0x0, 0x0, 0x1, 0x86, 0x0, 0x5, 0x92,
    0x0, 0x0, 0x0, 0x0, 0x0, 0x0, 0x0, 0x0,
    0x0, 0x0, 0x0, 0x0, 0x0, 0x0, 0x0, 0x0,
    0x0, 0x0, 0x0, 0x1f, 0xff, 0x40, 0x0, 0x0,
    0x0, 0x2f, 0xff, 0x31, 0xff, 0xf4, 0x0, 0x0,
    0x0, 0x2, 0xff, 0xf3, 0x1f, 0xff, 0x40, 0x0,
    0x0, 0x0, 0x2f, 0xff, 0x31, 0xff, 0xf4, 0x0,
    0x0, 0x0, 0x2, 0xff, 0xf3, 0x1f, 0xff, 0x40,
    0x0, 0x0, 0x0, 0x2f, 0xff, 0x31, 0xff, 0xf4,
    0x0, 0x0, 0x0, 0x2, 0xff, 0xf3, 0x1f, 0xff,
    0x40, 0x0, 0x0, 0x0, 0x2f, 0xff, 0x31, 0xff,
    0xf4, 0x0, 0x0, 0x0, 0x2, 0xff, 0xf3, 0x1f,
    0xff, 0x40, 0x0, 0x0, 0x0, 0x2f, 0xff, 0x31,
    0xff, 0xf4, 0x0, 0x0, 0x0, 0x2, 0xff, 0xf3,
    0x1f, 0xff, 0x40, 0x0, 0x0, 0x0, 0x2f, 0xff,
    0x31, 0xff, 0xf4, 0x0, 0x0, 0x0, 0x2, 0xff,
    0xf3, 0x1f, 0xff, 0x40, 0x0, 0x0, 0x0, 0x2f,
    0xff, 0x30, 0xff, 0xf6, 0x0, 0x0, 0x0, 0x4,
    0xff, 0xf2, 0xe, 0xff, 0xb0, 0x0, 0x0, 0x0,
    0x9f, 0xff, 0x0, 0x9f, 0xff, 0x60, 0x0, 0x0,
    0x4f, 0xff, 0xb0, 0x2, 0xff, 0xff, 0xa4, 0x34,
    0x9f, 0xff, 0xf4, 0x0, 0x6, 0xff, 0xff, 0xff,
    0xff, 0xff, 0xf8, 0x0, 0x0, 0x5, 0xff, 0xff,
    0xff, 0xff, 0xf7, 0x0, 0x0, 0x0, 0x1, 0x7c,
    0xef, 0xec, 0x72, 0x0, 0x0,

    /* U+00DD "Ý" */
    0x0, 0x0, 0x0, 0x0, 0x7, 0xff, 0xa0, 0x0,
    0x0, 0x0, 0x0, 0x0, 0x0, 0xd, 0xff, 0x10,
    0x0, 0x0, 0x0, 0x0, 0x0, 0x0, 0x4f, 0xf6,
    0x0, 0x0, 0x0, 0x0, 0x0, 0x0, 0x0, 0xbf,
    0xc0, 0x0, 0x0, 0x0, 0x0, 0x0, 0x0, 0x0,
    0x1, 0x0, 0x0, 0x0, 0x0, 0x0, 0x0, 0x0,
    0x0, 0x0, 0x0, 0x0, 0x0, 0x0, 0x1f, 0xff,
    0xd0, 0x0, 0x0, 0x0, 0x4, 0xff, 0xf9, 0x8,
    0xff, 0xf6, 0x0, 0x0, 0x0, 0xc, 0xff, 0xf1,
    0x0, 0xef, 0xfe, 0x0, 0x0, 0x0, 0x5f, 0xff,
    0x70, 0x0, 0x5f, 0xff, 0x70, 0x0, 0x0, 0xdf,
    0xfe, 0x0, 0x0, 0xc, 0xff, 0xe1, 0x0, 0x6,
    0xff, 0xf5, 0x0, 0x0, 0x3, 0xff, 0xf8, 0x0,
    0xe, 0xff, 0xc0, 0x0, 0x0, 0x0, 0xaf, 0xff,
    0x10, 0x6f, 0xff, 0x30, 0x0, 0x0, 0x0, 0x1f,
    0xff, 0x90, 0xef, 0xfa, 0x0, 0x0, 0x0, 0x0,
    0x8, 0xff, 0xf6, 0xff, 0xf2, 0x0, 0x0, 0x0,
    0x0, 0x0, 0xef, 0xff, 0xff, 0x80, 0x0, 0x0,
    0x0, 0x0, 0x0, 0x6f, 0xff, 0xfe, 0x10, 0x0,
    0x0, 0x0, 0x0, 0x0, 0xc, 0xff, 0xf6, 0x0,
    0x0, 0x0, 0x0, 0x0, 0x0, 0x6, 0xff, 0xf0,
    0x0, 0x0, 0x0, 0x0, 0x0, 0x0, 0x6, 0xff,
    0xf0, 0x0, 0x0, 0x0, 0x0, 0x0, 0x0, 0x6,
    0xff, 0xf0, 0x0, 0x0, 0x0, 0x0, 0x0, 0x0,
    0x6, 0xff, 0xf0, 0x0, 0x0, 0x0, 0x0, 0x0,
    0x0, 0x6, 0xff, 0xf0, 0x0, 0x0, 0x0, 0x0,
    0x0, 0x0, 0x6, 0xff, 0xf0, 0x0, 0x0, 0x0,
    0x0, 0x0, 0x0, 0x6, 0xff, 0xf0, 0x0, 0x0,
    0x0, 0x0, 0x0, 0x0, 0x6, 0xff, 0xf0, 0x0,
    0x0, 0x0,

    /* U+00DE "Þ" */
    0x3f, 0xff, 0x30, 0x0, 0x0, 0x0, 0x0, 0x3,
    0xff, 0xf3, 0x0, 0x0, 0x0, 0x0, 0x0, 0x3f,
    0xff, 0x30, 0x0, 0x0, 0x0, 0x0, 0x3, 0xff,
    0xf3, 0x0, 0x0, 0x0, 0x0, 0x0, 0x3f, 0xff,
    0xff, 0xff, 0xeb, 0x60, 0x0, 0x3, 0xff, 0xff,
    0xff, 0xff, 0xff, 0xd2, 0x0, 0x3f, 0xff, 0xed,
    0xde, 0xff, 0xff, 0xe1, 0x3, 0xff, 0xf3, 0x0,
    0x0, 0x7f, 0xff, 0x80, 0x3f, 0xff, 0x30, 0x0,
    0x0, 0x8f, 0xfd, 0x3, 0xff, 0xf3, 0x0, 0x0,
    0x3, 0xff, 0xf0, 0x3f, 0xff, 0x30, 0x0, 0x0,
    0x4f, 0xff, 0x3, 0xff, 0xf3, 0x0, 0x0, 0x9,
    0xff, 0xd0, 0x3f, 0xff, 0x30, 0x0, 0x29, 0xff,
    0xf7, 0x3, 0xff, 0xff, 0xff, 0xff, 0xff, 0xfc,
    0x0, 0x3f, 0xff, 0xff, 0xff, 0xff, 0xfb, 0x10,
    0x3, 0xff, 0xfd, 0xdd, 0xcb, 0x93, 0x0, 0x0,
    0x3f, 0xff, 0x30, 0x0, 0x0, 0x0, 0x0, 0x3,
    0xff, 0xf3, 0x0, 0x0, 0x0, 0x0, 0x0, 0x3f,
    0xff, 0x30, 0x0, 0x0, 0x0, 0x0, 0x3, 0xff,
    0xf3, 0x0, 0x0, 0x0, 0x0, 0x0,

    /* U+00DF "ß" */
    0x0, 0x2, 0x9d, 0xff, 0xd9, 0x20, 0x0, 0x0,
    0x6, 0xff, 0xff, 0xff, 0xff, 0x80, 0x0, 0x4,
    0xff, 0xff, 0xff, 0xff, 0xff, 0x60, 0x0, 0xbf,
    0xff, 0x71, 0x5, 0xef, 0xfe, 0x0, 0xf, 0xff,
    0x80, 0x0, 0x6, 0xff, 0xf3, 0x1, 0xff, 0xf4,
    0x0, 0x0, 0x1f, 0xff, 0x40, 0x1f, 0xff, 0x30,
    0x0, 0x1, 0xff, 0xf3, 0x1, 0xff, 0xf3, 0x0,
    0x0, 0x6f, 0xfe, 0x0, 0x1f, 0xff, 0x30, 0x0,
    0x4e, 0xff, 0x50, 0x1, 0xff, 0xf3, 0x9, 0xff,
    0xfe, 0x50, 0x0, 0x1f, 0xff, 0x30, 0x9f, 0xff,
    0xfb, 0x40, 0x1, 0xff, 0xf3, 0x7, 0xde, 0xff,
    0xff, 0x60, 0x1f, 0xff, 0x30, 0x0, 0x2, 0xcf,
    0xff, 0x11, 0xff, 0xf3, 0x0, 0x0, 0x1, 0xff,
    0xf6, 0x1f, 0xff, 0x30, 0x0, 0x0, 0xd, 0xff,
    0x81, 0xff, 0xf3, 0x0, 0x0, 0x1, 0xff, 0xf7,
    0x1f, 0xff, 0x30, 0x0, 0x2, 0xbf, 0xff, 0x41,
    0xff, 0xf3, 0x9, 0xef, 0xff, 0xff, 0xc0, 0x1f,
    0xff, 0x30, 0xaf, 0xff, 0xff, 0xd1, 0x1, 0xff,
    0xf3, 0xa, 0xff, 0xec, 0x70, 0x0,

    /* U+00E0 "à" */
    0x0, 0x0, 0x11, 0x0, 0x0, 0x0, 0x0, 0x0,
    0x1, 0xff, 0xf1, 0x0, 0x0, 0x0, 0x0, 0x0,
    0x6f, 0xf7, 0x0, 0x0, 0x0, 0x0, 0x0, 0xc,
    0xfe, 0x0, 0x0, 0x0, 0x0, 0x0, 0x2, 0xff,
    0x50, 0x0, 0x0, 0x0, 0x0, 0x0, 0x0, 0x0,
    0x0, 0x0, 0x0, 0x0, 0x0, 0x0, 0x0, 0x0,
    0x0, 0x0, 0x0, 0x6c, 0xef, 0xdb, 0x50, 0x0,
    0x0, 0x3e, 0xff, 0xff, 0xff, 0xfb, 0x0, 0x1,
    0xef, 0xff, 0xcb, 0xdf, 0xff, 0x80, 0x6, 0xff,
    0xe3, 0x0, 0x9, 0xff, 0xe0, 0x0, 0x14, 0x30,
    0x0, 0x3, 0xff, 0xf1, 0x0, 0x0, 0x0, 0x0,
    0x7, 0xff, 0xf2, 0x0, 0x1, 0x58, 0xcd, 0xff,
    0xff, 0xf2, 0x0, 0x8f, 0xff, 0xff, 0xff, 0xff,
    0xf2, 0x7, 0xff, 0xfd, 0x86, 0x31, 0xff, 0xf2,
    0xd, 0xff, 0x90, 0x0, 0x1, 0xff, 0xf2, 0xf,
    0xff, 0x30, 0x0, 0x5, 0xff, 0xf2, 0xe, 0xff,
    0x70, 0x0, 0x2e, 0xff, 0xf2, 0xa, 0xff, 0xfb,
    0x9b, 0xfe, 0xff, 0xf2, 0x1, 0xef, 0xff, 0xff,
    0xf4, 0xff, 0xf2, 0x0, 0x19, 0xdf, 0xeb, 0x30,
    0xff, 0xf2,

    /* U+00E1 "á" */
    0x0, 0x0, 0x0, 0x0, 0x11, 0x10, 0x0, 0x0,
    0x0, 0x0, 0x6, 0xff, 0xb0, 0x0, 0x0, 0x0,
    0x0, 0xd, 0xff, 0x10, 0x0, 0x0, 0x0, 0x0,
    0x4f, 0xf7, 0x0, 0x0, 0x0, 0x0, 0x0, 0xbf,
    0xc0, 0x0, 0x0, 0x0, 0x0, 0x0, 0x0, 0x0,
    0x0, 0x0, 0x0, 0x0, 0x0, 0x0, 0x0, 0x0,
    0x0, 0x0, 0x0, 0x6c, 0xef, 0xdb, 0x50, 0x0,
    0x0, 0x3e, 0xff, 0xff, 0xff, 0xfb, 0x0, 0x1,
    0xef, 0xff, 0xcb, 0xdf, 0xff, 0x80, 0x6, 0xff,
    0xe3, 0x0, 0x9, 0xff, 0xe0, 0x0, 0x14, 0x30,
    0x0, 0x3, 0xff, 0xf1, 0x0, 0x0, 0x0, 0x0,
    0x7, 0xff, 0xf2, 0x0, 0x1, 0x58, 0xcd, 0xff,
    0xff, 0xf2, 0x0, 0x8f, 0xff, 0xff, 0xff, 0xff,
    0xf2, 0x7, 0xff, 0xfd, 0x86, 0x31, 0xff, 0xf2,
    0xd, 0xff, 0x90, 0x0, 0x1, 0xff, 0xf2, 0xf,
    0xff, 0x30, 0x0, 0x5, 0xff, 0xf2, 0xe, 0xff,
    0x70, 0x0, 0x2e, 0xff, 0xf2, 0xa, 0xff, 0xfb,
    0x9b, 0xfe, 0xff, 0xf2, 0x1, 0xef, 0xff, 0xff,
    0xf4, 0xff, 0xf2, 0x0, 0x19, 0xdf, 0xeb, 0x30,
    0xff, 0xf2,

    /* U+00E2 "â" */
    0x0, 0x0, 0x6, 0xff, 0xf2, 0x0, 0x0, 0x0,
    0x0, 0x5f, 0xfe, 0xfe, 0x10, 0x0, 0x0, 0x3,
    0xff, 0xb1, 0xef, 0xc0, 0x0, 0x0, 0x2e, 0xfd,
    0x0, 0x4f, 0xfa, 0x0, 0x0, 0x0, 0x0, 0x0,
    0x0, 0x0, 0x0, 0x0, 0x0, 0x0, 0x0, 0x0,
    0x0, 0x0, 0x0, 0x0, 0x6c, 0xef, 0xdb, 0x50,
    0x0, 0x0, 0x3e, 0xff, 0xff, 0xff, 0xfb, 0x0,
    0x1, 0xef, 0xff, 0xcb, 0xdf, 0xff, 0x80, 0x6,
    0xff, 0xe3, 0x0, 0x9, 0xff, 0xe0, 0x0, 0x14,
    0x30, 0x0, 0x3, 0xff, 0xf1, 0x0, 0x0, 0x0,
    0x0, 0x7, 0xff, 0xf2, 0x0, 0x1, 0x58, 0xcd,
    0xff, 0xff, 0xf2, 0x0, 0x8f, 0xff, 0xff, 0xff,
    0xff, 0xf2, 0x7, 0xff, 0xfd, 0x86, 0x31, 0xff,
    0xf2, 0xd, 0xff, 0x90, 0x0, 0x1, 0xff, 0xf2,
    0xf, 0xff, 0x30, 0x0, 0x5, 0xff, 0xf2, 0xe,
    0xff, 0x70, 0x0, 0x2e, 0xff, 0xf2, 0xa, 0xff,
    0xfb, 0x9b, 0xfe, 0xff, 0xf2, 0x1, 0xef, 0xff,
    0xff, 0xf4, 0xff, 0xf2, 0x0, 0x19, 0xdf, 0xeb,
    0x30, 0xff, 0xf2,

    /* U+00E3 "ã" */
    0x0, 0x0, 0xaf, 0xd8, 0x29, 0xf7, 0x0, 0x0,
    0x7, 0xff, 0xff, 0xff, 0xf3, 0x0, 0x0, 0xc,
    0xf5, 0x3a, 0xee, 0x70, 0x0, 0x0, 0x0, 0x0,
    0x0, 0x0, 0x0, 0x0, 0x0, 0x0, 0x0, 0x0,
    0x0, 0x0, 0x0, 0x0, 0x0, 0x6c, 0xef, 0xdb,
    0x50, 0x0, 0x0, 0x3e, 0xff, 0xff, 0xff, 0xfb,
    0x0, 0x1, 0xef, 0xff, 0xcb, 0xdf, 0xff, 0x80,
    0x6, 0xff, 0xe3, 0x0, 0x9, 0xff, 0xe0, 0x0,
    0x14, 0x30, 0x0, 0x3, 0xff, 0xf1, 0x0, 0x0,
    0x0, 0x0, 0x7, 0xff, 0xf2, 0x0, 0x1, 0x58,
    0xcd, 0xff, 0xff, 0xf2, 0x0, 0x8f, 0xff, 0xff,
    0xff, 0xff, 0xf2, 0x7, 0xff, 0xfd, 0x86, 0x31,
    0xff, 0xf2, 0xd, 0xff, 0x90, 0x0, 0x1, 0xff,
    0xf2, 0xf, 0xff, 0x30, 0x0, 0x5, 0xff, 0xf2,
    0xe, 0xff, 0x70, 0x0, 0x2e, 0xff, 0xf2, 0xa,
    0xff, 0xfb, 0x9b, 0xfe, 0xff, 0xf2, 0x1, 0xef,
    0xff, 0xff, 0xf4, 0xff, 0xf2, 0x0, 0x19, 0xdf,
    0xeb, 0x30, 0xff, 0xf2,

    /* U+00E4 "ä" */
    0x0, 0x8, 0xfa, 0x0, 0x2d, 0xe4, 0x0, 0x0,
    0x1f, 0xff, 0x40, 0x9f, 0xfd, 0x0, 0x0, 0xf,
    0xff, 0x20, 0x7f, 0xfb, 0x0, 0x0, 0x3, 0x84,
    0x0, 0x7, 0x81, 0x0, 0x0, 0x0, 0x0, 0x0,
    0x0, 0x0, 0x0, 0x0, 0x0, 0x0, 0x0, 0x0,
    0x0, 0x0, 0x0, 0x0, 0x6c, 0xef, 0xdb, 0x50,
    0x0, 0x0, 0x3e, 0xff, 0xff, 0xff, 0xfb, 0x0,
    0x1, 0xef, 0xff, 0xcb, 0xdf, 0xff, 0x80, 0x6,
    0xff, 0xe3, 0x0, 0x9, 0xff, 0xe0, 0x0, 0x14,
    0x30, 0x0, 0x3, 0xff, 0xf1, 0x0, 0x0, 0x0,
    0x0, 0x7, 0xff, 0xf2, 0x0, 0x1, 0x58, 0xcd,
    0xff, 0xff, 0xf2, 0x0, 0x8f, 0xff, 0xff, 0xff,
    0xff, 0xf2, 0x7, 0xff, 0xfd, 0x86, 0x31, 0xff,
    0xf2, 0xd, 0xff, 0x90, 0x0, 0x1, 0xff, 0xf2,
    0xf, 0xff, 0x30, 0x0, 0x5, 0xff, 0xf2, 0xe,
    0xff, 0x70, 0x0, 0x2e, 0xff, 0xf2, 0xa, 0xff,
    0xfb, 0x9b, 0xfe, 0xff, 0xf2, 0x1, 0xef, 0xff,
    0xff, 0xf4, 0xff, 0xf2, 0x0, 0x19, 0xdf, 0xeb,
    0x30, 0xff, 0xf2,

    /* U+00E5 "å" */
    0x0, 0x0, 0x3, 0xab, 0x81, 0x0, 0x0, 0x0,
    0x0, 0x4f, 0xff, 0xfe, 0x10, 0x0, 0x0, 0x0,
    0xdf, 0x50, 0x9f, 0x90, 0x0, 0x0, 0x0, 0xfd,
    0x0, 0x2f, 0xc0, 0x0, 0x0, 0x0, 0xef, 0x20,
    0x6f, 0xa0, 0x0, 0x0, 0x0, 0x7f, 0xfd, 0xff,
    0x30, 0x0, 0x0, 0x0, 0x6, 0xdf, 0xc3, 0x0,
    0x0, 0x0, 0x0, 0x0, 0x0, 0x0, 0x0, 0x0,
    0x0, 0x0, 0x6c, 0xef, 0xdb, 0x50, 0x0, 0x0,
    0x3e, 0xff, 0xff, 0xff, 0xfb, 0x0, 0x1, 0xef,
    0xff, 0xcb, 0xdf, 0xff, 0x80, 0x6, 0xff, 0xe3,
    0x0, 0x9, 0xff, 0xe0, 0x0, 0x14, 0x30, 0x0,
    0x3, 0xff, 0xf1, 0x0, 0x0, 0x0, 0x0, 0x7,
    0xff, 0xf2, 0x0, 0x1, 0x58, 0xcd, 0xff, 0xff,
    0xf2, 0x0, 0x8f, 0xff, 0xff, 0xff, 0xff, 0xf2,
    0x7, 0xff, 0xfd, 0x86, 0x31, 0xff, 0xf2, 0xd,
    0xff, 0x90, 0x0, 0x1, 0xff, 0xf2, 0xf, 0xff,
    0x30, 0x0, 0x5, 0xff, 0xf2, 0xe, 0xff, 0x70,
    0x0, 0x2e, 0xff, 0xf2, 0xa, 0xff, 0xfb, 0x9b,
    0xfe, 0xff, 0xf2, 0x1, 0xef, 0xff, 0xff, 0xf4,
    0xff, 0xf2, 0x0, 0x19, 0xdf, 0xeb, 0x30, 0xff,
    0xf2,

    /* U+00E6 "æ" */
    0x0, 0x0, 0x6c, 0xef, 0xea, 0x20, 0x6, 0xce,
    0xfd, 0x82, 0x0, 0x0, 0x2, 0xdf, 0xff, 0xff,
    0xff, 0x5c, 0xff, 0xff, 0xff, 0xf6, 0x0, 0x0,
    0xef, 0xff, 0xcb, 0xdf, 0xff, 0xff, 0xfc, 0xbe,
    0xff, 0xf4, 0x0, 0x5f, 0xfe, 0x30, 0x0, 0x9f,
    0xff, 0xd2, 0x0, 0xa, 0xff, 0xd0, 0x0, 0x3,
    0x30, 0x0, 0x2, 0xff, 0xf3, 0x0, 0x0, 0xe,
    0xff, 0x40, 0x0, 0x0, 0x0, 0x0, 0x2f, 0xfe,
    0x0, 0x0, 0x0, 0xaf, 0xf7, 0x0, 0x3, 0x9d,
    0xff, 0xff, 0xff, 0xff, 0xff, 0xff, 0xff, 0xff,
    0x90, 0x9, 0xff, 0xff, 0xff, 0xff, 0xff, 0xff,
    0xff, 0xff, 0xff, 0xfa, 0x7, 0xff, 0xfb, 0x75,
    0x56, 0xff, 0xe5, 0x55, 0x55, 0x55, 0x55, 0x30,
    0xdf, 0xf8, 0x0, 0x0, 0x2f, 0xff, 0x0, 0x0,
    0x0, 0x0, 0x0, 0xf, 0xff, 0x30, 0x0, 0x6,
    0xff, 0xf5, 0x0, 0x0, 0x6, 0x75, 0x10, 0xff,
    0xf9, 0x0, 0x4, 0xef, 0xff, 0xe3, 0x0, 0x6,
    0xff, 0xf3, 0xa, 0xff, 0xfd, 0xbd, 0xff, 0xfd,
    0xff, 0xfd, 0xbd, 0xff, 0xfb, 0x0, 0x1e, 0xff,
    0xff, 0xff, 0xe4, 0x1d, 0xff, 0xff, 0xff, 0xfc,
    0x10, 0x0, 0x18, 0xdf, 0xec, 0x71, 0x0, 0x6,
    0xce, 0xfe, 0xb5, 0x0, 0x0,

    /* U+00E7 "ç" */
    0x0, 0x2, 0x9d, 0xff, 0xd8, 0x10, 0x0, 0x0,
    0x6f, 0xff, 0xff, 0xff, 0xe4, 0x0, 0x5, 0xff,
    0xff, 0xde, 0xff, 0xff, 0x20, 0xe, 0xff, 0xd2,
    0x0, 0x3e, 0xff, 0xa0, 0x5f, 0xff, 0x30, 0x0,
    0x5, 0xfe, 0xa0, 0xaf, 0xfc, 0x0, 0x0, 0x0,
    0x20, 0x0, 0xcf, 0xf9, 0x0, 0x0, 0x0, 0x0,
    0x0, 0xdf, 0xf8, 0x0, 0x0, 0x0, 0x0, 0x0,
    0xcf, 0xf9, 0x0, 0x0, 0x0, 0x0, 0x0, 0xaf,
    0xfc, 0x0, 0x0, 0x0, 0x30, 0x0, 0x5f, 0xff,
    0x20, 0x0, 0x5, 0xff, 0xc0, 0xe, 0xff, 0xd2,
    0x0, 0x3e, 0xff, 0xa0, 0x5, 0xff, 0xff, 0xdd,
    0xff, 0xff, 0x20, 0x0, 0x6f, 0xff, 0xff, 0xff,
    0xf4, 0x0, 0x0, 0x2, 0x9d, 0xff, 0xd8, 0x10,
    0x0, 0x0, 0x0, 0x0, 0xf9, 0x0, 0x0, 0x0,
    0x0, 0x0, 0x1, 0xff, 0xd3, 0x0, 0x0, 0x0,
    0x0, 0x1, 0x79, 0xfd, 0x0, 0x0, 0x0, 0x0,
    0x0, 0x0, 0xff, 0x0, 0x0, 0x0, 0x0, 0x5,
    0x8a, 0xfd, 0x0, 0x0, 0x0, 0x0, 0xa, 0xff,
    0xc3, 0x0, 0x0,

    /* U+00E8 "è" */
    0x0, 0x0, 0x11, 0x0, 0x0, 0x0, 0x0, 0x0,
    0xa, 0xff, 0x70, 0x0, 0x0, 0x0, 0x0, 0x1,
    0xef, 0xe0, 0x0, 0x0, 0x0, 0x0, 0x0, 0x6f,
    0xf5, 0x0, 0x0, 0x0, 0x0, 0x0, 0xb, 0xfc,
    0x0, 0x0, 0x0, 0x0, 0x0, 0x0, 0x0, 0x0,
    0x0, 0x0, 0x0, 0x0, 0x0, 0x0, 0x0, 0x0,
    0x0, 0x0, 0x2, 0x9d, 0xfe, 0xc6, 0x0, 0x0,
    0x0, 0x6f, 0xff, 0xff, 0xff, 0xd2, 0x0, 0x5,
    0xff, 0xff, 0xcd, 0xff, 0xfd, 0x0, 0xe, 0xff,
    0xa0, 0x0, 0x3e, 0xff, 0x80, 0x5f, 0xfd, 0x0,
    0x0, 0x5, 0xff, 0xe0, 0xaf, 0xf8, 0x0, 0x0,
    0x0, 0xff, 0xf1, 0xcf, 0xff, 0xff, 0xff, 0xff,
    0xff, 0xf3, 0xdf, 0xff, 0xff, 0xff, 0xff, 0xff,
    0xf4, 0xcf, 0xfa, 0x55, 0x55, 0x55, 0x55, 0x51,
    0xaf, 0xf9, 0x0, 0x0, 0x0, 0x0, 0x0, 0x6f,
    0xfe, 0x10, 0x0, 0x1, 0x74, 0x10, 0x1e, 0xff,
    0xb1, 0x0, 0xa, 0xff, 0xe0, 0x5, 0xff, 0xff,
    0xbb, 0xff, 0xff, 0x60, 0x0, 0x6f, 0xff, 0xff,
    0xff, 0xf7, 0x0, 0x0, 0x2, 0x8d, 0xff, 0xd9,
    0x30, 0x0,

    /* U+00E9 "é" */
    0x0, 0x0, 0x0, 0x0, 0x11, 0x0, 0x0, 0x0,
    0x0, 0x0, 0xf, 0xff, 0x20, 0x0, 0x0, 0x0,
    0x0, 0x6f, 0xf7, 0x0, 0x0, 0x0, 0x0, 0x0,
    0xdf, 0xd0, 0x0, 0x0, 0x0, 0x0, 0x4, 0xff,
    0x30, 0x0, 0x0, 0x0, 0x0, 0x0, 0x0, 0x0,
    0x0, 0x0, 0x0, 0x0, 0x0, 0x0, 0x0, 0x0,
    0x0, 0x0, 0x2, 0x9d, 0xfe, 0xc6, 0x0, 0x0,
    0x0, 0x6f, 0xff, 0xff, 0xff, 0xd2, 0x0, 0x5,
    0xff, 0xff, 0xcd, 0xff, 0xfd, 0x0, 0xe, 0xff,
    0xa0, 0x0, 0x3e, 0xff, 0x80, 0x5f, 0xfd, 0x0,
    0x0, 0x5, 0xff, 0xe0, 0xaf, 0xf8, 0x0, 0x0,
    0x0, 0xff, 0xf1, 0xcf, 0xff, 0xff, 0xff, 0xff,
    0xff, 0xf3, 0xdf, 0xff, 0xff, 0xff, 0xff, 0xff,
    0xf4, 0xcf, 0xfa, 0x55, 0x55, 0x55, 0x55, 0x51,
    0xaf, 0xf9, 0x0, 0x0, 0x0, 0x0, 0x0, 0x6f,
    0xfe, 0x10, 0x0, 0x1, 0x74, 0x10, 0x1e, 0xff,
    0xb1, 0x0, 0xa, 0xff, 0xe0, 0x5, 0xff, 0xff,
    0xbb, 0xff, 0xff, 0x60, 0x0, 0x6f, 0xff, 0xff,
    0xff, 0xf7, 0x0, 0x0, 0x2, 0x8d, 0xff, 0xd9,
    0x30, 0x0,

    /* U+00EA "ê" */
    0x0, 0x0, 0x2e, 0xff, 0x80, 0x0, 0x0, 0x0,
    0x1, 0xdf, 0xef, 0xf5, 0x0, 0x0, 0x0, 0xc,
    0xff, 0x29, 0xff, 0x30, 0x0, 0x0, 0xaf, 0xf5,
    0x0, 0xcf, 0xe2, 0x0, 0x0, 0x0, 0x0, 0x0,
    0x0, 0x0, 0x0, 0x0, 0x0, 0x0, 0x0, 0x0,
    0x0, 0x0, 0x0, 0x2, 0x9d, 0xfe, 0xc6, 0x0,
    0x0, 0x0, 0x6f, 0xff, 0xff, 0xff, 0xd2, 0x0,
    0x5, 0xff, 0xff, 0xcd, 0xff, 0xfd, 0x0, 0xe,
    0xff, 0xa0, 0x0, 0x3e, 0xff, 0x80, 0x5f, 0xfd,
    0x0, 0x0, 0x5, 0xff, 0xe0, 0xaf, 0xf8, 0x0,
    0x0, 0x0, 0xff, 0xf1, 0xcf, 0xff, 0xff, 0xff,
    0xff, 0xff, 0xf3, 0xdf, 0xff, 0xff, 0xff, 0xff,
    0xff, 0xf4, 0xcf, 0xfa, 0x55, 0x55, 0x55, 0x55,
    0x51, 0xaf, 0xf9, 0x0, 0x0, 0x0, 0x0, 0x0,
    0x6f, 0xfe, 0x10, 0x0, 0x1, 0x74, 0x10, 0x1e,
    0xff, 0xb1, 0x0, 0xa, 0xff, 0xe0, 0x5, 0xff,
    0xff, 0xbb, 0xff, 0xff, 0x60, 0x0, 0x6f, 0xff,
    0xff, 0xff, 0xf7, 0x0, 0x0, 0x2, 0x8d, 0xff,
    0xd9, 0x30, 0x0,

    /* U+00EB "ë" */
    0x0, 0x3e, 0xd3, 0x0, 0x9f, 0x90, 0x0, 0x0,
    0xbf, 0xfa, 0x3, 0xff, 0xf3, 0x0, 0x0, 0x9f,
    0xf8, 0x1, 0xff, 0xf1, 0x0, 0x0, 0x7, 0x70,
    0x0, 0x38, 0x40, 0x0, 0x0, 0x0, 0x0, 0x0,
    0x0, 0x0, 0x0, 0x0, 0x0, 0x0, 0x0, 0x0,
    0x0, 0x0, 0x0, 0x2, 0x9d, 0xfe, 0xc6, 0x0,
    0x0, 0x0, 0x6f, 0xff, 0xff, 0xff, 0xd2, 0x0,
    0x5, 0xff, 0xff, 0xcd, 0xff, 0xfd, 0x0, 0xe,
    0xff, 0xa0, 0x0, 0x3e, 0xff, 0x80, 0x5f, 0xfd,
    0x0, 0x0, 0x5, 0xff, 0xe0, 0xaf, 0xf8, 0x0,
    0x0, 0x0, 0xff, 0xf1, 0xcf, 0xff, 0xff, 0xff,
    0xff, 0xff, 0xf3, 0xdf, 0xff, 0xff, 0xff, 0xff,
    0xff, 0xf4, 0xcf, 0xfa, 0x55, 0x55, 0x55, 0x55,
    0x51, 0xaf, 0xf9, 0x0, 0x0, 0x0, 0x0, 0x0,
    0x6f, 0xfe, 0x10, 0x0, 0x1, 0x74, 0x10, 0x1e,
    0xff, 0xb1, 0x0, 0xa, 0xff, 0xe0, 0x5, 0xff,
    0xff, 0xbb, 0xff, 0xff, 0x60, 0x0, 0x6f, 0xff,
    0xff, 0xff, 0xf7, 0x0, 0x0, 0x2, 0x8d, 0xff,
    0xd9, 0x30, 0x0,

    /* U+00EC "ì" */
    0x1e, 0xff, 0x10, 0x0, 0x6f, 0xf8, 0x0, 0x0,
    0xbf, 0xe0, 0x0, 0x2, 0xff, 0x60, 0x0, 0x0,
    0x10, 0x0, 0x0, 0x0, 0x0, 0x0, 0x4f, 0xff,
    0x0, 0x4, 0xff, 0xf0, 0x0, 0x4f, 0xff, 0x0,
    0x4, 0xff, 0xf0, 0x0, 0x4f, 0xff, 0x0, 0x4,
    0xff, 0xf0, 0x0, 0x4f, 0xff, 0x0, 0x4, 0xff,
    0xf0, 0x0, 0x4f, 0xff, 0x0, 0x4, 0xff, 0xf0,
    0x0, 0x4f, 0xff, 0x0, 0x4, 0xff, 0xf0, 0x0,
    0x4f, 0xff, 0x0, 0x4, 0xff, 0xf0, 0x0, 0x4f,
    0xff, 0x0,

    /* U+00ED "í" */
    0x0, 0x4f, 0xfc, 0x0, 0xb, 0xff, 0x30, 0x2,
    0xff, 0x80, 0x0, 0x9f, 0xd0, 0x0, 0x0, 0x10,
    0x0, 0x0, 0x0, 0x0, 0x0, 0x4f, 0xff, 0x0,
    0x4, 0xff, 0xf0, 0x0, 0x4f, 0xff, 0x0, 0x4,
    0xff, 0xf0, 0x0, 0x4f, 0xff, 0x0, 0x4, 0xff,
    0xf0, 0x0, 0x4f, 0xff, 0x0, 0x4, 0xff, 0xf0,
    0x0, 0x4f, 0xff, 0x0, 0x4, 0xff, 0xf0, 0x0,
    0x4f, 0xff, 0x0, 0x4, 0xff, 0xf0, 0x0, 0x4f,
    0xff, 0x0, 0x4, 0xff, 0xf0, 0x0, 0x4f, 0xff,
    0x0, 0x0,

    /* U+00EE "î" */
    0x0, 0x6, 0xff, 0xf3, 0x0, 0x0, 0x4, 0xff,
    0xef, 0xe1, 0x0, 0x3, 0xff, 0xb1, 0xef, 0xd0,
    0x1, 0xef, 0xe1, 0x3, 0xff, 0xb0, 0x0, 0x0,
    0x0, 0x0, 0x0, 0x0, 0x0, 0x0, 0x0, 0x0,
    0x0, 0x0, 0x4, 0xff, 0xf0, 0x0, 0x0, 0x0,
    0x4f, 0xff, 0x0, 0x0, 0x0, 0x4, 0xff, 0xf0,
    0x0, 0x0, 0x0, 0x4f, 0xff, 0x0, 0x0, 0x0,
    0x4, 0xff, 0xf0, 0x0, 0x0, 0x0, 0x4f, 0xff,
    0x0, 0x0, 0x0, 0x4, 0xff, 0xf0, 0x0, 0x0,
    0x0, 0x4f, 0xff, 0x0, 0x0, 0x0, 0x4, 0xff,
    0xf0, 0x0, 0x0, 0x0, 0x4f, 0xff, 0x0, 0x0,
    0x0, 0x4, 0xff, 0xf0, 0x0, 0x0, 0x0, 0x4f,
    0xff, 0x0, 0x0, 0x0, 0x4, 0xff, 0xf0, 0x0,
    0x0, 0x0, 0x4f, 0xff, 0x0, 0x0, 0x0, 0x4,
    0xff, 0xf0, 0x0, 0x0,

    /* U+00EF "ï" */
    0x2, 0x85, 0x0, 0x6, 0x81, 0xe, 0xff, 0x30,
    0x6f, 0xfb, 0x1f, 0xff, 0x50, 0x8f, 0xfd, 0x7,
    0xfb, 0x0, 0x1c, 0xe5, 0x0, 0x0, 0x0, 0x0,
    0x0, 0x0, 0x0, 0x0, 0x0, 0x0, 0x0, 0x4,
    0xff, 0xf0, 0x0, 0x0, 0x4, 0xff, 0xf0, 0x0,
    0x0, 0x4, 0xff, 0xf0, 0x0, 0x0, 0x4, 0xff,
    0xf0, 0x0, 0x0, 0x4, 0xff, 0xf0, 0x0, 0x0,
    0x4, 0xff, 0xf0, 0x0, 0x0, 0x4, 0xff, 0xf0,
    0x0, 0x0, 0x4, 0xff, 0xf0, 0x0, 0x0, 0x4,
    0xff, 0xf0, 0x0, 0x0, 0x4, 0xff, 0xf0, 0x0,
    0x0, 0x4, 0xff, 0xf0, 0x0, 0x0, 0x4, 0xff,
    0xf0, 0x0, 0x0, 0x4, 0xff, 0xf0, 0x0, 0x0,
    0x4, 0xff, 0xf0, 0x0, 0x0, 0x4, 0xff, 0xf0,
    0x0,

    /* U+00F0 "ð" */
    0x0, 0x0, 0x0, 0x0, 0x0, 0x0, 0x0, 0x0,
    0xe, 0x81, 0x0, 0x0, 0x50, 0x0, 0x0, 0x4f,
    0xff, 0x70, 0x6e, 0xf0, 0x0, 0x0, 0x6, 0xef,
    0xff, 0xfe, 0x70, 0x0, 0x0, 0x0, 0x6f, 0xff,
    0xf3, 0x0, 0x0, 0x0, 0x3c, 0xff, 0xbf, 0xfd,
    0x10, 0x0, 0x0, 0x5f, 0x91, 0x7, 0xff, 0xc0,
    0x0, 0x0, 0x12, 0x0, 0x0, 0x9f, 0xf6, 0x0,
    0x0, 0x6, 0xcf, 0xea, 0x3e, 0xfe, 0x0, 0x0,
    0xbf, 0xff, 0xff, 0xf9, 0xff, 0x60, 0x9, 0xff,
    0xf9, 0x57, 0xdf, 0xff, 0xc0, 0x2f, 0xff, 0x40,
    0x0, 0xc, 0xff, 0xf0, 0x8f, 0xfc, 0x0, 0x0,
    0x4, 0xff, 0xf3, 0xbf, 0xf7, 0x0, 0x0, 0x0,
    0xff, 0xf4, 0xdf, 0xf5, 0x0, 0x0, 0x0, 0xdf,
    0xf4, 0xdf, 0xf6, 0x0, 0x0, 0x0, 0xef, 0xf3,
    0xbf, 0xf8, 0x0, 0x0, 0x0, 0xff, 0xf1, 0x7f,
    0xfe, 0x0, 0x0, 0x7, 0xff, 0xc0, 0x1f, 0xff,
    0xa0, 0x0, 0x4f, 0xff, 0x60, 0x7, 0xff, 0xff,
    0xcd, 0xff, 0xfc, 0x0, 0x0, 0x8f, 0xff, 0xff,
    0xff, 0xc1, 0x0, 0x0, 0x3, 0xad, 0xfe, 0xb5,
    0x0, 0x0,

    /* U+00F1 "ñ" */
    0x0, 0x3, 0xdf, 0xb5, 0x2e, 0xf0, 0x0, 0x0,
    0xe, 0xff, 0xff, 0xff, 0xc0, 0x0, 0x0, 0x2f,
    0xd1, 0x6c, 0xfc, 0x20, 0x0, 0x0, 0x0, 0x0,
    0x0, 0x0, 0x0, 0x0, 0x0, 0x0, 0x0, 0x0,
    0x0, 0x0, 0x0, 0x4f, 0xfe, 0x2, 0xae, 0xfd,
    0x80, 0x0, 0x4f, 0xfe, 0x3e, 0xff, 0xff, 0xfc,
    0x0, 0x4f, 0xfe, 0xcf, 0xdd, 0xff, 0xff, 0x70,
    0x4f, 0xff, 0xe4, 0x0, 0x3e, 0xff, 0xe0, 0x4f,
    0xff, 0x60, 0x0, 0x6, 0xff, 0xf1, 0x4f, 0xff,
    0x20, 0x0, 0x3, 0xff, 0xf2, 0x4f, 0xff, 0x0,
    0x0, 0x2, 0xff, 0xf2, 0x4f, 0xff, 0x0, 0x0,
    0x2, 0xff, 0xf2, 0x4f, 0xff, 0x0, 0x0, 0x2,
    0xff, 0xf2, 0x4f, 0xff, 0x0, 0x0, 0x2, 0xff,
    0xf2, 0x4f, 0xff, 0x0, 0x0, 0x2, 0xff, 0xf2,
    0x4f, 0xff, 0x0, 0x0, 0x2, 0xff, 0xf2, 0x4f,
    0xff, 0x0, 0x0, 0x2, 0xff, 0xf2, 0x4f, 0xff,
    0x0, 0x0, 0x2, 0xff, 0xf2, 0x4f, 0xff, 0x0,
    0x0, 0x2, 0xff, 0xf2,

    /* U+00F2 "ò" */
    0x0, 0x0, 0x11, 0x0, 0x0, 0x0, 0x0, 0x0,
    0x7, 0xff, 0x90, 0x0, 0x0, 0x0, 0x0, 0x0,
    0xdf, 0xf1, 0x0, 0x0, 0x0, 0x0, 0x0, 0x3f,
    0xf7, 0x0, 0x0, 0x0, 0x0, 0x0, 0x9, 0xfe,
    0x0, 0x0, 0x0, 0x0, 0x0, 0x0, 0x0, 0x0,
    0x0, 0x0, 0x0, 0x0, 0x0, 0x0, 0x0, 0x0,
    0x0, 0x0, 0x2, 0x9d, 0xfe, 0xc7, 0x10, 0x0,
    0x0, 0x6f, 0xff, 0xff, 0xff, 0xe3, 0x0, 0x5,
    0xff, 0xff, 0xde, 0xff, 0xff, 0x20, 0xe, 0xff,
    0xd2, 0x0, 0x4e, 0xff, 0xc0, 0x5f, 0xff, 0x30,
    0x0, 0x5, 0xff, 0xf2, 0xaf, 0xfc, 0x0, 0x0,
    0x0, 0xef, 0xf7, 0xcf, 0xf9, 0x0, 0x0, 0x0,
    0xbf, 0xf9, 0xdf, 0xf8, 0x0, 0x0, 0x0, 0xaf,
    0xfa, 0xcf, 0xf9, 0x0, 0x0, 0x0, 0xbf, 0xf9,
    0xaf, 0xfc, 0x0, 0x0, 0x0, 0xef, 0xf7, 0x5f,
    0xff, 0x20, 0x0, 0x5, 0xff, 0xf3, 0xe, 0xff,
    0xd2, 0x0, 0x3e, 0xff, 0xc0, 0x5, 0xff, 0xff,
    0xdd, 0xff, 0xff, 0x20, 0x0, 0x6f, 0xff, 0xff,
    0xff, 0xe4, 0x0, 0x0, 0x2, 0x9d, 0xfe, 0xc7,
    0x10, 0x0,

    /* U+00F3 "ó" */
    0x0, 0x0, 0x0, 0x0, 0x11, 0x0, 0x0, 0x0,
    0x0, 0x0, 0xd, 0xff, 0x40, 0x0, 0x0, 0x0,
    0x0, 0x4f, 0xf9, 0x0, 0x0, 0x0, 0x0, 0x0,
    0xbf, 0xe1, 0x0, 0x0, 0x0, 0x0, 0x2, 0xff,
    0x50, 0x0, 0x0, 0x0, 0x0, 0x0, 0x0, 0x0,
    0x0, 0x0, 0x0, 0x0, 0x0, 0x0, 0x0, 0x0,
    0x0, 0x0, 0x2, 0x9d, 0xfe, 0xc7, 0x10, 0x0,
    0x0, 0x6f, 0xff, 0xff, 0xff, 0xe3, 0x0, 0x5,
    0xff, 0xff, 0xde, 0xff, 0xff, 0x20, 0xe, 0xff,
    0xd2, 0x0, 0x4e, 0xff, 0xc0, 0x5f, 0xff, 0x30,
    0x0, 0x5, 0xff, 0xf2, 0xaf, 0xfc, 0x0, 0x0,
    0x0, 0xef, 0xf7, 0xcf, 0xf9, 0x0, 0x0, 0x0,
    0xbf, 0xf9, 0xdf, 0xf8, 0x0, 0x0, 0x0, 0xaf,
    0xfa, 0xcf, 0xf9, 0x0, 0x0, 0x0, 0xbf, 0xf9,
    0xaf, 0xfc, 0x0, 0x0, 0x0, 0xef, 0xf7, 0x5f,
    0xff, 0x20, 0x0, 0x5, 0xff, 0xf3, 0xe, 0xff,
    0xd2, 0x0, 0x3e, 0xff, 0xc0, 0x5, 0xff, 0xff,
    0xdd, 0xff, 0xff, 0x20, 0x0, 0x6f, 0xff, 0xff,
    0xff, 0xe4, 0x0, 0x0, 0x2, 0x9d, 0xfe, 0xc7,
    0x10, 0x0,

    /* U+00F4 "ô" */
    0x0, 0x0, 0xc, 0xff, 0xa0, 0x0, 0x0, 0x0,
    0x0, 0xbf, 0xef, 0xf8, 0x0, 0x0, 0x0, 0xa,
    0xff, 0x47, 0xff, 0x60, 0x0, 0x0, 0x8f, 0xf7,
    0x0, 0xaf, 0xf4, 0x0, 0x0, 0x0, 0x0, 0x0,
    0x0, 0x0, 0x0, 0x0, 0x0, 0x0, 0x0, 0x0,
    0x0, 0x0, 0x0, 0x2, 0x9d, 0xfe, 0xc7, 0x10,
    0x0, 0x0, 0x6f, 0xff, 0xff, 0xff, 0xe3, 0x0,
    0x5, 0xff, 0xff, 0xde, 0xff, 0xff, 0x20, 0xe,
    0xff, 0xd2, 0x0, 0x4e, 0xff, 0xc0, 0x5f, 0xff,
    0x30, 0x0, 0x5, 0xff, 0xf2, 0xaf, 0xfc, 0x0,
    0x0, 0x0, 0xef, 0xf7, 0xcf, 0xf9, 0x0, 0x0,
    0x0, 0xbf, 0xf9, 0xdf, 0xf8, 0x0, 0x0, 0x0,
    0xaf, 0xfa, 0xcf, 0xf9, 0x0, 0x0, 0x0, 0xbf,
    0xf9, 0xaf, 0xfc, 0x0, 0x0, 0x0, 0xef, 0xf7,
    0x5f, 0xff, 0x20, 0x0, 0x5, 0xff, 0xf3, 0xe,
    0xff, 0xd2, 0x0, 0x3e, 0xff, 0xc0, 0x5, 0xff,
    0xff, 0xdd, 0xff, 0xff, 0x20, 0x0, 0x6f, 0xff,
    0xff, 0xff, 0xe4, 0x0, 0x0, 0x2, 0x9d, 0xfe,
    0xc7, 0x10, 0x0,

    /* U+00F5 "õ" */
    0x0, 0x4, 0xde, 0xb5, 0x2f, 0xf0, 0x0, 0x0,
    0xe, 0xff, 0xff, 0xff, 0xb0, 0x0, 0x0, 0x3f,
    0xd1, 0x6c, 0xfc, 0x20, 0x0, 0x0, 0x0, 0x0,
    0x0, 0x0, 0x0, 0x0, 0x0, 0x0, 0x0, 0x0,
    0x0, 0x0, 0x0, 0x0, 0x2, 0x9d, 0xfe, 0xc7,
    0x10, 0x0, 0x0, 0x6f, 0xff, 0xff, 0xff, 0xe3,
    0x0, 0x5, 0xff, 0xff, 0xde, 0xff, 0xff, 0x20,
    0xe, 0xff, 0xd2, 0x0, 0x4e, 0xff, 0xc0, 0x5f,
    0xff, 0x30, 0x0, 0x5, 0xff, 0xf2, 0xaf, 0xfc,
    0x0, 0x0, 0x0, 0xef, 0xf7, 0xcf, 0xf9, 0x0,
    0x0, 0x0, 0xbf, 0xf9, 0xdf, 0xf8, 0x0, 0x0,
    0x0, 0xaf, 0xfa, 0xcf, 0xf9, 0x0, 0x0, 0x0,
    0xbf, 0xf9, 0xaf, 0xfc, 0x0, 0x0, 0x0, 0xef,
    0xf7, 0x5f, 0xff, 0x20, 0x0, 0x5, 0xff, 0xf3,
    0xe, 0xff, 0xd2, 0x0, 0x3e, 0xff, 0xc0, 0x5,
    0xff, 0xff, 0xdd, 0xff, 0xff, 0x20, 0x0, 0x6f,
    0xff, 0xff, 0xff, 0xe4, 0x0, 0x0, 0x2, 0x9d,
    0xfe, 0xc7, 0x10, 0x0,

    /* U+00F6 "ö" */
    0x0, 0x2d, 0xe4, 0x0, 0x7f, 0xb0, 0x0, 0x0,
    0x8f, 0xfd, 0x0, 0xff, 0xf5, 0x0, 0x0, 0x6f,
    0xfb, 0x0, 0xef, 0xf3, 0x0, 0x0, 0x6, 0x81,
    0x0, 0x28, 0x50, 0x0, 0x0, 0x0, 0x0, 0x0,
    0x0, 0x0, 0x0, 0x0, 0x0, 0x0, 0x0, 0x0,
    0x0, 0x0, 0x0, 0x2, 0x9d, 0xfe, 0xc7, 0x10,
    0x0, 0x0, 0x6f, 0xff, 0xff, 0xff, 0xe3, 0x0,
    0x5, 0xff, 0xff, 0xde, 0xff, 0xff, 0x20, 0xe,
    0xff, 0xd2, 0x0, 0x4e, 0xff, 0xc0, 0x5f, 0xff,
    0x30, 0x0, 0x5, 0xff, 0xf2, 0xaf, 0xfc, 0x0,
    0x0, 0x0, 0xef, 0xf7, 0xcf, 0xf9, 0x0, 0x0,
    0x0, 0xbf, 0xf9, 0xdf, 0xf8, 0x0, 0x0, 0x0,
    0xaf, 0xfa, 0xcf, 0xf9, 0x0, 0x0, 0x0, 0xbf,
    0xf9, 0xaf, 0xfc, 0x0, 0x0, 0x0, 0xef, 0xf7,
    0x5f, 0xff, 0x20, 0x0, 0x5, 0xff, 0xf3, 0xe,
    0xff, 0xd2, 0x0, 0x3e, 0xff, 0xc0, 0x5, 0xff,
    0xff, 0xdd, 0xff, 0xff, 0x20, 0x0, 0x6f, 0xff,
    0xff, 0xff, 0xe4, 0x0, 0x0, 0x2, 0x9d, 0xfe,
    0xc7, 0x10, 0x0,

    /* U+00F7 "÷" */
    0x0, 0x0, 0x7, 0xec, 0x10, 0x0, 0x0, 0x0,
    0x0, 0x2f, 0xff, 0x90, 0x0, 0x0, 0x0, 0x0,
    0x3f, 0xff, 0xa0, 0x0, 0x0, 0x0, 0x0, 0xa,
    0xff, 0x30, 0x0, 0x0, 0x0, 0x0, 0x0, 0x20,
    0x0, 0x0, 0x0, 0x0, 0x0, 0x0, 0x0, 0x0,
    0x0, 0x0, 0x7e, 0xee, 0xee, 0xee, 0xee, 0xee,
    0xe0, 0x8f, 0xff, 0xff, 0xff, 0xff, 0xff, 0xf0,
    0x8f, 0xff, 0xff, 0xff, 0xff, 0xff, 0xf0, 0x0,
    0x0, 0x0, 0x0, 0x0, 0x0, 0x0, 0x0, 0x0,
    0x0, 0x20, 0x0, 0x0, 0x0, 0x0, 0x0, 0xa,
    0xff, 0x30, 0x0, 0x0, 0x0, 0x0, 0x3f, 0xff,
    0xa0, 0x0, 0x0, 0x0, 0x0, 0x2f, 0xff, 0x90,
    0x0, 0x0, 0x0, 0x0, 0x7, 0xfc, 0x10, 0x0,
    0x0,

    /* U+00F8 "ø" */
    0x0, 0x0, 0x0, 0x0, 0x0, 0x0, 0x20, 0x0,
    0x2, 0x9d, 0xfe, 0xc7, 0x15, 0xf6, 0x0, 0x6f,
    0xff, 0xff, 0xff, 0xff, 0xf3, 0x5, 0xff, 0xff,
    0xde, 0xff, 0xff, 0x80, 0xe, 0xff, 0xd2, 0x0,
    0x4f, 0xff, 0xc0, 0x5f, 0xff, 0x30, 0x0, 0xaf,
    0xff, 0xf2, 0xaf, 0xfc, 0x0, 0x8, 0xfc, 0xff,
    0xf7, 0xcf, 0xf9, 0x0, 0x5f, 0xe1, 0xbf, 0xf9,
    0xdf, 0xf8, 0x3, 0xff, 0x30, 0xaf, 0xfa, 0xcf,
    0xf9, 0x1e, 0xf5, 0x0, 0xbf, 0xf9, 0xaf, 0xfd,
    0xdf, 0x70, 0x0, 0xef, 0xf7, 0x5f, 0xff, 0xfa,
    0x0, 0x5, 0xff, 0xf3, 0xe, 0xff, 0xf2, 0x0,
    0x3e, 0xff, 0xc0, 0xb, 0xff, 0xff, 0xdd, 0xff,
    0xff, 0x20, 0x3f, 0xff, 0xff, 0xff, 0xff, 0xe4,
    0x0, 0xaf, 0x52, 0x9d, 0xfe, 0xc7, 0x10, 0x0,
    0x5, 0x0, 0x0, 0x0, 0x0, 0x0, 0x0,

    /* U+00F9 "ù" */
    0x0, 0x7, 0xff, 0xa0, 0x0, 0x0, 0x0, 0x0,
    0x0, 0xcf, 0xf1, 0x0, 0x0, 0x0, 0x0, 0x0,
    0x3f, 0xf8, 0x0, 0x0, 0x0, 0x0, 0x0, 0x8,
    0xfe, 0x0, 0x0, 0x0, 0x0, 0x0, 0x0, 0x11,
    0x0, 0x0, 0x0, 0x0, 0x0, 0x0, 0x0, 0x0,
    0x0, 0x0, 0x4f, 0xff, 0x0, 0x0, 0x2, 0xff,
    0xf2, 0x4f, 0xff, 0x0, 0x0, 0x2, 0xff, 0xf2,
    0x4f, 0xff, 0x0, 0x0, 0x2, 0xff, 0xf2, 0x4f,
    0xff, 0x0, 0x0, 0x2, 0xff, 0xf2, 0x4f, 0xff,
    0x0, 0x0, 0x2, 0xff, 0xf2, 0x4f, 0xff, 0x0,
    0x0, 0x2, 0xff, 0xf2, 0x4f, 0xff, 0x0, 0x0,
    0x2, 0xff, 0xf2, 0x4f, 0xff, 0x0, 0x0, 0x2,
    0xff, 0xf2, 0x4f, 0xff, 0x0, 0x0, 0x2, 0xff,
    0xf2, 0x3f, 0xff, 0x20, 0x0, 0x4, 0xff, 0xf2,
    0x2f, 0xff, 0x60, 0x0, 0x9, 0xff, 0xf2, 0xf,
    0xff, 0xe4, 0x0, 0x7f, 0xff, 0xf2, 0x9, 0xff,
    0xff, 0xff, 0xfa, 0xff, 0xf2, 0x1, 0xdf, 0xff,
    0xff, 0xd1, 0xff, 0xf2, 0x0, 0x18, 0xdf, 0xe9,
    0x10, 0xff, 0xf2,

    /* U+00FA "ú" */
    0x0, 0x0, 0x0, 0xc, 0xff, 0x50, 0x0, 0x0,
    0x0, 0x0, 0x2f, 0xfb, 0x0, 0x0, 0x0, 0x0,
    0x0, 0x9f, 0xf2, 0x0, 0x0, 0x0, 0x0, 0x1,
    0xff, 0x70, 0x0, 0x0, 0x0, 0x0, 0x0, 0x11,
    0x0, 0x0, 0x0, 0x0, 0x0, 0x0, 0x0, 0x0,
    0x0, 0x0, 0x4f, 0xff, 0x0, 0x0, 0x2, 0xff,
    0xf2, 0x4f, 0xff, 0x0, 0x0, 0x2, 0xff, 0xf2,
    0x4f, 0xff, 0x0, 0x0, 0x2, 0xff, 0xf2, 0x4f,
    0xff, 0x0, 0x0, 0x2, 0xff, 0xf2, 0x4f, 0xff,
    0x0, 0x0, 0x2, 0xff, 0xf2, 0x4f, 0xff, 0x0,
    0x0, 0x2, 0xff, 0xf2, 0x4f, 0xff, 0x0, 0x0,
    0x2, 0xff, 0xf2, 0x4f, 0xff, 0x0, 0x0, 0x2,
    0xff, 0xf2, 0x4f, 0xff, 0x0, 0x0, 0x2, 0xff,
    0xf2, 0x3f, 0xff, 0x20, 0x0, 0x4, 0xff, 0xf2,
    0x2f, 0xff, 0x60, 0x0, 0x9, 0xff, 0xf2, 0xf,
    0xff, 0xe4, 0x0, 0x7f, 0xff, 0xf2, 0x9, 0xff,
    0xff, 0xff, 0xfa, 0xff, 0xf2, 0x1, 0xdf, 0xff,
    0xff, 0xd1, 0xff, 0xf2, 0x0, 0x18, 0xdf, 0xe9,
    0x10, 0xff, 0xf2,

    /* U+00FB "û" */
    0x0, 0x0, 0xc, 0xff, 0xb0, 0x0, 0x0, 0x0,
    0x0, 0xbf, 0xff, 0xf9, 0x0, 0x0, 0x0, 0x9,
    0xff, 0x46, 0xff, 0x70, 0x0, 0x0, 0x7f, 0xf8,
    0x0, 0x9f, 0xf5, 0x0, 0x0, 0x0, 0x0, 0x0,
    0x0, 0x0, 0x0, 0x0, 0x0, 0x0, 0x0, 0x0,
    0x0, 0x0, 0x4f, 0xff, 0x0, 0x0, 0x2, 0xff,
    0xf2, 0x4f, 0xff, 0x0, 0x0, 0x2, 0xff, 0xf2,
    0x4f, 0xff, 0x0, 0x0, 0x2, 0xff, 0xf2, 0x4f,
    0xff, 0x0, 0x0, 0x2, 0xff, 0xf2, 0x4f, 0xff,
    0x0, 0x0, 0x2, 0xff, 0xf2, 0x4f, 0xff, 0x0,
    0x0, 0x2, 0xff, 0xf2, 0x4f, 0xff, 0x0, 0x0,
    0x2, 0xff, 0xf2, 0x4f, 0xff, 0x0, 0x0, 0x2,
    0xff, 0xf2, 0x4f, 0xff, 0x0, 0x0, 0x2, 0xff,
    0xf2, 0x3f, 0xff, 0x20, 0x0, 0x4, 0xff, 0xf2,
    0x2f, 0xff, 0x60, 0x0, 0x9, 0xff, 0xf2, 0xf,
    0xff, 0xe4, 0x0, 0x7f, 0xff, 0xf2, 0x9, 0xff,
    0xff, 0xff, 0xfa, 0xff, 0xf2, 0x1, 0xdf, 0xff,
    0xff, 0xd1, 0xff, 0xf2, 0x0, 0x18, 0xdf, 0xe9,
    0x10, 0xff, 0xf2,

    /* U+00FC "ü" */
    0x0, 0x6, 0x81, 0x0, 0x28, 0x50, 0x0, 0x0,
    0x6f, 0xfc, 0x0, 0xdf, 0xf4, 0x0, 0x0, 0x8f,
    0xfe, 0x0, 0xff, 0xf6, 0x0, 0x0, 0x1c, 0xe5,
    0x0, 0x6f, 0xc0, 0x0, 0x0, 0x0, 0x0, 0x0,
    0x0, 0x0, 0x0, 0x0, 0x0, 0x0, 0x0, 0x0,
    0x0, 0x0, 0x4f, 0xff, 0x0, 0x0, 0x2, 0xff,
    0xf2, 0x4f, 0xff, 0x0, 0x0, 0x2, 0xff, 0xf2,
    0x4f, 0xff, 0x0, 0x0, 0x2, 0xff, 0xf2, 0x4f,
    0xff, 0x0, 0x0, 0x2, 0xff, 0xf2, 0x4f, 0xff,
    0x0, 0x0, 0x2, 0xff, 0xf2, 0x4f, 0xff, 0x0,
    0x0, 0x2, 0xff, 0xf2, 0x4f, 0xff, 0x0, 0x0,
    0x2, 0xff, 0xf2, 0x4f, 0xff, 0x0, 0x0, 0x2,
    0xff, 0xf2, 0x4f, 0xff, 0x0, 0x0, 0x2, 0xff,
    0xf2, 0x3f, 0xff, 0x20, 0x0, 0x4, 0xff, 0xf2,
    0x2f, 0xff, 0x60, 0x0, 0x9, 0xff, 0xf2, 0xf,
    0xff, 0xe4, 0x0, 0x7f, 0xff, 0xf2, 0x9, 0xff,
    0xff, 0xff, 0xfa, 0xff, 0xf2, 0x1, 0xdf, 0xff,
    0xff, 0xd1, 0xff, 0xf2, 0x0, 0x18, 0xdf, 0xe9,
    0x10, 0xff, 0xf2,

    /* U+00FD "ý" */
    0x0, 0x0, 0x0, 0x0, 0x1, 0x10, 0x0, 0x0,
    0x0, 0x0, 0x0, 0x1f, 0xff, 0x10, 0x0, 0x0,
    0x0, 0x0, 0x7, 0xff, 0x60, 0x0, 0x0, 0x0,
    0x0, 0x0, 0xef, 0xc0, 0x0, 0x0, 0x0, 0x0,
    0x0, 0x5f, 0xf2, 0x0, 0x0, 0x0, 0x0, 0x0,
    0x0, 0x0, 0x0, 0x0, 0x0, 0x5f, 0xff, 0x20,
    0x0, 0x0, 0xd, 0xff, 0x90, 0xff, 0xf7, 0x0,
    0x0, 0x2, 0xff, 0xf4, 0xa, 0xff, 0xc0, 0x0,
    0x0, 0x7f, 0xfe, 0x0, 0x4f, 0xff, 0x10, 0x0,
    0xd, 0xff, 0x80, 0x0, 0xef, 0xf6, 0x0, 0x2,
    0xff, 0xf3, 0x0, 0x9, 0xff, 0xb0, 0x0, 0x7f,
    0xfd, 0x0, 0x0, 0x3f, 0xff, 0x10, 0xc, 0xff,
    0x70, 0x0, 0x0, 0xdf, 0xf5, 0x1, 0xff, 0xf2,
    0x0, 0x0, 0x8, 0xff, 0xa0, 0x6f, 0xfc, 0x0,
    0x0, 0x0, 0x2f, 0xfe, 0xb, 0xff, 0x60, 0x0,
    0x0, 0x0, 0xdf, 0xf3, 0xff, 0xf1, 0x0, 0x0,
    0x0, 0x7, 0xff, 0xaf, 0xfb, 0x0, 0x0, 0x0,
    0x0, 0x1f, 0xff, 0xff, 0x50, 0x0, 0x0, 0x0,
    0x0, 0xcf, 0xff, 0xf0, 0x0, 0x0, 0x0, 0x0,
    0x6, 0xff, 0xfa, 0x0, 0x0, 0x0, 0x0, 0x0,
    0x3f, 0xff, 0x40, 0x0, 0x0, 0x0, 0x0, 0x7,
    0xff, 0xe0, 0x0, 0x0, 0x0, 0x0, 0x1, 0xdf,
    0xf8, 0x0, 0x0, 0x0, 0x0, 0xce, 0xff, 0xff,
    0x10, 0x0, 0x0, 0x0, 0x1f, 0xff, 0xff, 0x50,
    0x0, 0x0, 0x0, 0x3, 0xdf, 0xeb, 0x30, 0x0,
    0x0, 0x0, 0x0,

    /* U+00FE "þ" */
    0x4f, 0xff, 0x0, 0x0, 0x0, 0x0, 0x0, 0x4,
    0xff, 0xf0, 0x0, 0x0, 0x0, 0x0, 0x0, 0x4f,
    0xff, 0x0, 0x0, 0x0, 0x0, 0x0, 0x4, 0xff,
    0xf0, 0x0, 0x0, 0x0, 0x0, 0x0, 0x4f, 0xff,
    0x0, 0x0, 0x0, 0x0, 0x0, 0x4, 0xff, 0xf0,
    0x2a, 0xef, 0xd7, 0x0, 0x0, 0x4f, 0xff, 0x2e,
    0xff, 0xff, 0xfd, 0x10, 0x4, 0xff, 0xfc, 0xff,
    0xdf, 0xff, 0xfc, 0x0, 0x4f, 0xff, 0xf7, 0x0,
    0x1b, 0xff, 0xf5, 0x4, 0xff, 0xfa, 0x0, 0x0,
    0xe, 0xff, 0xa0, 0x4f, 0xff, 0x40, 0x0, 0x0,
    0x9f, 0xfe, 0x4, 0xff, 0xf1, 0x0, 0x0, 0x6,
    0xff, 0xf0, 0x4f, 0xff, 0x0, 0x0, 0x0, 0x4f,
    0xff, 0x14, 0xff, 0xf1, 0x0, 0x0, 0x6, 0xff,
    0xf0, 0x4f, 0xff, 0x40, 0x0, 0x0, 0x9f, 0xfe,
    0x4, 0xff, 0xfb, 0x0, 0x0, 0xf, 0xff, 0xa0,
    0x4f, 0xff, 0xf7, 0x0, 0x1b, 0xff, 0xf5, 0x4,
    0xff, 0xfc, 0xff, 0xdf, 0xff, 0xfc, 0x0, 0x4f,
    0xff, 0x2e, 0xff, 0xff, 0xfd, 0x10, 0x4, 0xff,
    0xf0, 0x2a, 0xef, 0xd7, 0x0, 0x0, 0x4f, 0xff,
    0x0, 0x0, 0x0, 0x0, 0x0, 0x4, 0xff, 0xf0,
    0x0, 0x0, 0x0, 0x0, 0x0, 0x4f, 0xff, 0x0,
    0x0, 0x0, 0x0, 0x0, 0x4, 0xff, 0xf0, 0x0,
    0x0, 0x0, 0x0, 0x0, 0x4f, 0xff, 0x0, 0x0,
    0x0, 0x0, 0x0, 0x4, 0xff, 0xf0, 0x0, 0x0,
    0x0, 0x0, 0x0,

    /* U+00FF "ÿ" */
    0x0, 0x4, 0xed, 0x20, 0xa, 0xf8, 0x0, 0x0,
    0x0, 0xcf, 0xf9, 0x4, 0xff, 0xf2, 0x0, 0x0,
    0xa, 0xff, 0x70, 0x2f, 0xff, 0x10, 0x0, 0x0,
    0x18, 0x70, 0x0, 0x48, 0x30, 0x0, 0x0, 0x0,
    0x0, 0x0, 0x0, 0x0, 0x0, 0x5, 0xff, 0xf2,
    0x0, 0x0, 0x0, 0xdf, 0xf9, 0xf, 0xff, 0x70,
    0x0, 0x0, 0x2f, 0xff, 0x40, 0xaf, 0xfc, 0x0,
    0x0, 0x7, 0xff, 0xe0, 0x4, 0xff, 0xf1, 0x0,
    0x0, 0xdf, 0xf8, 0x0, 0xe, 0xff, 0x60, 0x0,
    0x2f, 0xff, 0x30, 0x0, 0x9f, 0xfb, 0x0, 0x7,
    0xff, 0xd0, 0x0, 0x3, 0xff, 0xf1, 0x0, 0xcf,
    0xf7, 0x0, 0x0, 0xd, 0xff, 0x50, 0x1f, 0xff,
    0x20, 0x0, 0x0, 0x8f, 0xfa, 0x6, 0xff, 0xc0,
    0x0, 0x0, 0x2, 0xff, 0xe0, 0xbf, 0xf6, 0x0,
    0x0, 0x0, 0xd, 0xff, 0x3f, 0xff, 0x10, 0x0,
    0x0, 0x0, 0x7f, 0xfa, 0xff, 0xb0, 0x0, 0x0,
    0x0, 0x1, 0xff, 0xff, 0xf5, 0x0, 0x0, 0x0,
    0x0, 0xc, 0xff, 0xff, 0x0, 0x0, 0x0, 0x0,
    0x0, 0x6f, 0xff, 0xa0, 0x0, 0x0, 0x0, 0x0,
    0x3, 0xff, 0xf4, 0x0, 0x0, 0x0, 0x0, 0x0,
    0x7f, 0xfe, 0x0, 0x0, 0x0, 0x0, 0x0, 0x1d,
    0xff, 0x80, 0x0, 0x0, 0x0, 0xc, 0xef, 0xff,
    0xf1, 0x0, 0x0, 0x0, 0x1, 0xff, 0xff, 0xf5,
    0x0, 0x0, 0x0, 0x0, 0x3d, 0xfe, 0xb3, 0x0,
    0x0, 0x0, 0x0,

    /* U+2013 "–" */
    0xdd, 0xdd, 0xdd, 0xdd, 0xdd, 0xdd, 0xdf, 0xff,
    0xff, 0xff, 0xff, 0xff, 0xff, 0xff, 0xff, 0xff,
    0xff, 0xff, 0xff, 0xf0,

    /* U+2019 "’" */
    0xd, 0xff, 0x70, 0xff, 0xf3, 0x2f, 0xfe, 0x4,
    0xff, 0xa0, 0x6f, 0xf5, 0x9, 0xff, 0x10, 0xbf,
    0xc0, 0xd, 0xf8, 0x0,

    /* U+2026 "…" */
    0x1, 0x20, 0x0, 0x0, 0x0, 0x20, 0x0, 0x0,
    0x0, 0x20, 0x5, 0xff, 0x90, 0x0, 0x2, 0xef,
    0xd0, 0x0, 0x0, 0xbf, 0xf3, 0xdf, 0xff, 0x10,
    0x0, 0x8f, 0xff, 0x60, 0x0, 0x4f, 0xff, 0xac,
    0xff, 0xf1, 0x0, 0x7, 0xff, 0xf5, 0x0, 0x3,
    0xff, 0xf9, 0x3d, 0xe6, 0x0, 0x0, 0xb, 0xfa,
    0x0, 0x0, 0x8, 0xfc, 0x10
};


/*---------------------
 *  GLYPH DESCRIPTION
 *--------------------*/

static const lv_font_fmt_txt_glyph_dsc_t glyph_dsc[] = {
    {.bitmap_index = 0, .adv_w = 0, .box_w = 0, .box_h = 0, .ofs_x = 0, .ofs_y = 0} /* id = 0 reserved */,
    {.bitmap_index = 0, .adv_w = 105, .box_w = 0, .box_h = 0, .ofs_x = 0, .ofs_y = 0},
    {.bitmap_index = 0, .adv_w = 134, .box_w = 5, .box_h = 20, .ofs_x = 2, .ofs_y = 0},
    {.bitmap_index = 50, .adv_w = 218, .box_w = 9, .box_h = 8, .ofs_x = 2, .ofs_y = 12},
    {.bitmap_index = 86, .adv_w = 268, .box_w = 17, .box_h = 20, .ofs_x = 0, .ofs_y = 0},
    {.bitmap_index = 256, .adv_w = 271, .box_w = 15, .box_h = 26, .ofs_x = 1, .ofs_y = -3},
    {.bitmap_index = 451, .adv_w = 418, .box_w = 22, .box_h = 20, .ofs_x = 2, .ofs_y = 0},
    {.bitmap_index = 671, .adv_w = 276, .box_w = 17, .box_h = 20, .ofs_x = 1, .ofs_y = 0},
    {.bitmap_index = 841, .adv_w = 135, .box_w = 4, .box_h = 8, .ofs_x = 2, .ofs_y = 12},
    {.bitmap_index = 857, .adv_w = 155, .box_w = 7, .box_h = 25, .ofs_x = 2, .ofs_y = -4},
    {.bitmap_index = 945, .adv_w = 155, .box_w = 8, .box_h = 25, .ofs_x = 0, .ofs_y = -4},
    {.bitmap_index = 1045, .adv_w = 224, .box_w = 12, .box_h = 12, .ofs_x = 1, .ofs_y = 8},
    {.bitmap_index = 1117, .adv_w = 280, .box_w = 14, .box_h = 14, .ofs_x = 2, .ofs_y = 1},
    {.bitmap_index = 1215, .adv_w = 133, .box_w = 6, .box_h = 8, .ofs_x = 1, .ofs_y = -6},
    {.bitmap_index = 1239, .adv_w = 194, .box_w = 10, .box_h = 3, .ofs_x = 1, .ofs_y = 7},
    {.bitmap_index = 1254, .adv_w = 133, .box_w = 5, .box_h = 5, .ofs_x = 2, .ofs_y = 0},
    {.bitmap_index = 1267, .adv_w = 158, .box_w = 10, .box_h = 24, .ofs_x = 0, .ofs_y = -3},
    {.bitmap_index = 1387, .adv_w = 274, .box_w = 15, .box_h = 20, .ofs_x = 1, .ofs_y = 0},
    {.bitmap_index = 1537, .adv_w = 176, .box_w = 9, .box_h = 20, .ofs_x = 1, .ofs_y = 0},
    {.bitmap_index = 1627, .adv_w = 259, .box_w = 14, .box_h = 20, .ofs_x = 1, .ofs_y = 0},
    {.bitmap_index = 1767, .adv_w = 265, .box_w = 15, .box_h = 20, .ofs_x = 1, .ofs_y = 0},
    {.bitmap_index = 1917, .adv_w = 277, .box_w = 16, .box_h = 20, .ofs_x = 1, .ofs_y = 0},
    {.bitmap_index = 2077, .adv_w = 255, .box_w = 14, .box_h = 20, .ofs_x = 1, .ofs_y = 0},
    {.bitmap_index = 2217, .adv_w = 266, .box_w = 15, .box_h = 20, .ofs_x = 1, .ofs_y = 0},
    {.bitmap_index = 2367, .adv_w = 240, .box_w = 13, .box_h = 20, .ofs_x = 1, .ofs_y = 0},
    {.bitmap_index = 2497, .adv_w = 266, .box_w = 15, .box_h = 20, .ofs_x = 1, .ofs_y = 0},
    {.bitmap_index = 2647, .adv_w = 266, .box_w = 15, .box_h = 20, .ofs_x = 1, .ofs_y = 0},
    {.bitmap_index = 2797, .adv_w = 133, .box_w = 5, .box_h = 15, .ofs_x = 2, .ofs_y = 0},
    {.bitmap_index = 2835, .adv_w = 137, .box_w = 6, .box_h = 20, .ofs_x = 1, .ofs_y = -6},
    {.bitmap_index = 2895, .adv_w = 280, .box_w = 13, .box_h = 16, .ofs_x = 2, .ofs_y = 0},
    {.bitmap_index = 2999, .adv_w = 280, .box_w = 13, .box_h = 9, .ofs_x = 2, .ofs_y = 3},
    {.bitmap_index = 3058, .adv_w = 280, .box_w = 14, .box_h = 16, .ofs_x = 2, .ofs_y = 0},
    {.bitmap_index = 3170, .adv_w = 226, .box_w = 12, .box_h = 20, .ofs_x = 1, .ofs_y = 0},
    {.bitmap_index = 3290, .adv_w = 416, .box_w = 24, .box_h = 26, .ofs_x = 1, .ofs_y = -6},
    {.bitmap_index = 3602, .adv_w = 303, .box_w = 19, .box_h = 20, .ofs_x = 0, .ofs_y = 0},
    {.bitmap_index = 3792, .adv_w = 274, .box_w = 15, .box_h = 20, .ofs_x = 1, .ofs_y = 0},
    {.bitmap_index = 3942, .adv_w = 307, .box_w = 17, .box_h = 20, .ofs_x = 1, .ofs_y = 0},
    {.bitmap_index = 4112, .adv_w = 300, .box_w = 17, .box_h = 20, .ofs_x = 1, .ofs_y = 0},
    {.bitmap_index = 4282, .adv_w = 252, .box_w = 14, .box_h = 20, .ofs_x = 1, .ofs_y = 0},
    {.bitmap_index = 4422, .adv_w = 245, .box_w = 14, .box_h = 20, .ofs_x = 1, .ofs_y = 0},
    {.bitmap_index = 4562, .adv_w = 312, .box_w = 18, .box_h = 20, .ofs_x = 1, .ofs_y = 0},
    {.bitmap_index = 4742, .adv_w = 310, .box_w = 17, .box_h = 20, .ofs_x = 1, .ofs_y = 0},
    {.bitmap_index = 4912, .adv_w = 115, .box_w = 5, .box_h = 20, .ofs_x = 1, .ofs_y = 0},
    {.bitmap_index = 4962, .adv_w = 241, .box_w = 14, .box_h = 20, .ofs_x = 0, .ofs_y = 0},
    {.bitmap_index = 5102, .adv_w = 293, .box_w = 17, .box_h = 20, .ofs_x = 1, .ofs_y = 0},
    {.bitmap_index = 5272, .adv_w = 235, .box_w = 13, .box_h = 20, .ofs_x = 1, .ofs_y = 0},
    {.bitmap_index = 5402, .adv_w = 384, .box_w = 22, .box_h = 20, .ofs_x = 1, .ofs_y = 0},
    {.bitmap_index = 5622, .adv_w = 316, .box_w = 17, .box_h = 20, .ofs_x = 1, .ofs_y = 0},
    {.bitmap_index = 5792, .adv_w = 320, .box_w = 18, .box_h = 20, .ofs_x = 1, .ofs_y = 0},
    {.bitmap_index = 5972, .adv_w = 268, .box_w = 15, .box_h = 20, .ofs_x = 1, .ofs_y = 0},
    {.bitmap_index = 6122, .adv_w = 322, .box_w = 18, .box_h = 22, .ofs_x = 1, .ofs_y = -2},
    {.bitmap_index = 6320, .adv_w = 271, .box_w = 16, .box_h = 20, .ofs_x = 1, .ofs_y = 0},
    {.bitmap_index = 6480, .adv_w = 271, .box_w = 15, .box_h = 20, .ofs_x = 1, .ofs_y = 0},
    {.bitmap_index = 6630, .adv_w = 275, .box_w = 16, .box_h = 20, .ofs_x = 1, .ofs_y = 0},
    {.bitmap_index = 6790, .adv_w = 306, .box_w = 17, .box_h = 20, .ofs_x = 1, .ofs_y = 0},
    {.bitmap_index = 6960, .adv_w = 303, .box_w = 19, .box_h = 20, .ofs_x = 0, .ofs_y = 0},
    {.bitmap_index = 7150, .adv_w = 424, .box_w = 26, .box_h = 20, .ofs_x = 0, .ofs_y = 0},
    {.bitmap_index = 7410, .adv_w = 299, .box_w = 19, .box_h = 20, .ofs_x = 0, .ofs_y = 0},
    {.bitmap_index = 7600, .adv_w = 297, .box_w = 18, .box_h = 20, .ofs_x = 0, .ofs_y = 0},
    {.bitmap_index = 7780, .adv_w = 271, .box_w = 15, .box_h = 20, .ofs_x = 1, .ofs_y = 0},
    {.bitmap_index = 7930, .adv_w = 155, .box_w = 7, .box_h = 25, .ofs_x = 2, .ofs_y = -4},
    {.bitmap_index = 8018, .adv_w = 158, .box_w = 10, .box_h = 24, .ofs_x = 0, .ofs_y = -3},
    {.bitmap_index = 8138, .adv_w = 155, .box_w = 7, .box_h = 25, .ofs_x = 1, .ofs_y = -4},
    {.bitmap_index = 8226, .adv_w = 200, .box_w = 12, .box_h = 9, .ofs_x = 0, .ofs_y = 11},
    {.bitmap_index = 8280, .adv_w = 195, .box_w = 13, .box_h = 3, .ofs_x = 0, .ofs_y = -3},
    {.bitmap_index = 8300, .adv_w = 146, .box_w = 5, .box_h = 5, .ofs_x = 2, .ofs_y = 17},
    {.bitmap_index = 8313, .adv_w = 239, .box_w = 14, .box_h = 15, .ofs_x = 0, .ofs_y = 0},
    {.bitmap_index = 8418, .adv_w = 260, .box_w = 15, .box_h = 20, .ofs_x = 1, .ofs_y = 0},
    {.bitmap_index = 8568, .adv_w = 242, .box_w = 14, .box_h = 15, .ofs_x = 1, .ofs_y = 0},
    {.bitmap_index = 8673, .adv_w = 260, .box_w = 14, .box_h = 20, .ofs_x = 1, .ofs_y = 0},
    {.bitmap_index = 8813, .adv_w = 246, .box_w = 14, .box_h = 15, .ofs_x = 1, .ofs_y = 0},
    {.bitmap_index = 8918, .adv_w = 162, .box_w = 10, .box_h = 21, .ofs_x = 0, .ofs_y = 0},
    {.bitmap_index = 9023, .adv_w = 260, .box_w = 14, .box_h = 21, .ofs_x = 1, .ofs_y = -6},
    {.bitmap_index = 9170, .adv_w = 255, .box_w = 14, .box_h = 20, .ofs_x = 1, .ofs_y = 0},
    {.bitmap_index = 9310, .adv_w = 109, .box_w = 5, .box_h = 21, .ofs_x = 1, .ofs_y = 0},
    {.bitmap_index = 9363, .adv_w = 109, .box_w = 7, .box_h = 26, .ofs_x = -1, .ofs_y = -6},
    {.bitmap_index = 9454, .adv_w = 237, .box_w = 14, .box_h = 20, .ofs_x = 1, .ofs_y = 0},
    {.bitmap_index = 9594, .adv_w = 109, .box_w = 5, .box_h = 20, .ofs_x = 1, .ofs_y = 0},
    {.bitmap_index = 9644, .adv_w = 375, .box_w = 21, .box_h = 15, .ofs_x = 1, .ofs_y = 0},
    {.bitmap_index = 9802, .adv_w = 255, .box_w = 14, .box_h = 15, .ofs_x = 1, .ofs_y = 0},
    {.bitmap_index = 9907, .adv_w = 253, .box_w = 14, .box_h = 15, .ofs_x = 1, .ofs_y = 0},
    {.bitmap_index = 10012, .adv_w = 260, .box_w = 15, .box_h = 21, .ofs_x = 1, .ofs_y = -6},
    {.bitmap_index = 10170, .adv_w = 260, .box_w = 14, .box_h = 21, .ofs_x = 1, .ofs_y = -6},
    {.bitmap_index = 10317, .adv_w = 165, .box_w = 9, .box_h = 16, .ofs_x = 1, .ofs_y = 0},
    {.bitmap_index = 10389, .adv_w = 229, .box_w = 13, .box_h = 15, .ofs_x = 1, .ofs_y = 0},
    {.bitmap_index = 10487, .adv_w = 147, .box_w = 9, .box_h = 19, .ofs_x = 0, .ofs_y = 0},
    {.bitmap_index = 10573, .adv_w = 255, .box_w = 14, .box_h = 15, .ofs_x = 1, .ofs_y = 0},
    {.bitmap_index = 10678, .adv_w = 244, .box_w = 15, .box_h = 15, .ofs_x = 0, .ofs_y = 0},
    {.bitmap_index = 10791, .adv_w = 349, .box_w = 22, .box_h = 15, .ofs_x = 0, .ofs_y = 0},
    {.bitmap_index = 10956, .adv_w = 237, .box_w = 15, .box_h = 15, .ofs_x = 0, .ofs_y = 0},
    {.bitmap_index = 11069, .adv_w = 245, .box_w = 15, .box_h = 21, .ofs_x = 0, .ofs_y = -6},
    {.bitmap_index = 11227, .adv_w = 235, .box_w = 13, .box_h = 15, .ofs_x = 1, .ofs_y = 0},
    {.bitmap_index = 11325, .adv_w = 189, .box_w = 10, .box_h = 25, .ofs_x = 1, .ofs_y = -4},
    {.bitmap_index = 11450, .adv_w = 149, .box_w = 4, .box_h = 33, .ofs_x = 3, .ofs_y = -6},
    {.bitmap_index = 11516, .adv_w = 189, .box_w = 10, .box_h = 25, .ofs_x = 1, .ofs_y = -4},
    {.bitmap_index = 11641, .adv_w = 280, .box_w = 15, .box_h = 6, .ofs_x = 1, .ofs_y = 5},
    {.bitmap_index = 11686, .adv_w = 105, .box_w = 0, .box_h = 0, .ofs_x = 0, .ofs_y = 0},
    {.bitmap_index = 11686, .adv_w = 134, .box_w = 5, .box_h = 20, .ofs_x = 2, .ofs_y = -5},
    {.bitmap_index = 11736, .adv_w = 242, .box_w = 14, .box_h = 20, .ofs_x = 1, .ofs_y = 0},
    {.bitmap_index = 11876, .adv_w = 262, .box_w = 15, .box_h = 20, .ofs_x = 1, .ofs_y = 0},
    {.bitmap_index = 12026, .adv_w = 312, .box_w = 17, .box_h = 18, .ofs_x = 1, .ofs_y = -1},
    {.bitmap_index = 12179, .adv_w = 234, .box_w = 15, .box_h = 20, .ofs_x = 0, .ofs_y = 0},
    {.bitmap_index = 12329, .adv_w = 131, .box_w = 4, .box_h = 24, .ofs_x = 2, .ofs_y = -4},
    {.bitmap_index = 12377, .adv_w = 236, .box_w = 13, .box_h = 24, .ofs_x = 1, .ofs_y = -4},
    {.bitmap_index = 12533, .adv_w = 255, .box_w = 10, .box_h = 4, .ofs_x = 3, .ofs_y = 17},
    {.bitmap_index = 12553, .adv_w = 380, .box_w = 20, .box_h = 20, .ofs_x = 2, .ofs_y = 0},
    {.bitmap_index = 12753, .adv_w = 192, .box_w = 11, .box_h = 11, .ofs_x = 0, .ofs_y = 9},
    {.bitmap_index = 12814, .adv_w = 264, .box_w = 15, .box_h = 13, .ofs_x = 1, .ofs_y = 2},
    {.bitmap_index = 12912, .adv_w = 280, .box_w = 12, .box_h = 7, .ofs_x = 2, .ofs_y = 3},
    {.bitmap_index = 12954, .adv_w = 276, .box_w = 16, .box_h = 15, .ofs_x = 1, .ofs_y = 5},
    {.bitmap_index = 13074, .adv_w = 188, .box_w = 8, .box_h = 3, .ofs_x = 2, .ofs_y = 18},
    {.bitmap_index = 13086, .adv_w = 191, .box_w = 10, .box_h = 10, .ofs_x = 1, .ofs_y = 11},
    {.bitmap_index = 13136, .adv_w = 280, .box_w = 14, .box_h = 14, .ofs_x = 2, .ofs_y = 1},
    {.bitmap_index = 13234, .adv_w = 189, .box_w = 10, .box_h = 10, .ofs_x = 1, .ofs_y = 12},
    {.bitmap_index = 13284, .adv_w = 193, .box_w = 10, .box_h = 10, .ofs_x = 1, .ofs_y = 12},
    {.bitmap_index = 13334, .adv_w = 146, .box_w = 6, .box_h = 5, .ofs_x = 2, .ofs_y = 17},
    {.bitmap_index = 13349, .adv_w = 256, .box_w = 15, .box_h = 21, .ofs_x = 1, .ofs_y = -6},
    {.bitmap_index = 13507, .adv_w = 250, .box_w = 13, .box_h = 20, .ofs_x = 1, .ofs_y = 0},
    {.bitmap_index = 13637, .adv_w = 133, .box_w = 5, .box_h = 5, .ofs_x = 2, .ofs_y = 7},
    {.bitmap_index = 13650, .adv_w = 138, .box_w = 6, .box_h = 6, .ofs_x = 2, .ofs_y = -6},
    {.bitmap_index = 13668, .adv_w = 135, .box_w = 6, .box_h = 10, .ofs_x = 1, .ofs_y = 12},
    {.bitmap_index = 13698, .adv_w = 203, .box_w = 12, .box_h = 11, .ofs_x = 0, .ofs_y = 9},
    {.bitmap_index = 13764, .adv_w = 264, .box_w = 16, .box_h = 13, .ofs_x = 0, .ofs_y = 2},
    {.bitmap_index = 13868, .adv_w = 346, .box_w = 20, .box_h = 20, .ofs_x = 1, .ofs_y = 0},
    {.bitmap_index = 14068, .adv_w = 362, .box_w = 21, .box_h = 20, .ofs_x = 1, .ofs_y = 0},
    {.bitmap_index = 14278, .adv_w = 377, .box_w = 22, .box_h = 21, .ofs_x = 1, .ofs_y = 0},
    {.bitmap_index = 14509, .adv_w = 226, .box_w = 13, .box_h = 21, .ofs_x = 1, .ofs_y = -6},
    {.bitmap_index = 14646, .adv_w = 303, .box_w = 19, .box_h = 26, .ofs_x = 0, .ofs_y = 0},
    {.bitmap_index = 14893, .adv_w = 303, .box_w = 19, .box_h = 26, .ofs_x = 0, .ofs_y = 0},
    {.bitmap_index = 15140, .adv_w = 303, .box_w = 19, .box_h = 26, .ofs_x = 0, .ofs_y = 0},
    {.bitmap_index = 15387, .adv_w = 303, .box_w = 19, .box_h = 26, .ofs_x = 0, .ofs_y = 0},
    {.bitmap_index = 15634, .adv_w = 303, .box_w = 19, .box_h = 26, .ofs_x = 0, .ofs_y = 0},
    {.bitmap_index = 15881, .adv_w = 303, .box_w = 19, .box_h = 27, .ofs_x = 0, .ofs_y = 0},
    {.bitmap_index = 16138, .adv_w = 421, .box_w = 25, .box_h = 20, .ofs_x = 0, .ofs_y = 0},
    {.bitmap_index = 16388, .adv_w = 307, .box_w = 17, .box_h = 26, .ofs_x = 1, .ofs_y = -6},
    {.bitmap_index = 16609, .adv_w = 252, .box_w = 14, .box_h = 26, .ofs_x = 1, .ofs_y = 0},
    {.bitmap_index = 16791, .adv_w = 252, .box_w = 14, .box_h = 26, .ofs_x = 1, .ofs_y = 0},
    {.bitmap_index = 16973, .adv_w = 252, .box_w = 14, .box_h = 26, .ofs_x = 1, .ofs_y = 0},
    {.bitmap_index = 17155, .adv_w = 252, .box_w = 14, .box_h = 26, .ofs_x = 1, .ofs_y = 0},
    {.bitmap_index = 17337, .adv_w = 115, .box_w = 7, .box_h = 26, .ofs_x = -1, .ofs_y = 0},
    {.bitmap_index = 17428, .adv_w = 115, .box_w = 7, .box_h = 26, .ofs_x = 1, .ofs_y = 0},
    {.bitmap_index = 17519, .adv_w = 115, .box_w = 11, .box_h = 26, .ofs_x = -2, .ofs_y = 0},
    {.bitmap_index = 17662, .adv_w = 115, .box_w = 10, .box_h = 26, .ofs_x = -1, .ofs_y = 0},
    {.bitmap_index = 17792, .adv_w = 313, .box_w = 19, .box_h = 20, .ofs_x = 0, .ofs_y = 0},
    {.bitmap_index = 17982, .adv_w = 316, .box_w = 17, .box_h = 26, .ofs_x = 1, .ofs_y = 0},
    {.bitmap_index = 18203, .adv_w = 320, .box_w = 18, .box_h = 26, .ofs_x = 1, .ofs_y = 0},
    {.bitmap_index = 18437, .adv_w = 320, .box_w = 18, .box_h = 26, .ofs_x = 1, .ofs_y = 0},
    {.bitmap_index = 18671, .adv_w = 320, .box_w = 18, .box_h = 26, .ofs_x = 1, .ofs_y = 0},
    {.bitmap_index = 18905, .adv_w = 320, .box_w = 18, .box_h = 26, .ofs_x = 1, .ofs_y = 0},
    {.bitmap_index = 19139, .adv_w = 320, .box_w = 18, .box_h = 26, .ofs_x = 1, .ofs_y = 0},
    {.bitmap_index = 19373, .adv_w = 280, .box_w = 14, .box_h = 14, .ofs_x = 2, .ofs_y = 1},
    {.bitmap_index = 19471, .adv_w = 320, .box_w = 18, .box_h = 22, .ofs_x = 1, .ofs_y = -1},
    {.bitmap_index = 19669, .adv_w = 306, .box_w = 17, .box_h = 26, .ofs_x = 1, .ofs_y = 0},
    {.bitmap_index = 19890, .adv_w = 306, .box_w = 17, .box_h = 26, .ofs_x = 1, .ofs_y = 0},
    {.bitmap_index = 20111, .adv_w = 306, .box_w = 17, .box_h = 26, .ofs_x = 1, .ofs_y = 0},
    {.bitmap_index = 20332, .adv_w = 306, .box_w = 17, .box_h = 26, .ofs_x = 1, .ofs_y = 0},
    {.bitmap_index = 20553, .adv_w = 297, .box_w = 18, .box_h = 26, .ofs_x = 0, .ofs_y = 0},
    {.bitmap_index = 20787, .adv_w = 274, .box_w = 15, .box_h = 20, .ofs_x = 1, .ofs_y = 0},
    {.bitmap_index = 20937, .adv_w = 268, .box_w = 15, .box_h = 20, .ofs_x = 1, .ofs_y = 0},
    {.bitmap_index = 21087, .adv_w = 239, .box_w = 14, .box_h = 22, .ofs_x = 0, .ofs_y = 0},
    {.bitmap_index = 21241, .adv_w = 239, .box_w = 14, .box_h = 22, .ofs_x = 0, .ofs_y = 0},
    {.bitmap_index = 21395, .adv_w = 239, .box_w = 14, .box_h = 21, .ofs_x = 0, .ofs_y = 0},
    {.bitmap_index = 21542, .adv_w = 239, .box_w = 14, .box_h = 20, .ofs_x = 0, .ofs_y = 0},
    {.bitmap_index = 21682, .adv_w = 239, .box_w = 14, .box_h = 21, .ofs_x = 0, .ofs_y = 0},
    {.bitmap_index = 21829, .adv_w = 239, .box_w = 14, .box_h = 23, .ofs_x = 0, .ofs_y = 0},
    {.bitmap_index = 21990, .adv_w = 380, .box_w = 23, .box_h = 15, .ofs_x = 0, .ofs_y = 0},
    {.bitmap_index = 22163, .adv_w = 242, .box_w = 14, .box_h = 21, .ofs_x = 1, .ofs_y = -6},
    {.bitmap_index = 22310, .adv_w = 246, .box_w = 14, .box_h = 22, .ofs_x = 1, .ofs_y = 0},
    {.bitmap_index = 22464, .adv_w = 246, .box_w = 14, .box_h = 22, .ofs_x = 1, .ofs_y = 0},
    {.bitmap_index = 22618, .adv_w = 246, .box_w = 14, .box_h = 21, .ofs_x = 1, .ofs_y = 0},
    {.bitmap_index = 22765, .adv_w = 246, .box_w = 14, .box_h = 21, .ofs_x = 1, .ofs_y = 0},
    {.bitmap_index = 22912, .adv_w = 109, .box_w = 7, .box_h = 21, .ofs_x = -1, .ofs_y = 0},
    {.bitmap_index = 22986, .adv_w = 109, .box_w = 7, .box_h = 21, .ofs_x = 1, .ofs_y = 0},
    {.bitmap_index = 23060, .adv_w = 109, .box_w = 11, .box_h = 21, .ofs_x = -2, .ofs_y = 0},
    {.bitmap_index = 23176, .adv_w = 109, .box_w = 10, .box_h = 21, .ofs_x = -2, .ofs_y = 0},
    {.bitmap_index = 23281, .adv_w = 247, .box_w = 14, .box_h = 22, .ofs_x = 1, .ofs_y = 0},
    {.bitmap_index = 23435, .adv_w = 255, .box_w = 14, .box_h = 20, .ofs_x = 1, .ofs_y = 0},
    {.bitmap_index = 23575, .adv_w = 253, .box_w = 14, .box_h = 22, .ofs_x = 1, .ofs_y = 0},
    {.bitmap_index = 23729, .adv_w = 253, .box_w = 14, .box_h = 22, .ofs_x = 1, .ofs_y = 0},
    {.bitmap_index = 23883, .adv_w = 253, .box_w = 14, .box_h = 21, .ofs_x = 1, .ofs_y = 0},
    {.bitmap_index = 24030, .adv_w = 253, .box_w = 14, .box_h = 20, .ofs_x = 1, .ofs_y = 0},
    {.bitmap_index = 24170, .adv_w = 253, .box_w = 14, .box_h = 21, .ofs_x = 1, .ofs_y = 0},
    {.bitmap_index = 24317, .adv_w = 280, .box_w = 14, .box_h = 15, .ofs_x = 2, .ofs_y = 0},
    {.bitmap_index = 24422, .adv_w = 253, .box_w = 14, .box_h = 17, .ofs_x = 1, .ofs_y = -1},
    {.bitmap_index = 24541, .adv_w = 255, .box_w = 14, .box_h = 21, .ofs_x = 1, .ofs_y = 0},
    {.bitmap_index = 24688, .adv_w = 255, .box_w = 14, .box_h = 21, .ofs_x = 1, .ofs_y = 0},
    {.bitmap_index = 24835, .adv_w = 255, .box_w = 14, .box_h = 21, .ofs_x = 1, .ofs_y = 0},
    {.bitmap_index = 24982, .adv_w = 255, .box_w = 14, .box_h = 21, .ofs_x = 1, .ofs_y = 0},
    {.bitmap_index = 25129, .adv_w = 245, .box_w = 15, .box_h = 27, .ofs_x = 0, .ofs_y = -6},
    {.bitmap_index = 25332, .adv_w = 260, .box_w = 15, .box_h = 26, .ofs_x = 1, .ofs_y = -6},
    {.bitmap_index = 25527, .adv_w = 245, .box_w = 15, .box_h = 26, .ofs_x = 0, .ofs_y = -6},
    {.bitmap_index = 25722, .adv_w = 208, .box_w = 13, .box_h = 3, .ofs_x = 0, .ofs_y = 7},
    {.bitmap_index = 25742, .adv_w = 122, .box_w = 5, .box_h = 8, .ofs_x = 2, .ofs_y = 12},
    {.bitmap_index = 25762, .adv_w = 398, .box_w = 21, .box_h = 5, .ofs_x = 2, .ofs_y = 0}
};

/*---------------------
 *  CHARACTER MAPPING
 *--------------------*/

static const uint16_t unicode_list_3[] = {
    0x0, 0x6, 0x13
};

/*Collect the unicode lists and glyph_id offsets*/
static const lv_font_fmt_txt_cmap_t cmaps[] =
{
    {
        .range_start = 32, .range_length = 95, .glyph_id_start = 1,
        .unicode_list = NULL, .glyph_id_ofs_list = NULL, .list_length = 0, .type = LV_FONT_FMT_TXT_CMAP_FORMAT0_TINY
    },
    {
        .range_start = 160, .range_length = 13, .glyph_id_start = 96,
        .unicode_list = NULL, .glyph_id_ofs_list = NULL, .list_length = 0, .type = LV_FONT_FMT_TXT_CMAP_FORMAT0_TINY
    },
    {
        .range_start = 174, .range_length = 82, .glyph_id_start = 109,
        .unicode_list = NULL, .glyph_id_ofs_list = NULL, .list_length = 0, .type = LV_FONT_FMT_TXT_CMAP_FORMAT0_TINY
    },
    {
        .range_start = 8211, .range_length = 20, .glyph_id_start = 191,
        .unicode_list = unicode_list_3, .glyph_id_ofs_list = NULL, .list_length = 3, .type = LV_FONT_FMT_TXT_CMAP_SPARSE_TINY
    }
};

/*-----------------
 *    KERNING
 *----------------*/


/*Pair left and right glyphs for kerning*/
static const uint8_t kern_pair_glyph_ids[] =
{
    3, 7,
    3, 13,
    3, 15,
    3, 21,
    3, 98,
    3, 193,
    6, 192,
    7, 3,
    7, 8,
    7, 61,
    7, 109,
    8, 7,
    8, 13,
    8, 15,
    8, 21,
    8, 98,
    8, 193,
    9, 93,
    9, 98,
    11, 7,
    11, 13,
    11, 15,
    11, 21,
    11, 33,
    11, 64,
    11, 105,
    11, 193,
    12, 19,
    12, 20,
    12, 24,
    12, 61,
    12, 117,
    13, 1,
    13, 2,
    13, 3,
    13, 8,
    13, 17,
    13, 18,
    13, 20,
    13, 22,
    13, 23,
    13, 24,
    13, 25,
    13, 26,
    13, 32,
    13, 33,
    13, 105,
    13, 117,
    13, 192,
    14, 19,
    14, 20,
    14, 24,
    14, 61,
    14, 117,
    15, 1,
    15, 2,
    15, 3,
    15, 8,
    15, 17,
    15, 18,
    15, 20,
    15, 22,
    15, 23,
    15, 24,
    15, 25,
    15, 26,
    15, 32,
    15, 33,
    15, 105,
    15, 117,
    15, 192,
    16, 13,
    16, 15,
    16, 61,
    16, 193,
    17, 13,
    17, 15,
    17, 24,
    17, 61,
    17, 64,
    17, 193,
    18, 10,
    18, 62,
    18, 64,
    18, 94,
    19, 21,
    20, 11,
    20, 13,
    20, 15,
    20, 63,
    20, 107,
    20, 111,
    20, 193,
    21, 11,
    21, 13,
    21, 15,
    21, 18,
    21, 63,
    21, 109,
    21, 111,
    21, 117,
    21, 193,
    22, 11,
    22, 13,
    22, 15,
    22, 63,
    22, 109,
    22, 111,
    22, 193,
    23, 13,
    23, 15,
    23, 64,
    23, 193,
    24, 4,
    24, 7,
    24, 13,
    24, 15,
    24, 17,
    24, 20,
    24, 21,
    24, 22,
    24, 23,
    24, 24,
    24, 25,
    24, 26,
    24, 27,
    24, 28,
    24, 29,
    24, 64,
    24, 98,
    24, 107,
    24, 193,
    25, 11,
    25, 13,
    25, 15,
    25, 63,
    25, 107,
    25, 111,
    25, 193,
    26, 13,
    26, 15,
    26, 24,
    26, 61,
    26, 64,
    26, 193,
    27, 61,
    28, 61,
    30, 61,
    31, 24,
    31, 61,
    33, 13,
    33, 15,
    33, 16,
    33, 61,
    33, 64,
    33, 109,
    33, 193,
    60, 93,
    60, 98,
    61, 3,
    61, 5,
    61, 8,
    61, 11,
    61, 12,
    61, 14,
    61, 16,
    61, 18,
    61, 29,
    61, 30,
    61, 32,
    61, 33,
    61, 61,
    61, 63,
    61, 95,
    61, 98,
    61, 105,
    61, 107,
    61, 108,
    61, 109,
    61, 111,
    61, 112,
    61, 117,
    61, 118,
    61, 122,
    61, 150,
    61, 182,
    61, 192,
    63, 7,
    63, 13,
    63, 15,
    63, 21,
    63, 33,
    63, 64,
    63, 105,
    63, 193,
    64, 11,
    64, 17,
    64, 18,
    64, 20,
    64, 21,
    64, 22,
    64, 23,
    64, 25,
    64, 26,
    64, 33,
    64, 61,
    64, 63,
    64, 93,
    64, 105,
    64, 111,
    64, 117,
    92, 93,
    92, 98,
    93, 10,
    93, 62,
    93, 64,
    93, 94,
    95, 19,
    95, 20,
    95, 24,
    95, 61,
    95, 117,
    97, 61,
    98, 3,
    98, 8,
    98, 10,
    98, 18,
    98, 61,
    98, 62,
    98, 94,
    98, 109,
    98, 192,
    105, 13,
    105, 15,
    105, 16,
    105, 61,
    105, 64,
    105, 109,
    105, 193,
    109, 7,
    109, 21,
    109, 33,
    109, 98,
    109, 105,
    111, 7,
    111, 13,
    111, 15,
    111, 21,
    111, 33,
    111, 64,
    111, 105,
    111, 193,
    112, 61,
    116, 12,
    116, 14,
    116, 16,
    116, 29,
    116, 64,
    116, 95,
    116, 108,
    116, 118,
    116, 182,
    116, 192,
    117, 10,
    117, 62,
    117, 64,
    117, 94,
    118, 19,
    118, 20,
    118, 24,
    118, 61,
    118, 117,
    122, 18,
    122, 19,
    122, 20,
    122, 24,
    122, 25,
    122, 61,
    126, 61,
    126, 192,
    150, 61,
    182, 19,
    182, 20,
    182, 24,
    182, 61,
    182, 117,
    192, 4,
    192, 7,
    192, 12,
    192, 13,
    192, 14,
    192, 15,
    192, 16,
    192, 17,
    192, 21,
    192, 23,
    192, 24,
    192, 25,
    192, 27,
    192, 28,
    192, 29,
    192, 30,
    192, 33,
    192, 64,
    192, 95,
    192, 98,
    192, 105,
    192, 107,
    192, 108,
    192, 112,
    192, 116,
    192, 117,
    192, 118,
    192, 126,
    192, 182,
    192, 193,
    193, 1,
    193, 2,
    193, 3,
    193, 8,
    193, 17,
    193, 18,
    193, 20,
    193, 22,
    193, 23,
    193, 24,
    193, 25,
    193, 26,
    193, 32,
    193, 33,
    193, 105,
    193, 117,
    193, 192
};

/* Kerning between the respective left and right glyphs
 * 4.4 format which needs to scaled with `kern_scale`*/
static const int8_t kern_pair_values[] =
{
    -14, -36, -36, -26, -8, -36, -28, -14,
    -14, -26, -9, -14, -36, -36, -26, -8,
    -36, 5, -3, -14, -57, -57, -19, -6,
    -28, -6, -57, -11, -3, -11, -19, -4,
    -9, -3, -39, -39, -12, -37, -10, -4,
    -12, -9, -11, -4, -37, -18, -18, -21,
    -34, -11, -3, -11, -19, -4, -9, -3,
    -39, -39, -12, -37, -10, -4, -12, -9,
    -11, -4, -37, -18, -18, -21, -34, -16,
    -16, 2, -16, -12, -12, -8, -9, -19,
    -12, 5, 5, 5, 5, -6, -4, -9,
    -9, -4, -14, -4, -9, -13, -14, -14,
    -13, -13, -2, -13, -18, -14, -1, -10,
    -10, -1, -2, -1, -10, -13, -13, -19,
    -13, -24, -19, -52, -52, -6, -7, -24,
    -4, -6, 8, -6, -4, -14, -14, -38,
    -66, -21, -26, -52, -4, -9, -9, -4,
    -14, -4, -9, -12, -12, -8, -9, -19,
    -12, -26, -26, -28, -31, -31, -18, -18,
    -16, -16, -16, -2, -18, 5, -3, -33,
    -4, -33, -37, -14, -14, 6, -18, -11,
    -21, -26, -16, -20, -37, -14, -6, -16,
    -14, -14, -29, -37, -21, -21, -14, -14,
    -14, -14, -24, -14, -57, -57, -19, -6,
    -28, -6, -57, -28, -19, -45, -19, -24,
    -19, -19, -19, -19, -16, -33, -28, 14,
    -16, -28, -19, 5, -3, 5, 5, 5,
    5, -11, -3, -11, -19, -4, -14, -8,
    -8, -5, -14, -24, -5, -5, -5, -9,
    -18, -18, -16, -16, -16, -2, -18, -14,
    -21, -2, -12, -2, -14, -57, -57, -19,
    -6, -28, -6, -57, -28, -16, -16, -14,
    -16, -14, -16, -14, -16, -16, 6, 5,
    5, 5, 5, -11, -3, -11, -16, -4,
    -16, -21, -19, -21, -14, -26, -43, -14,
    -16, -11, -3, -11, -19, -4, -52, -28,
    -23, -50, -23, -50, -59, -19, -40, -19,
    -26, -16, -24, -24, -40, -24, -24, -16,
    -19, -26, -24, -35, -23, -24, -19, -5,
    -23, -28, -23, -50, -9, -3, -39, -39,
    -12, -37, -10, -4, -12, -9, -11, -4,
    -37, -18, -18, -21, -34
};

/*Collect the kern pair's data in one place*/
static const lv_font_fmt_txt_kern_pair_t kern_pairs =
{
    .glyph_ids = kern_pair_glyph_ids,
    .values = kern_pair_values,
    .pair_cnt = 333,
    .glyph_ids_size = 0
};

/*--------------------
 *  ALL CUSTOM DATA
 *--------------------*/

#if LVGL_VERSION_MAJOR == 8
/*Store all the custom data of the font*/
static  lv_font_fmt_txt_glyph_cache_t cache;
#endif

#if LVGL_VERSION_MAJOR >= 8
static const lv_font_fmt_txt_dsc_t font_dsc = {
#else
static lv_font_fmt_txt_dsc_t font_dsc = {
#endif
    .glyph_bitmap = glyph_bitmap,
    .glyph_dsc = glyph_dsc,
    .cmaps = cmaps,
    .kern_dsc = &kern_pairs,
    .kern_scale = 16,
    .cmap_num = 4,
    .bpp = 4,
    .kern_classes = 0,
    .bitmap_format = 0,
#if LVGL_VERSION_MAJOR == 8
    .cache = &cache
#endif
};



/*-----------------
 *  PUBLIC FONT
 *----------------*/

/*Initialize a public general font descriptor*/
#if LVGL_VERSION_MAJOR >= 8
const lv_font_t ui_font_26 = {
#else
lv_font_t ui_font_26 = {
#endif
    .get_glyph_dsc = lv_font_get_glyph_dsc_fmt_txt,    /*Function pointer to get glyph's data*/
    .get_glyph_bitmap = lv_font_get_bitmap_fmt_txt,    /*Function pointer to get glyph's bitmap*/
    .line_height = 33,          /*The maximum line height required by the font*/
    .base_line = 6,             /*Baseline measured from the bottom of the line*/
#if !(LVGL_VERSION_MAJOR == 6 && LVGL_VERSION_MINOR == 0)
    .subpx = LV_FONT_SUBPX_NONE,
#endif
#if LV_VERSION_CHECK(7, 4, 0) || LVGL_VERSION_MAJOR >= 8
    .underline_position = -4,
    .underline_thickness = 2,
#endif
    .dsc = &font_dsc,          /*The custom font data. Will be accessed by `get_glyph_bitmap/dsc` */
#if LV_VERSION_CHECK(8, 2, 0) || LVGL_VERSION_MAJOR >= 9
    .fallback = NULL,
#endif
    .user_data = NULL,
};



#endif /*#if UI_FONT_26*/

